split,domain,model,selected,diagnostic_only,n_tasks,spearman_ci_low,spearman_ci_high,risk_at_50_ci_low,risk_at_50_ci_high,spearman,pearson,mae,risk_at_25,risk_at_50,risk_at_75,risk_at_100,full_risk,relative_risk_reduction_at_50
FINAL,piecewise_exponential,B0_constant,False,False,20,0.0,0.0,0.20517155824780506,0.2781465115385579,,,0.07289789406074293,0.244157482957658,0.244157482957658,0.244157482957658,0.244157482957658,0.244157482957658,0.0
FINAL,piecewise_exponential,B1_metadata_ridge,False,False,20,-0.066876549847557,0.7885449347996064,0.16111700446769095,0.2665710199411572,0.44561563971112694,0.5870006925330343,0.06300451993725216,0.2001242236024845,0.22466982674076497,0.22384762067922653,0.24415748295765796,0.24415748295765796,0.07981592855899716
FINAL,piecewise_exponential,B2_ood_only,False,False,20,-0.24635241812622893,0.7336495835594298,0.167388899037876,0.2754032467532468,0.31087712702820175,0.5382678847835192,0.06913121053207259,0.2001242236024845,0.22189964681524782,0.23394863078023664,0.244157482957658,0.244157482957658,0.09116180209914002
FINAL,piecewise_exponential,B3_confidence_ridge,False,False,20,-0.02510846707357029,0.8844973587403648,0.16041651676272756,0.26349319015103445,0.48475755401007725,0.47900269865942163,0.05362844157254924,0.17922786505906713,0.20911154018503594,0.22596017479178065,0.244157482957658,0.244157482957658,0.14353827025117122
FINAL,piecewise_exponential,B4_threshold_aware_ridge,False,False,20,-0.04680707271990087,0.8231494760066188,0.16214644711639598,0.2591767721296965,0.4659393259817357,0.4715334854682527,0.049966387301015956,0.2250776674306086,0.21359849868801276,0.22644502327662913,0.2441574829576579,0.2441574829576579,0.1251609571800211
FINAL,piecewise_exponential,B5_proposed_ridge,False,False,20,-0.05112136998994475,0.8106830882895784,0.16408194522868436,0.260118595066485,0.45088474355906255,0.45779163284436686,0.05224302959194149,0.2250776674306086,0.21193183202134608,0.21842497315131584,0.24415748295765796,0.24415748295765796,0.13198715249657325
FINAL,piecewise_exponential,B6_selected_proposed,True,False,20,-0.043308518984368334,0.8716395670349179,0.1546266040012843,0.25718256923114574,0.5080921567652208,0.5702993344784316,0.04677451276218454,0.2068958492487904,0.2032502961658972,0.22708298180932457,0.244157482957658,0.244157482957658,0.16754426813473886
FINAL,piecewise_exponential,M2_AdditiveSpline,False,True,20,-0.18474842720175347,0.694314220994569,0.1783745557511542,0.26264139292080474,0.3251789803297413,0.29674247770607465,0.06712601853205961,0.24222052457346574,0.22227909345556407,0.21994012466646737,0.244157482957658,0.244157482957658,0.08960769597173514
FINAL,piecewise_exponential,M3_RandomForest,False,True,20,0.004548696930650341,0.8746460011498517,0.1523343242435314,0.2558455246900091,0.5080921567652208,0.5702993344784316,0.04677451276218454,0.2068958492487904,0.2032502961658972,0.22708298180932457,0.244157482957658,0.244157482957658,0.16754426813473886
FINAL,piecewise_exponential,M4_HistGradientBoosting,False,True,20,0.11181119221736086,0.8556421344733225,0.15127622313747635,0.2519483702571938,0.5412122380951018,0.5505558114790563,0.05741306952954671,0.2068958492487904,0.2032502961658972,0.21930216613377201,0.24415748295765796,0.24415748295765796,0.16754426813473874
FINAL,piecewise_gaussian,B0_constant,False,False,20,0.0,0.0,0.2992458143530028,0.3773753251312002,,,0.08578135959788327,0.3399913271387573,0.3399913271387573,0.3399913271387573,0.3399913271387573,0.3399913271387573,0.0
FINAL,piecewise_gaussian,B1_metadata_ridge,False,False,20,-0.36727350696513544,0.6249923446775072,0.26948679356494004,0.39434009586116037,0.17598368016590446,0.1258864742038103,0.08517548603192868,0.2715789473684211,0.3427380902850011,0.3297053424377657,0.33999132713875735,0.33999132713875735,-0.008078921216489487
FINAL,piecewise_gaussian,B2_ood_only,False,False,20,-0.48422976045500377,0.5116930099815494,0.26698143551828557,0.3883812419770507,0.02945649582176083,0.04723361990838659,0.08250404239043967,0.35442416046878533,0.32090010464324087,0.33190762810420166,0.3399913271387573,0.3399913271387573,0.056152086749333203
FINAL,piecewise_gaussian,B3_confidence_ridge,False,False,20,0.1562899122559538,0.8061405961448214,0.2486735491903172,0.36700298600699655,0.5453228200849057,0.5074253999271666,0.06519316474383552,0.2813567251461988,0.3181746144471624,0.31211640963144155,0.3399913271387573,0.3399913271387573,0.06416843886929818
FINAL,piecewise_gaussian,B4_threshold_aware_ridge,False,False,20,0.22999100619316623,0.8125379554273395,0.24617779049071958,0.3422766241879059,0.5929063902585193,0.5971886969592214,0.06151783004910253,0.2897777777777778,0.2931746144471624,0.31413661165164364,0.3399913271387573,0.3399913271387573,0.13769972630063013
FINAL,piecewise_gaussian,B5_proposed_ridge,False,False,20,0.1491930525079219,0.7893814820428192,0.24776244816188395,0.34495543478260865,0.541546346261603,0.5815644986134881,0.06516252188928398,0.32803864734299515,0.2931746144471624,0.31720174575126053,0.3399913271387573,0.3399913271387573,0.13769972630063013
FINAL,piecewise_gaussian,B6_selected_proposed,True,False,20,0.21715100845179008,0.8462497065339006,0.24780706839562675,0.36622900304233846,0.6200970017862986,0.5778392568410784,0.059703780188950895,0.24935672514619886,0.3181746144471624,0.3141366116516436,0.3399913271387573,0.3399913271387573,0.06416843886929818
FINAL,piecewise_gaussian,M2_AdditiveSpline,False,True,20,-0.03291294744761514,0.7602091095297332,0.2439431578070614,0.3753964267866068,0.45544274309030214,0.43602051336193687,0.0695828157086906,0.28784274529401965,0.3130441796645537,0.33053507908459384,0.33999132713875724,0.33999132713875724,0.07925833785520607
FINAL,piecewise_gaussian,M3_RandomForest,False,True,20,0.24558817368099622,0.8446947481114566,0.2449122807017544,0.36253601532567054,0.6200970017862986,0.5778392568410784,0.059703780188950895,0.24935672514619886,0.3181746144471624,0.3141366116516436,0.3399913271387573,0.3399913271387573,0.06416843886929818
FINAL,piecewise_gaussian,M4_HistGradientBoosting,False,True,20,0.22183513744492567,0.8044519033445824,0.24333450292397668,0.34025243223683205,0.6019699274344458,0.5981562498804669,0.06517276333912023,0.2905521274450494,0.2931746144471624,0.31413661165164364,0.33999132713875735,0.33999132713875735,0.13769972630063027
FINAL,piecewise_student_t3,B0_constant,False,False,20,0.0,0.0,0.09805886805496443,0.1863379895870894,,,0.16254429011462898,0.1406125988273653,0.1406125988273653,0.1406125988273653,0.1406125988273653,0.1406125988273653,0.0
FINAL,piecewise_student_t3,B1_metadata_ridge,False,False,20,-0.5752350868631768,0.4036428888752689,0.08789793137619224,0.23229243823809037,-0.07834288845435701,-0.12194332302810218,0.1299012804752823,0.13431077778903863,0.16619079792992836,0.1502709894696254,0.14061259882736526,0.14061259882736526,-0.1819054573763073
FINAL,piecewise_student_t3,B2_ood_only,False,False,20,-0.44174976704238994,0.5177723999923391,0.08318127413459896,0.2197349582784365,0.03088517717912152,-0.03338974598825393,0.1343685027505132,0.16573268921095008,0.14638939018734415,0.14915987835851433,0.14061259882736526,0.14061259882736526,-0.04108302817922625
FINAL,piecewise_student_t3,B3_confidence_ridge,False,False,20,-0.10879165390371781,0.8309334672320869,0.04010478685401285,0.1570841712753476,0.4271194014771195,0.4687822945853454,0.10637946278536066,0.09059829059829058,0.0959776674072003,0.11334205096173958,0.14061259882736526,0.14061259882736526,0.3174319498565327
FINAL,piecewise_student_t3,B4_threshold_aware_ridge,False,False,20,0.14868765110995905,0.8622300339461952,0.03471319852629582,0.1498584098506699,0.5822985843770959,0.6012134931035652,0.08872083837645464,0.05620915032679739,0.0959776674072003,0.10572300334269195,0.1406125988273653,0.1406125988273653,0.31743194985653284
FINAL,piecewise_student_t3,B5_proposed_ridge,False,False,20,0.11856911667167067,0.8702673972047864,0.036923889362508296,0.14468708843528805,0.565726050280982,0.6496088368905061,0.08803950615802432,0.05620915032679739,0.08597766740720031,0.10572300334269195,0.14061259882736526,0.14061259882736526,0.3885493325334387
FINAL,piecewise_student_t3,B6_selected_proposed,True,False,20,-0.14347145730436714,0.8578152678390236,0.03924049376835754,0.15312711800869688,0.38041498720625283,0.5084264430058595,0.11088786445151835,0.10236299648064354,0.09134803777757068,0.10572300334269193,0.14061259882736526,0.14061259882736526,0.35035666405880395
FINAL,piecewise_student_t3,M2_AdditiveSpline,False,True,20,-0.16408793663205382,0.8290021241696742,0.04948119261199754,0.1532899499880924,0.3834281752237281,0.4046920837670063,0.09251651066829794,0.08697838109602815,0.09041901510941758,0.11905633667602529,0.14061259882736526,0.14061259882736526,0.3569636301194604
FINAL,piecewise_student_t3,M3_RandomForest,False,True,20,-0.14548279240489284,0.8587091864558768,0.037945177308146734,0.15446246403272917,0.38041498720625283,0.5084264430058595,0.11088786445151835,0.10236299648064354,0.09134803777757068,0.10572300334269193,0.14061259882736526,0.14061259882736526,0.35035666405880395
FINAL,piecewise_student_t3,M4_HistGradientBoosting,False,True,20,0.12533536814045942,0.8915194200704989,0.03476393188854489,0.14103521671826616,0.5747656143334078,0.6554321569545701,0.09960847090160956,0.06673546611627106,0.08682927151967398,0.10504960266929124,0.1406125988273653,0.1406125988273653,0.3824929469778371
FINAL,quadratic_exponential,B0_constant,False,False,20,0.0,0.0,0.25210240316772364,0.33750790063330244,,,0.08196106664996683,0.2954179507023529,0.2954179507023529,0.2954179507023529,0.2954179507023529,0.2954179507023529,0.0
FINAL,quadratic_exponential,B1_metadata_ridge,False,False,20,-0.2597684842869212,0.5936968732959947,0.20924162311938205,0.32422433598240047,0.23467470632883713,0.30544797530049467,0.1289800101170827,0.28103430619559655,0.259514899990282,0.28393726194249275,0.2954179507023529,0.2954179507023529,0.12153307077891438
FINAL,quadratic_exponential,B2_ood_only,False,False,20,0.0476512872732727,0.8237531166486565,0.20387382103434926,0.3179929218629407,0.5031967260704874,0.538588338566284,0.11259067538961216,0.23694637012714814,0.23760845207360393,0.2763846112525873,0.2954179507023529,0.2954179507023529,0.19568715608278886
FINAL,quadratic_exponential,B3_confidence_ridge,False,False,20,-0.09715477996965097,0.7674061360769109,0.2077840913218487,0.32877311171523915,0.4264761490014444,0.4622990710492381,0.07059573838105851,0.233787366968145,0.27071187808025565,0.2757222591689937,0.2954179507023528,0.2954179507023528,0.08363091194478456
FINAL,quadratic_exponential,B4_threshold_aware_ridge,False,False,20,0.06596549563459368,0.8290482878793514,0.19788782995255513,0.326550355729805,0.5445656646861478,0.5860918237004071,0.06264662647729918,0.18443671761749564,0.26005011337437334,0.26548866628801476,0.2954179507023528,0.2954179507023528,0.11972135492746076
FINAL,quadratic_exponential,B5_proposed_ridge,False,False,20,0.10056110581536928,0.8241169998965993,0.20049005088478766,0.32164197856336335,0.5535916149295647,0.6186082206489997,0.06148627343199522,0.18443671761749564,0.2638807585356637,0.2667958558304985,0.2954179507023528,0.2954179507023528,0.10675448831633229
FINAL,quadratic_exponential,B6_selected_proposed,True,False,20,0.09848112364186495,0.8366642305838164,0.20037289955519083,0.3242439895079116,0.5430613396455783,0.598134065010712,0.062365039594172646,0.18443671761749564,0.27071187808025565,0.2685538003876316,0.2954179507023528,0.2954179507023528,0.08363091194478456
FINAL,quadratic_exponential,M2_AdditiveSpline,False,True,20,-0.08931730780335138,0.6987802867260026,0.21620984590444617,0.3204180742508232,0.36780747241923517,0.4278089673631288,0.07293821880475626,0.2343392517305561,0.27349383296747376,0.27600775680710526,0.2954179507023529,0.2954179507023529,0.07421389825078259
FINAL,quadratic_exponential,M3_RandomForest,False,True,20,0.07351157145941821,0.8321941387277232,0.19950025606076757,0.32593750093373075,0.5430613396455783,0.598134065010712,0.062365039594172646,0.18443671761749564,0.27071187808025565,0.2685538003876316,0.2954179507023528,0.2954179507023528,0.08363091194478456
FINAL,quadratic_exponential,M4_HistGradientBoosting,False,True,20,-0.20093390745000042,0.7322713034729778,0.21421590664542978,0.3382164696054731,0.31966907112101217,0.46660452929525925,0.07301260733391925,0.22382551218455848,0.2795198562800246,0.2782760226098539,0.2954179507023529,0.2954179507023529,0.05381560052302413
FINAL,quadratic_gaussian,B0_constant,False,False,20,0.0,0.0,0.26124754034023756,0.3535247402484671,,,0.08557665299544588,0.3059513266581716,0.3059513266581716,0.3059513266581716,0.3059513266581716,0.3059513266581716,0.0
FINAL,quadratic_gaussian,B1_metadata_ridge,False,False,20,-0.6291166524980212,0.23687856682793837,0.25410905750809476,0.38191173574499876,-0.23308270676691725,-0.24813386360717807,0.10093376700180598,0.34697318007662836,0.319735068639734,0.3048245705289353,0.3059513266581716,0.3059513266581716,-0.04505207456401221
FINAL,quadratic_gaussian,B2_ood_only,False,False,20,-0.8168086551170408,-0.12676062662229468,0.2847122794866203,0.4229494324482518,-0.5533834586466165,-0.6182526383644302,0.09400955403169528,0.393403886377246,0.35756305060145455,0.3315368602291295,0.3059513266581716,0.3059513266581716,-0.16869259730632535
FINAL,quadratic_gaussian,B3_confidence_ridge,False,False,20,0.22782841358380024,0.8691242402592694,0.2089701875252849,0.30538604752245724,0.6210526315789473,0.7111511929812078,0.07240917870155283,0.221007591442374,0.26230037642243303,0.25744854230184316,0.3059513266581716,0.3059513266581716,0.14267285817167968
FINAL,quadratic_gaussian,B4_threshold_aware_ridge,False,False,20,0.36041261409546627,0.9147356465829507,0.1954979296066252,0.29456474870099825,0.7293233082706766,0.8183126007797072,0.059461188564937206,0.22418219461697717,0.2381705330975433,0.2574485423018432,0.3059513266581716,0.3059513266581716,0.22154110034749855
FINAL,quadratic_gaussian,B5_proposed_ridge,False,False,20,0.350608770750255,0.9069448099536234,0.19602927526325692,0.29391952582605946,0.7338345864661654,0.8198540034544057,0.06245152305964659,0.22418219461697717,0.2381705330975433,0.2574485423018432,0.3059513266581716,0.3059513266581716,0.22154110034749855
FINAL,quadratic_gaussian,B6_selected_proposed,True,False,20,0.3438873621570972,0.946648371663511,0.19754366359876105,0.2880196729684559,0.7473684210526315,0.8286785347750791,0.0657769514412967,0.23164599518422607,0.23617906794818339,0.2574485423018432,0.3059513266581716,0.3059513266581716,0.22805019174812158
FINAL,quadratic_gaussian,M2_AdditiveSpline,False,True,20,0.44072337660242744,0.9501456619094105,0.198401437999264,0.29187282495116057,0.7894736842105263,0.845220543274934,0.062107205643067084,0.19205162248640506,0.2472901790592945,0.2570483822378176,0.30595132665817165,0.30595132665817165,0.19173359448909047
FINAL,quadratic_gaussian,M3_RandomForest,False,True,20,0.3495755403061891,0.9485794833003606,0.19902921360192724,0.29165024361576064,0.7473684210526315,0.8286785347750791,0.0657769514412967,0.23164599518422607,0.23617906794818339,0.2574485423018432,0.3059513266581716,0.3059513266581716,0.22805019174812158
FINAL,quadratic_gaussian,M4_HistGradientBoosting,False,True,20,0.40347488183694613,0.9557656708934548,0.1981468667395441,0.3004031737219848,0.7684210526315788,0.8051920440801426,0.072441697115296,0.2242775741315945,0.23675171167872183,0.26585695071025156,0.30595132665817165,0.30595132665817165,0.22617850929198305
FINAL,quadratic_student_t3,B0_constant,False,False,20,0.0,0.0,0.23732731374503835,0.37038074676658245,,,0.12345255041838021,0.302158834169009,0.302158834169009,0.302158834169009,0.302158834169009,0.302158834169009,0.0
FINAL,quadratic_student_t3,B1_metadata_ridge,False,False,20,-0.406563536824803,0.5878382990802444,0.19244919310210729,0.35190292493809117,0.1286197909686896,0.1646434996126022,0.13936489815958625,0.2983574879227053,0.2801686369945893,0.2771016719748875,0.302158834169009,0.302158834169009,0.07277694605519867
FINAL,quadratic_student_t3,B2_ood_only,False,False,20,-0.5979819264902765,0.436912870461337,0.231693299454169,0.44535437022507945,-0.15644980421922475,-0.029523196092461356,0.15592012965489652,0.35926634768740023,0.3266896600306211,0.3268393281573321,0.302158834169009,0.302158834169009,-0.08118520158140094
FINAL,quadratic_student_t3,B3_confidence_ridge,False,False,20,0.18912043951354812,0.8272759961461703,0.15469261695906433,0.35856027998190465,0.5934562285046555,0.5197855731113614,0.09592964512195583,0.1755263157894737,0.24567916002126527,0.27979714877884215,0.302158834169009,0.302158834169009,0.18692047943285517
FINAL,quadratic_student_t3,B4_threshold_aware_ridge,False,False,20,0.5063646885998346,0.9223934627844378,0.14885964912280705,0.2630204660476399,0.7957879464612491,0.7922544892235714,0.09019884737896923,0.15330409356725144,0.20699355712513606,0.24370692321493237,0.302158834169009,0.302158834169009,0.31495116568606885
FINAL,quadratic_student_t3,B5_proposed_ridge,False,False,20,0.4630827594357979,0.9193394562058944,0.15254163343965974,0.26727438071188075,0.776231720933846,0.8228064164824712,0.0882170926301634,0.14885964912280703,0.2069935571251361,0.24370692321493237,0.302158834169009,0.302158834169009,0.31495116568606873
FINAL,quadratic_student_t3,B6_selected_proposed,True,False,20,0.38928815488666985,0.906096568761445,0.15528478867623607,0.2865391693440893,0.7348627823181856,0.7516224670410873,0.09214246027935309,0.1755263157894737,0.2069935571251361,0.2437069232149324,0.30215883416900896,0.30215883416900896,0.3149511656860686
FINAL,quadratic_student_t3,M2_AdditiveSpline,False,True,20,0.4263802333539353,0.9181618780315984,0.15278583611807298,0.2640073140367258,0.7634449580890056,0.8709249929199138,0.07797856769911501,0.22351851851851853,0.19400654413812307,0.23820030833065337,0.302158834169009,0.302158834169009,0.35793191461147955
FINAL,quadratic_student_t3,M3_RandomForest,False,True,20,0.3840311804839849,0.9040492799279929,0.15385197368421052,0.28869629917184264,0.7348627823181856,0.7516224670410873,0.09214246027935309,0.1755263157894737,0.2069935571251361,0.2437069232149324,0.30215883416900896,0.30215883416900896,0.3149511656860686
FINAL,quadratic_student_t3,M4_HistGradientBoosting,False,True,20,0.4305071886854306,0.9541184351844902,0.14059936299081038,0.27664002211556554,0.7890184837786864,0.7217489761228357,0.0908674189106694,0.1485421888053467,0.20487715500873396,0.24823240241081831,0.302158834169009,0.302158834169009,0.32195543588132086
