task_id,mean_abs_skewness,mean_abs_excess_kurtosis,mean_abs_pearson_correlation,mean_abs_spearman_correlation,nonlinearity_gain_median,nonlinearity_gain_mean,nonlinearity_gain_max,cdfm_mean_edge_probability,cdfm_mean_confidence,cdfm_mean_entropy,cdfm_mean_margin,cdfm_edge_density,cdfm_max_degree,cdfm_auto_threshold,cdfm_threshold_margin_mean,cdfm_threshold_margin_p10,cdfm_threshold_margin_p25,cdfm_threshold_near_frac_002,cdfm_threshold_near_frac_005,cdfm_bootstrap_disagreement,cdfm_bootstrap_edge_jaccard,cdfm_bootstrap_probability_drift_mean,cdfm_bootstrap_probability_drift_p90,cdfm_bootstrap_threshold_std,cdfm_bootstrap_threshold_crossing_rate
final_piecewise_exponential_000,1.3241580032708835,4.118060137072977,0.14844957097510744,0.12284001484001486,0.021164199054368713,0.07971517459489258,0.4586608784332442,0.31568112502448203,0.8163557014846348,0.4250018532160745,0.3163557014846348,0.15555555555555556,5.0,0.7200879156165213,0.45971615628179885,0.17806273313477017,0.3213556728349217,0.011111111111111112,0.011111111111111112,0.05,0.743421052631579,0.07444720082804698,0.17433022472194798,0.020555097717255277,0.05
final_piecewise_exponential_001,1.3950227886138395,4.634448906080072,0.1952294218237616,0.15105453745453745,0.04541750944238768,0.08122788182565555,0.5522372960587684,0.34682483602573905,0.822584388636553,0.4049217503591372,0.322584388636553,0.23333333333333334,6.0,0.6901849514337748,0.41819376048423645,0.137614936187815,0.2651350953964903,0.03333333333333333,0.044444444444444446,0.07222222222222222,0.7104743083003953,0.07692366003738876,0.17980637544936234,0.005812664036901727,0.07222222222222222
final_piecewise_exponential_002,1.1973656336197318,4.469895627663006,0.21727076957341032,0.1748184265517599,0.14878654164818128,0.13832992547062165,0.4960709515620141,0.30857071272097153,0.8173511633656756,0.41658325397967205,0.31735116336567565,0.12222222222222222,4.0,0.7501407822310103,0.4841811423397049,0.16751545449777244,0.2951580048477705,0.011111111111111112,0.03333333333333333,0.03888888888888889,0.7307692307692308,0.07939947357390426,0.18376989258035303,0.009669833976072073,0.03888888888888889
final_piecewise_exponential_003,1.4125933321314743,5.040085236962266,0.13740406590418403,0.11335127492505348,0.025718900871754283,0.0921494372536714,0.5063374082941313,0.2893565932607659,0.8855531982869651,0.27219139804173326,0.3855531982869652,0.18888888888888888,9.0,0.7334251599228363,0.508357901399277,0.13619162742160204,0.2568719607265218,0.011111111111111112,0.044444444444444446,0.03333333333333333,0.8460526315789474,0.07070280269670187,0.18048084958639898,0.004837318901815102,0.03333333333333333
final_piecewise_exponential_004,1.586478861892563,3.9071850634612266,0.19141368203439219,0.16741654101654102,-0.014664395763069445,-0.022869246651252735,0.01338471729297494,0.280793096781969,0.8345683316906731,0.39982886084345187,0.33456833169067324,0.13333333333333333,6.0,0.7570158021160989,0.5171307962917999,0.18438205225957632,0.4302217800007509,0.0,0.011111111111111112,0.03333333333333333,0.7774725274725275,0.09378597728224317,0.21594422849634723,0.013207256728743233,0.03333333333333333
final_piecewise_exponential_005,1.5117845002818802,4.941910544439731,0.16925263050941186,0.14749788429788432,0.022068460000344743,0.09155327309551739,0.4258343013868977,0.32473721618508894,0.8365630609704827,0.3631497653756141,0.33656306097048283,0.18888888888888888,6.0,0.7234526577871111,0.45814917830396,0.11787707066587462,0.25463851795579395,0.011111111111111112,0.06666666666666667,0.07222222222222222,0.675,0.08388221025199319,0.20960047041745825,0.019131387138995204,0.07222222222222222
final_piecewise_exponential_006,1.5484581723038993,5.512512837404501,0.10544693149291469,0.09123175843175843,-0.0018864147501959992,0.06259250618708996,0.5028304419681267,0.23081578978235356,0.8415236634611513,0.38542742537746644,0.34152366346115115,0.08888888888888889,3.0,0.7341153024180455,0.5332068446625644,0.2626072534602694,0.4733771768697548,0.0,0.011111111111111112,0.03333333333333333,0.7181818181818183,0.10824597139142257,0.25537370958360267,0.01481607951176006,0.03333333333333333
final_piecewise_exponential_007,0.9057717604736706,3.039684896694273,0.28164638453427493,0.2573976248642915,0.026195219037232244,0.08828105676956796,0.4870755456022915,0.3670382605765272,0.800590440661609,0.4354341161955057,0.3005904406616091,0.2111111111111111,6.0,0.6773827166592175,0.3834315856890895,0.09310174484263792,0.23213139802621677,0.03333333333333333,0.07777777777777778,0.07777777777777778,0.7275862068965517,0.07022273006143537,0.14767362067783601,0.019851455000177043,0.07777777777777778
final_piecewise_exponential_008,0.8375232872510281,5.59191119824278,0.2453487291168744,0.22031696351696353,0.11357181492726873,0.1260539982526793,0.44872283425694254,0.38531692815751817,0.8208535025660901,0.4164792893364983,0.3208535025660901,0.2777777777777778,9.0,0.6460851154502418,0.37374466078837004,0.10415190696074832,0.22941014560832287,0.022222222222222223,0.03333333333333333,0.07777777777777778,0.7846638655462186,0.058964198834747336,0.13569958288651718,0.008486064120400483,0.07777777777777778
final_piecewise_exponential_009,1.2554798660565025,4.3919686112590535,0.2073279936142474,0.17902740889407556,0.025716992718730108,0.09627108829857797,0.5112240711370857,0.3334945911532195,0.8280122467569286,0.399885793397673,0.32801224675692864,0.2111111111111111,6.0,0.6814354704079303,0.42605310716835015,0.14577895641991045,0.2869542863069561,0.011111111111111112,0.03333333333333333,0.03333333333333333,0.8500000000000001,0.08573487503443383,0.19691723408139494,0.0032183582678245726,0.03333333333333333
final_piecewise_exponential_010,1.4790882987413625,6.283290961064553,0.16289115521905878,0.13509541456208124,0.04379277901673485,0.10702868974848782,0.43353164422917856,0.34037927605928053,0.7790147930734974,0.4636702367292921,0.27901479307349747,0.13333333333333333,6.0,0.6930453005355279,0.4024469173989404,0.12620880984209315,0.27638789582617845,0.022222222222222223,0.03333333333333333,0.05555555555555555,0.6770833333333333,0.09511073930097583,0.23102891494759434,0.017108988271418102,0.05555555555555555
final_piecewise_exponential_011,1.3308406575369636,4.246297372307835,0.15634653163551815,0.13991063777730445,0.018480561495480177,0.07444506805634872,0.45880550434551914,0.3025019554236682,0.8268717020555107,0.40916227121409976,0.3268717020555106,0.15555555555555556,6.0,0.7234782329031659,0.477579470200482,0.19658751424665422,0.3664750932831553,0.0,0.0,0.03888888888888889,0.7752100840336134,0.08492113968736781,0.2057959691475823,0.038349010956589324,0.03888888888888889
final_piecewise_exponential_012,1.271963704803262,3.9842656017559213,0.14772123050639996,0.13052978652978656,0.026328975204199814,0.08274200393501273,0.49689587965562576,0.28080129997994674,0.8334142981507515,0.4090701609311973,0.3334142981507516,0.13333333333333333,4.0,0.755900451367889,0.5170195669567408,0.18907685306868863,0.446964656908121,0.0,0.022222222222222223,0.04444444444444444,0.7142857142857143,0.10815837449739939,0.2845194132162002,0.00800423578009718,0.04444444444444444
final_piecewise_exponential_013,1.5864057991253095,5.569370105367118,0.16177766918674624,0.13963576336909672,-0.007550647832191866,-0.009312541868053376,0.2414527731339974,0.30544685552164264,0.8274669290694533,0.3839051704495774,0.32746692906945324,0.14444444444444443,5.0,0.7294083725035203,0.47391987602427926,0.15990025469151425,0.2836985947391472,0.011111111111111112,0.044444444444444446,0.03333333333333333,0.8,0.05964286520008748,0.1451060119892582,0.0131902238880377,0.03333333333333333
final_piecewise_exponential_014,1.546408231162522,4.353543535399194,0.10583999845642682,0.08266631679965014,0.03740271704776152,0.09269632800043655,0.5138295937712171,0.2285423545254625,0.8679197830130431,0.3469901260243883,0.36791978301304284,0.1111111111111111,4.0,0.7932471437226556,0.5923714094071791,0.18032655012688334,0.5211591603243072,0.0,0.011111111111111112,0.022222222222222223,0.8257575757575758,0.075785574071739,0.17767257281226065,0.012461523895653914,0.022222222222222223
final_piecewise_exponential_015,1.5534660785181271,6.82029355245067,0.17405875449171784,0.1275679662346329,0.04948946912462825,0.12701385979289376,0.4826306570077741,0.36536243681598474,0.8034927801164282,0.43613714609994975,0.30349278011642816,0.17777777777777778,6.0,0.6923870444350354,0.4060518928227393,0.12184365726849242,0.26266441839823074,0.0,0.0,0.044444444444444446,0.7712418300653594,0.10606289647957459,0.2537795766456442,0.020492972427122225,0.044444444444444446
final_piecewise_exponential_016,1.3126850547990707,4.005940394150108,0.14782787192658003,0.1243485782152449,0.03333256883235759,0.10104382528497188,0.5009192637133681,0.25856263543634966,0.8336767595567595,0.4111587125422797,0.3336767595567596,0.07777777777777778,4.0,0.7776135627483985,0.5469793898602265,0.19083154744481012,0.49047646333358486,0.0,0.0,0.02777777777777778,0.7556818181818181,0.05945637728552398,0.13476311386296586,0.01980876056631148,0.02777777777777778
final_piecewise_exponential_017,1.4924208378654233,5.9618227467652884,0.16026740910534576,0.12481506454839789,0.06378921710840241,0.13285661725831407,0.4688619298417092,0.23508447804802776,0.8698307577075842,0.33148200455005916,0.3698307577075842,0.1,3.0,0.7943895760451766,0.591845285702291,0.19019955879597744,0.5193400186129564,0.0,0.0,0.011111111111111112,0.9,0.05920577542353545,0.15838059217165074,0.0018903862325934662,0.011111111111111112
final_piecewise_exponential_018,1.1108573998174285,3.971897071104243,0.27289855137891117,0.21170075836742505,0.05423629480207523,0.12970169573547496,0.45014130910650274,0.33355468903877933,0.7987322548323813,0.4476856360221167,0.29873225483238147,0.13333333333333333,6.0,0.7198294200965829,0.43425522758632823,0.13268070275446653,0.2523224302259001,0.0,0.03333333333333333,0.03888888888888889,0.7243589743589745,0.09501479033930407,0.2312433041015459,0.00343829849327848,0.03888888888888889
final_piecewise_exponential_019,1.3642216804441931,5.428901729317397,0.10802214294266688,0.09445464432131098,0.015319157131111281,0.0831658340463108,0.4998411293548746,0.3016427383909219,0.8019874644738015,0.45260058984233015,0.3019874644738012,0.13333333333333333,7.0,0.7200631482127069,0.45944879812985995,0.20300413012290067,0.34081679407493093,0.011111111111111112,0.011111111111111112,0.044444444444444446,0.6794871794871795,0.06290825157126131,0.1289103872208524,0.00032005172055055153,0.044444444444444446
final_piecewise_gaussian_000,0.306367340474034,0.38775937238633584,0.14491723613688043,0.12830268057822952,0.03157270301414843,0.04278967194028147,0.148788524953032,0.32961039333633124,0.8180191303010147,0.4437921190188477,0.31801913030101475,0.17777777777777778,6.0,0.6964288693696259,0.43046590329533324,0.13879700447546986,0.2770985689182175,0.0,0.011111111111111112,0.12222222222222222,0.6035353535353536,0.13438955558978277,0.3529113712127108,0.05752282909644213,0.12222222222222222
final_piecewise_gaussian_001,0.3337695934482078,0.6324747528945117,0.22341061982951985,0.19310036723370058,0.04994994526393949,0.04771072082577708,0.11358260990024996,0.4004269529204968,0.7443205429364353,0.5288405726687272,0.24432054293643543,0.2111111111111111,8.0,0.6354581697696838,0.31144646929237324,0.08823136818641072,0.20889875885747458,0.022222222222222223,0.08888888888888889,0.06111111111111111,0.7380952380952381,0.0978650298108613,0.2229719497519893,0.008603562051853975,0.06111111111111111
final_piecewise_gaussian_002,0.24375782774973204,0.45075842859788207,0.16240207261850814,0.14949043990791572,0.03486568255598267,0.04250807894971933,0.15094853233816458,0.3316926023490232,0.8094976273561726,0.4463040842630669,0.3094976273561728,0.2111111111111111,7.0,0.681077161795526,0.4092855066689526,0.11621943329408188,0.2496331220141567,0.011111111111111112,0.022222222222222223,0.05,0.777511961722488,0.08971000594653554,0.19702044820218245,0.020991043352752814,0.05
final_piecewise_gaussian_003,0.204090796223832,0.2368590742978803,0.11815651040992035,0.11037224530557863,0.024793639432497717,0.03226104840998075,0.12035197225174125,0.2942011703042227,0.8340771061803581,0.4021377836291069,0.3340771061803582,0.14444444444444443,5.0,0.7125783692848455,0.4701457890218019,0.16564483229209728,0.34509117116598564,0.0,0.011111111111111112,0.02777777777777778,0.8466386554621849,0.0972134014639067,0.19575207874614403,0.011019831340162822,0.02777777777777778
final_piecewise_gaussian_004,0.26920699135138487,0.4275206418580737,0.1490480848013419,0.14186902382072997,0.03336019082347845,0.04009140252616118,0.17077836254381248,0.2962130926746964,0.8288665684677002,0.40303607534964825,0.32886656846770024,0.16666666666666666,5.0,0.6999237357438308,0.45136138823016425,0.10337581986625716,0.2767929595459587,0.0,0.011111111111111112,0.09444444444444444,0.5952380952380952,0.13246972914983474,0.28500575759136343,0.019983191384310373,0.09444444444444444
final_piecewise_gaussian_005,0.27427325452047996,0.402087660866371,0.19210869948432194,0.18014086574086577,0.042958031521779974,0.050334362131207386,0.1929815277286364,0.3742920503588725,0.762112738378282,0.5019639962673752,0.262112738378282,0.16666666666666666,6.0,0.6591910656353116,0.3484539170044151,0.08014844732773878,0.22091096291744552,0.044444444444444446,0.06666666666666667,0.08888888888888889,0.6447368421052632,0.09227894129955369,0.2068887192457521,0.0011170350688054498,0.08888888888888889
final_piecewise_gaussian_006,0.2894812516976139,0.3266486390636615,0.17427803255081303,0.15756919170252504,0.019247074485793172,0.03689272540869859,0.13801839962896,0.40702241109870313,0.7126659438536443,0.5615287738025155,0.2126659438536445,0.15555555555555556,6.0,0.6399621631006249,0.2959080946446322,0.10704826615974156,0.20229240294880407,0.03333333333333333,0.05555555555555555,0.13333333333333333,0.5336617405582923,0.1018914868904514,0.2258821858922061,0.014053895256361859,0.13333333333333333
final_piecewise_gaussian_007,0.11823125283483163,0.2407921613252631,0.09776432822708435,0.09489164689164689,0.006830040429831066,0.007769933675377838,0.04260338401414936,0.3238355337521608,0.7746340078132508,0.5029809344689794,0.27463400781325087,0.12222222222222222,6.0,0.6966819721863343,0.41561180389671354,0.22209159883275822,0.33507249110859183,0.011111111111111112,0.022222222222222223,0.022222222222222223,0.8257575757575758,0.06741839205911976,0.1588035297946072,0.009923321377309113,0.022222222222222223
final_piecewise_gaussian_008,0.2746386596013524,0.4936378408643711,0.1455636548599433,0.13521829761829762,0.019949145280777073,0.04196307616673155,0.17932767563890892,0.4019128008247645,0.753146837517343,0.5269830606927989,0.25314683751734307,0.26666666666666666,8.0,0.6291389295479966,0.30747558495768296,0.07520604394665914,0.1968495266136065,0.022222222222222223,0.06666666666666667,0.08333333333333334,0.7437275985663083,0.09818873581189846,0.23223855728541598,0.013289981959713593,0.08333333333333334
final_piecewise_gaussian_009,0.3145092720642067,0.392028909520768,0.21104738826462774,0.19679942986609658,0.05028603912363313,0.05009403765707736,0.135710623265256,0.23746081571601502,0.8713839029318048,0.33006403215877195,0.37138390293180473,0.1111111111111111,4.0,0.7662694404147303,0.5596099070137506,0.14016729439538916,0.4866427571612068,0.0,0.022222222222222223,0.027777777777777776,0.8012820512820513,0.06764758031493381,0.13897470044415805,0.01010874448359117,0.027777777777777776
final_piecewise_gaussian_010,0.12038616183836008,0.19307960796586765,0.1292344115224328,0.12130503357170024,0.01674919875335277,0.025390543067201184,0.09239513804411538,0.33326275809848255,0.775782946280419,0.4946088174081912,0.27578294628041894,0.12222222222222222,5.0,0.7160188002669272,0.42747855526085055,0.19383508228273572,0.3243117910019572,0.011111111111111112,0.03333333333333333,0.05,0.7,0.09192908433192476,0.1848567463795318,0.01613888540275432,0.05
final_piecewise_gaussian_011,0.27631913074249087,0.34355750113881245,0.33353089945850917,0.32043183136516473,0.011742093037599415,0.035318702127170344,0.14961158213389508,0.4009470326188367,0.7721809016940947,0.4833545752883062,0.2721809016940948,0.24444444444444444,12.0,0.6245797015037415,0.31735275875036745,0.044965547310207674,0.14759892049468018,0.05555555555555555,0.12222222222222222,0.10555555555555556,0.6273148148148149,0.13155795481949498,0.3225449167979909,0.05120082443527685,0.10555555555555556
final_piecewise_gaussian_012,0.26313678163468085,0.2848405581681634,0.22019868292732075,0.20912717499384167,0.035998397154873685,0.0462276766040307,0.1671278931577973,0.35009226039595764,0.780992765821715,0.48094117977988254,0.28099276582171495,0.15555555555555556,6.0,0.675778166283491,0.3897940716400475,0.14160820374449992,0.2645551854723527,0.011111111111111112,0.011111111111111112,0.061111111111111116,0.7,0.08882869957685527,0.22046870040212246,0.021585474378822744,0.061111111111111116
final_piecewise_gaussian_013,0.20293326675525888,0.2646786523929968,0.15972953513728483,0.14903198609865276,0.01667183249134141,0.024281299895871532,0.13788648714053314,0.3710733012006493,0.7673799978141419,0.5072602611764692,0.26737999781414185,0.2,9.0,0.6658837460013438,0.3574717045042163,0.093923014697613,0.2412386619718706,0.03333333333333333,0.044444444444444446,0.07777777777777778,0.6491228070175439,0.10266303652553233,0.22111416146054055,0.011483365762415376,0.07777777777777778
final_piecewise_gaussian_014,0.2143436249454961,0.2915743941740906,0.13299662033700713,0.131186627986628,0.010966072950435805,0.02605403928425714,0.13708708763108593,0.374656006430948,0.7643357710092501,0.5032076831733326,0.2643357710092498,0.2222222222222222,9.0,0.6315596733928702,0.33069744651818284,0.07733261260248947,0.20733030430032529,0.0,0.03333333333333333,0.06666666666666667,0.7095238095238096,0.07931662004132725,0.18339401142026968,0.0031190657459685966,0.06666666666666667
final_piecewise_gaussian_015,0.23731281379981756,0.31633715384645467,0.13018766586139374,0.11880130413463746,0.03541088985514234,0.04205337733496241,0.1220852612933491,0.31292258668875633,0.8021573927465744,0.4608822839973925,0.30215739274657466,0.1111111111111111,5.0,0.7077590431218987,0.4378382997137733,0.11940868263160771,0.3383447619382694,0.0,0.03333333333333333,0.07222222222222222,0.6004784688995215,0.11169503403850779,0.3288250656675299,0.037670026946614754,0.07222222222222222
final_piecewise_gaussian_016,0.3267294186116894,0.40385916029351165,0.21740973098115232,0.20872761246094582,0.043923330520715606,0.054491477942324375,0.21598446209827254,0.4331606650688265,0.7134021815337493,0.5642522469489192,0.2134021815337494,0.3,10.0,0.5628166345569965,0.23397750574404816,0.04541227326190824,0.13400596722754202,0.011111111111111112,0.12222222222222222,0.12222222222222222,0.6400862068965517,0.09023498344533708,0.19532231812930223,0.024847033318272316,0.12222222222222222
final_piecewise_gaussian_017,0.26254025848268936,0.24041847627230045,0.1630469895018251,0.15840642027308693,0.013512207381417167,0.040647696220168894,0.1912823682975961,0.3506812455688095,0.7958357543309443,0.464149771843062,0.2958357543309443,0.2222222222222222,8.0,0.6520405695905321,0.3789264080200695,0.14303651245262547,0.24535252613823333,0.022222222222222223,0.022222222222222223,0.03333333333333333,0.85,0.08421474670266191,0.17101280425703608,0.007936704130513783,0.03333333333333333
final_piecewise_gaussian_018,0.34677223240237326,0.35378455693852773,0.37230647200330885,0.35254076400743073,0.022615548609139946,0.05442464894843789,0.19552086087568257,0.3523736296561105,0.8023942201535945,0.4492631738040962,0.30239422015359446,0.2222222222222222,8.0,0.6601410442157138,0.38483050104780203,0.12701555276155072,0.2337399776715447,0.011111111111111112,0.022222222222222223,0.06666666666666667,0.7260869565217392,0.09780746956320656,0.21657196830632347,0.016163031305610587,0.06666666666666667
final_piecewise_gaussian_019,0.25944042944978585,0.3079557170739976,0.1700235839154221,0.15628652241985574,0.028090679311092645,0.04205642828718566,0.13758667733493213,0.3793501437992644,0.773021876058242,0.499145469743049,0.27302187605824196,0.2111111111111111,7.0,0.6523682115038555,0.34778673600057974,0.11971430207862252,0.22260403361313427,0.011111111111111112,0.07777777777777778,0.06111111111111111,0.7608695652173914,0.07732179173729548,0.16734151989378093,0.007716080394368441,0.06111111111111111
final_piecewise_student_t3_000,1.482963497447299,18.907657153102527,0.1139644638050144,0.10698253551586884,0.0033937234335996904,-0.003070351221714835,0.18979083514700312,0.17642090940050295,0.9091551596438883,0.24644136841409064,0.4091551596438882,0.08888888888888889,4.0,0.8123635332223108,0.6598915843496277,0.24963133423748915,0.6130017279604051,0.0,0.022222222222222223,0.027777777777777776,0.7083333333333333,0.07437252703523241,0.1549294295746526,0.03779288133300096,0.027777777777777776
final_piecewise_student_t3_001,2.2732684126723646,50.342633901613326,0.16851185844856464,0.17546297119630455,0.058462404627115216,0.027523188533447977,0.5743374658179807,0.29373493712743215,0.8472418783184535,0.35265791066910446,0.34724187831845343,0.14444444444444443,4.0,0.7532933655451584,0.5099371984387051,0.17016290644716264,0.3263931395563418,0.022222222222222223,0.022222222222222223,0.04444444444444444,0.7529411764705882,0.09008165005842418,0.2157652066337809,0.014994154881755095,0.04444444444444444
final_piecewise_student_t3_002,1.5355768698389582,21.073589885071158,0.12380649655691084,0.1313240129240129,0.014402707371599228,0.0008770298597421148,0.12872404412402816,0.2163083664495605,0.8875317931670001,0.2982627450195264,0.3875317931670002,0.08888888888888889,3.0,0.8226587464790106,0.6342922889941017,0.17173953080304138,0.5815838333172179,0.011111111111111112,0.022222222222222223,0.027777777777777776,0.7636363636363637,0.09231556500049493,0.2409269321460284,0.01561142627536477,0.027777777777777776
final_piecewise_student_t3_003,2.4194486123756804,37.46928100834097,0.2490276350524582,0.20401949681949683,-0.023354905617963724,-0.04591090822992383,0.15489051935438095,0.32196166498261025,0.8413278916719521,0.36465263187718294,0.3413278916719522,0.17777777777777778,7.0,0.7217989060926224,0.46531358473935563,0.14378603288704658,0.26999105721842753,0.0,0.044444444444444446,0.07222222222222222,0.6176470588235294,0.09810528063661116,0.2462524087625817,0.006030909837207832,0.07222222222222222
final_piecewise_student_t3_004,1.324758568508975,12.628448129573583,0.2657126668171138,0.22361664494997832,0.033826007658826346,0.03734772884844216,0.1696338501577565,0.28419761918619224,0.8664508847411605,0.3024529420873803,0.3664508847411605,0.17777777777777778,4.0,0.7373079686468854,0.5094350356139828,0.12409294926122065,0.26337813632188845,0.011111111111111112,0.011111111111111112,0.08333333333333334,0.6357142857142857,0.09355888753154729,0.27027059756660854,0.010387773586969629,0.08333333333333334
final_piecewise_student_t3_005,3.8613538572443056,87.15190964889715,0.17299447791234404,0.13925631018964357,-0.06593826519279328,-0.0229786139547627,0.6877780123595185,0.30568822663621725,0.819703568711443,0.40194647136008677,0.31970356871144306,0.12222222222222222,5.0,0.7401200158172581,0.47926611858241136,0.16793414188957326,0.3018737184539422,0.03333333333333333,0.03333333333333333,0.10555555555555556,0.525062656641604,0.109133673370302,0.2529159520141899,0.004144167761883755,0.10555555555555556
final_piecewise_student_t3_006,1.7423601647077547,19.269506640159,0.18710809562971895,0.16478709572042907,-0.05194894529409372,-0.050395698430940584,0.1704303048129526,0.2515170046719978,0.88104207236203,0.29754350095098725,0.38104207236203014,0.13333333333333333,4.0,0.7713139064845155,0.5693217128751493,0.1997242270388165,0.47674717895717167,0.0,0.0,0.044444444444444446,0.7564102564102564,0.11427407205138682,0.3083642016861964,0.01940068109831239,0.044444444444444446
final_piecewise_student_t3_007,2.22048794013346,27.989062954885885,0.13944120442363195,0.1215763794430461,0.11860394107900538,0.10974341267449168,0.21618993102313278,0.16791515474880075,0.9044377278874512,0.2679528424707641,0.4044377278874512,0.06666666666666667,3.0,0.8018413365293495,0.658412541034652,0.3563544962585282,0.658525967426755,0.0,0.011111111111111112,0.016666666666666666,0.8035714285714286,0.06735438222737702,0.19354541055445337,0.007014575638311427,0.016666666666666666
final_piecewise_student_t3_008,2.8135905199204925,66.47144726583352,0.1278745427770778,0.11935526175526175,0.05146842189467443,0.01770509336670293,0.1835158555073068,0.22195661206573136,0.8810452160898273,0.2840851667051581,0.3810452160898273,0.08888888888888889,3.0,0.8236302103453663,0.6311645113697159,0.17394733125521494,0.5092544895559872,0.0,0.0,0.027777777777777776,0.7636363636363637,0.11429282160196452,0.2930750013684771,0.01895785231699698,0.027777777777777776
final_piecewise_student_t3_009,1.0244804227040718,11.262764040185438,0.252563545216798,0.23468713042046374,-0.0025535350977876664,-0.013001869163515178,0.11431759069160502,0.2869599216587781,0.8796682529660239,0.30401867444520675,0.37966825296602397,0.14444444444444443,6.0,0.7760285472091637,0.5333427216990989,0.09879251358040542,0.21384690377664578,0.011111111111111112,0.03333333333333333,0.08888888888888889,0.5912698412698413,0.09804166680361427,0.2417693159739473,0.0024482943013092173,0.08888888888888889
final_piecewise_student_t3_010,0.8836752507609347,12.736138184290605,0.2936909049435722,0.29509640549640553,0.04366163819448612,0.0478793182017561,0.20630231483455702,0.1521282273208914,0.9531781845626967,0.1286589434138714,0.4531781845626967,0.1,4.0,0.8427034602228948,0.7162901843058621,0.1498041706204271,0.7678554436377513,0.0,0.011111111111111112,0.022222222222222223,0.8136363636363637,0.03628089883017371,0.10875904214963122,0.004940460263296864,0.022222222222222223
final_piecewise_student_t3_011,1.0062277844241132,12.9197894111328,0.1897258628278494,0.18242394045755278,0.026471665962213384,0.021769902286429194,0.15674773383930407,0.3602248113644503,0.7951053891335698,0.44146752965383723,0.2951053891335697,0.2,6.0,0.6815181123111416,0.39173249873348837,0.1030105540356741,0.23234375514197356,0.011111111111111112,0.06666666666666667,0.061111111111111116,0.7471395881006865,0.07689262297146446,0.18896812045700725,0.03212341739314961,0.061111111111111116
final_piecewise_student_t3_012,2.664842508233688,43.80717720863582,0.21756613578802783,0.19268078041411374,-0.0495800034878561,-0.08630605829651884,0.34511264765112126,0.26047139551835174,0.8862100151600651,0.27524235742305314,0.38621001516006503,0.14444444444444443,4.0,0.7823959251882147,0.5628192313993817,0.15603748395967668,0.3106389756026241,0.022222222222222223,0.05555555555555555,0.07222222222222222,0.6296992481203008,0.11111286157128053,0.28347696198894673,0.04386712632545714,0.07222222222222222
final_piecewise_student_t3_013,0.46683764415380075,7.389046812220236,0.1573692348356572,0.15355891942558608,0.021239768393857425,0.02833016992172744,0.17602440591930113,0.2604955318210501,0.8564467332851099,0.3534701673101698,0.3564467332851101,0.12222222222222222,5.0,0.7656849511030995,0.5442031091856563,0.19103215715715047,0.4755122865396875,0.0,0.022222222222222223,0.022222222222222223,0.8333333333333334,0.08018798648210251,0.21369102501028592,0.008947995527185615,0.022222222222222223
final_piecewise_student_t3_014,2.9488775680337893,54.46969835992129,0.18780926932049813,0.1657350082764251,0.015143184533171657,-0.03822331648095184,0.14717917665790833,0.35268328413563893,0.819759259818741,0.40178972305058075,0.319759259818741,0.2222222222222222,7.0,0.6880159967777738,0.4189786128326687,0.1357165693428038,0.2752545158429259,0.011111111111111112,0.03333333333333333,0.09444444444444444,0.6653846153846154,0.11194427953595265,0.28932978560543654,0.02017580588919976,0.09444444444444444
final_piecewise_student_t3_015,0.9714204459402414,10.084532181612321,0.19621186560387188,0.19357123837123838,0.03768870085756179,0.050179325090893914,0.1782142033928415,0.19581663254049173,0.909197327219309,0.23942629295383366,0.409197327219309,0.1,3.0,0.8290863162015997,0.6603645298420687,0.1606403453479025,0.6431646172123893,0.011111111111111112,0.022222222222222223,0.016666666666666666,0.8636363636363636,0.08247422669380555,0.19391218616138473,0.009323236773583932,0.016666666666666666
final_piecewise_student_t3_016,1.3392536339155863,22.359300648487253,0.2313500348116136,0.24952801006134342,0.06537461190039903,0.07940852859520836,0.3356925595634144,0.22178226063375564,0.8941362287285722,0.25247380827070065,0.39413622872857235,0.1,4.0,0.7901850260523694,0.6016980901658479,0.17422729823706387,0.4635974128163697,0.0,0.0,0.05555555555555555,0.6130952380952381,0.0742391809917348,0.22248535432019467,0.008007626849911298,0.05555555555555555
final_piecewise_student_t3_017,1.3153960395929052,24.330235599758073,0.11336197793382528,0.10501789595122932,-0.011369123534510445,0.005797230323680032,0.2872547161324029,0.34057767395805777,0.7946121681319653,0.43504281203399287,0.2946121681319652,0.12222222222222222,4.0,0.7337664077462767,0.4481921646358988,0.1933185290577324,0.26409660188440565,0.011111111111111112,0.022222222222222223,0.044444444444444446,0.7142857142857143,0.0963458091749855,0.22583256451959288,0.0017816644152500727,0.044444444444444446
final_piecewise_student_t3_018,1.0012161753338247,8.373307523447249,0.2714650449550612,0.2278626726626727,0.0226394043735422,0.034146733405050575,0.2072402019202278,0.23218997695876273,0.9054775850842977,0.24627795309260847,0.40547758508429765,0.13333333333333333,5.0,0.798442688593941,0.607611274144587,0.18384217254909443,0.5142744833528675,0.011111111111111112,0.03333333333333333,0.04444444444444444,0.7283653846153846,0.07400888812023906,0.17856682778945554,0.02702053787577996,0.04444444444444444
final_piecewise_student_t3_019,1.3668562376062003,24.67578759740392,0.1812306227491766,0.18260665353998687,0.0021323831125562645,-0.11682619054438623,0.16569618833264557,0.2997219409658581,0.8524237660263626,0.35846712892610266,0.3524237660263626,0.16666666666666666,5.0,0.7395416866118691,0.4966275039708507,0.15032237079185454,0.3011644607920547,0.0,0.03333333333333333,0.05,0.743421052631579,0.06585010774965291,0.16042905907530197,0.0062542716749637295,0.05
final_quadratic_exponential_000,2.066564785500265,18.44055560410741,0.24289443587306664,0.13357912371245703,0.06750875076699413,-0.09117456178385301,0.48257704810112145,0.33740272306570424,0.8426273291692886,0.35775807809592314,0.3426273291692886,0.23333333333333334,8.0,0.6896223471372775,0.43949451759418967,0.1482241795699176,0.26231519674342474,0.011111111111111112,0.022222222222222223,0.06666666666666667,0.7272727272727273,0.07890112870145932,0.17949796611512342,0.007561197701121958,0.06666666666666667
final_quadratic_exponential_001,1.4468073949800617,4.924192353337427,0.1620816410358536,0.12311168231168233,0.10471321811718712,0.1381598441185024,0.39652369395036025,0.3786944628761152,0.791106833924753,0.449563419550598,0.29110683392475306,0.2,6.0,0.6758544163400907,0.37720564953836216,0.09769294941328054,0.24491823159781456,0.022222222222222223,0.03333333333333333,0.06111111111111111,0.7386363636363636,0.084328433440398,0.20348280889969642,0.006389751085270234,0.06111111111111111
final_quadratic_exponential_002,2.8846074002636226,28.243254646276068,0.1684182980654437,0.10740295593628929,0.08048824762755673,0.10427803915718906,0.4393577337854858,0.3492267114050977,0.7956023571139441,0.45399915929307,0.29560235711394406,0.18888888888888888,7.0,0.6900742945392475,0.40635599666416855,0.17080530417638118,0.274419261702632,0.011111111111111112,0.05555555555555555,0.07777777777777778,0.700952380952381,0.11946810276335776,0.3174448907232118,0.004457478609627585,0.07777777777777778
final_quadratic_exponential_003,2.9194384580313057,35.989928330927974,0.1857826191552984,0.09142280582280585,0.0812205485310351,0.06751218796510174,0.48159552649790105,0.3876225161878569,0.798733318409918,0.4284715256898981,0.29873331840991807,0.23333333333333334,7.0,0.6258372677730334,0.34884988412429857,0.09121469472753511,0.22351386767198728,0.022222222222222223,0.07777777777777778,0.1111111111111111,0.6303448275862069,0.11822237654774767,0.29049765280303025,0.0070732498702206215,0.1111111111111111
final_quadratic_exponential_004,3.3887894429179135,51.88790762681826,0.18072187394853528,0.09220301753635088,0.13671763211090687,0.13596717594780808,0.39628316262670676,0.36045188712987497,0.79261825678423,0.45082747876037393,0.29261825678423004,0.2111111111111111,8.0,0.6682171702891426,0.38233335325269024,0.10451999099405668,0.2502288913286266,0.03333333333333333,0.05555555555555555,0.1,0.643103448275862,0.11456559193096028,0.23820669659136984,0.045106247486233986,0.1
final_quadratic_exponential_005,3.7740764066705252,56.44530948920525,0.14921348538096146,0.08037678011011345,0.08062112933446186,0.08302208803414515,0.39799562305166564,0.34268492199002093,0.7736246962721113,0.49253193404526896,0.2736246962721112,0.14444444444444443,6.0,0.6864677423474029,0.39268463579456026,0.12528527524868302,0.2607097551619854,0.022222222222222223,0.03333333333333333,0.06111111111111111,0.7032163742690059,0.08146420850580358,0.17824021398864182,0.0022475338739456063,0.06111111111111111
final_quadratic_exponential_006,3.8064055064176587,56.887976692456014,0.2112984405090912,0.11979215792549128,0.09021995952732886,0.08378552121123536,0.44433288761822765,0.37850068294437694,0.7830721012261875,0.4575453230898545,0.28307210122618753,0.23333333333333334,7.0,0.6178087306243097,0.3378404392070978,0.11190614302446544,0.17347101915847463,0.022222222222222223,0.044444444444444446,0.06666666666666667,0.7517482517482517,0.07791225816060612,0.1849519305369534,0.016316018427617762,0.06666666666666667
final_quadratic_exponential_007,4.269218844715832,67.87655032431866,0.18575987113542572,0.09003708390375056,0.08759878654547074,0.09162360887470052,0.4173350310849377,0.31951044617903346,0.8423812963322472,0.36269318490962527,0.3423812963322473,0.2,5.0,0.7020343487128103,0.44865610620468555,0.12144242027689969,0.24550446239125084,0.022222222222222223,0.044444444444444446,0.05555555555555555,0.7575757575757576,0.07865556456735245,0.20040842604682435,0.019193206857161915,0.05555555555555555
final_quadratic_exponential_008,2.937586568694882,31.484801129773007,0.16156447899831716,0.10990592030592033,0.04709340655375395,0.041961766246108465,0.28298517674451173,0.38149348927368254,0.7746616006187577,0.46944991148103793,0.27466160061875755,0.18888888888888888,6.0,0.6546435124060627,0.354020390915205,0.10460370285336852,0.21779829466459721,0.022222222222222223,0.022222222222222223,0.15555555555555556,0.5409090909090909,0.1251557517496984,0.2665066040812205,0.04302688006877464,0.15555555555555556
final_quadratic_exponential_009,1.9853412238438217,10.12841059325535,0.13938609438771749,0.09146438933105598,0.0898155509791084,0.10085757890575646,0.38471688886610517,0.23804365988300838,0.8820665058922854,0.31392863609426586,0.3820665058922856,0.12222222222222222,4.0,0.7906330269387397,0.5853503125454227,0.15869930718027228,0.4988519931364978,0.0,0.022222222222222223,0.02777777777777778,0.8044871794871795,0.0800078494281237,0.20690858670509094,0.00543266385619362,0.02777777777777778
final_quadratic_exponential_010,2.6949477869842458,24.481287800408744,0.24161327564447113,0.12870943484276817,0.10593083747585434,0.061207446447382394,0.33669632595143245,0.2603184512733676,0.8757413494305969,0.3053549382188415,0.3757413494305968,0.12222222222222222,5.0,0.7707905211686195,0.553528797538212,0.1850187875088341,0.4286077052459607,0.03333333333333333,0.03333333333333333,0.022222222222222223,0.8397435897435898,0.07916593869676525,0.1945682152004634,0.007788540075206907,0.022222222222222223
final_quadratic_exponential_011,2.5822824691320823,18.38366924492487,0.1225656296479066,0.09401764255097587,-0.0066754446927729276,0.020222799429801923,0.229899334795561,0.2295284930705123,0.8745071938979901,0.31477981486996365,0.3745071938979903,0.1,3.0,0.8010120565913975,0.6000807023525793,0.18094432209785752,0.5231024433435065,0.0,0.022222222222222223,0.03333333333333333,0.7386363636363636,0.07580004053399776,0.18042225329430261,0.01036511342554558,0.03333333333333333
final_quadratic_exponential_012,3.0831180240467893,31.96952115357027,0.17338427092360353,0.0850927061789961,0.16080862128674694,0.1353862812137286,0.2686061551327954,0.2860258987155138,0.8340197225967926,0.40111494958862826,0.3340197225967926,0.12222222222222222,5.0,0.7595385331542353,0.5198461964538436,0.21457109531082996,0.44827127829430397,0.0,0.011111111111111112,0.04444444444444444,0.717948717948718,0.11398765094364086,0.25842464688172717,0.03590542903936944,0.04444444444444444
final_quadratic_exponential_013,3.1730607804818574,34.439193605727716,0.24891493242455706,0.15136000149333487,0.08669533432776211,0.0845673745322847,0.45011608840293105,0.4195194684633842,0.767551851249041,0.49637854283621935,0.26755185124904096,0.2777777777777778,8.0,0.6258569780323845,0.3175932307706777,0.09443783646438644,0.22471371733585582,0.022222222222222223,0.03333333333333333,0.04444444444444444,0.8461538461538461,0.08287969395361519,0.16951803373139668,0.018054257037795785,0.04444444444444444
final_quadratic_exponential_014,1.7356166378532083,13.512171441483364,0.14924901389903017,0.11101047687714356,0.10792149728928957,0.09211250117220449,0.37926662914913284,0.3786888960938906,0.816246414337107,0.41821416068951733,0.31624641433710676,0.2777777777777778,8.0,0.6198018079264889,0.36161224492853195,0.11328498210366829,0.2361189829448176,0.022222222222222223,0.05555555555555555,0.07222222222222223,0.7779156327543424,0.08925668194442957,0.2172902957206561,0.025588406558301413,0.07222222222222223
final_quadratic_exponential_015,1.2651364211032472,7.119563246817518,0.1782783289314122,0.15990194043527378,0.09417123481418649,0.1236254410534657,0.43194107367262685,0.3859723738224542,0.8281261891276227,0.39616151335156097,0.3281261891276228,0.3,9.0,0.6582824885835199,0.3800006883687968,0.08194921196707265,0.21761410219722918,0.022222222222222223,0.06666666666666667,0.10555555555555556,0.678735632183908,0.09798599875391206,0.21367078075860463,0.004238735901706203,0.10555555555555556
final_quadratic_exponential_016,2.2653786488098486,13.075921812165245,0.20012505089962707,0.12754391474391474,0.11124134694218585,0.1106157653546572,0.3360618651032236,0.32206829454310143,0.8007510852886223,0.42944285831191503,0.30075108528862216,0.12222222222222222,5.0,0.7133483391550154,0.43859437531336265,0.14132975756213823,0.25326218575048376,0.0,0.022222222222222223,0.03888888888888889,0.7595238095238095,0.09193713471279752,0.21786695028977973,0.012368415429360569,0.03888888888888889
final_quadratic_exponential_017,1.8864110199101052,7.482236448399147,0.12461655033483954,0.09249314529314528,0.04032085883867286,0.06773753860062379,0.38620521124412044,0.2941026663302755,0.8298273615585805,0.4068968005117129,0.32982736155858056,0.14444444444444443,5.0,0.714196090523802,0.4692485226651474,0.1360413436589954,0.32238078782910085,0.011111111111111112,0.011111111111111112,0.044444444444444446,0.7285067873303167,0.06763781620583252,0.17716159015765248,0.036013884367936955,0.044444444444444446
final_quadratic_exponential_018,4.5847293033315335,72.70565049256975,0.1938953208220863,0.10169315395982063,0.07049699816879487,0.08086659975080511,0.37825851061224536,0.3627598818589632,0.8228447124922366,0.4007699842468948,0.3228447124922363,0.24444444444444444,6.0,0.6398620031062635,0.381651509344801,0.11881890971463983,0.22037276045057008,0.022222222222222223,0.044444444444444446,0.06111111111111111,0.788888888888889,0.08487106664779248,0.17945645415257885,0.023796617631593853,0.06111111111111111
final_quadratic_exponential_019,3.4422637419219404,54.75389766015432,0.13030296823245482,0.08248391421724756,0.056998744309289265,0.0736947162068404,0.4389099947861337,0.30830075691237296,0.8323962579422959,0.39596396262601125,0.3323962579422959,0.16666666666666666,8.0,0.7204643136742033,0.4685197480036457,0.1565632782953534,0.28332558881839187,0.011111111111111112,0.03333333333333333,0.03888888888888889,0.8065015479876161,0.10058253766887898,0.22894144861963872,0.01590920453757827,0.03888888888888889
final_quadratic_gaussian_000,1.7958924360373238,20.50695459972399,0.1691900210879241,0.09103578463578463,0.1493622883724331,0.1538630591740742,0.358080213225558,0.4329024808653007,0.7944545584290942,0.4671378814720106,0.294454558429094,0.3888888888888889,11.0,0.5851358877316243,0.30960928804016696,0.06984705847471927,0.19192606186335182,0.044444444444444446,0.06666666666666667,0.12777777777777777,0.701417004048583,0.09089841376061542,0.2384715593596539,0.011228957966897268,0.12777777777777777
final_quadratic_gaussian_001,0.3305704795963526,1.6118641966446063,0.08675727153223207,0.07546165919499252,0.012033094958673154,0.04694237100726441,0.3597470631672362,0.3984888042729871,0.7036597197399105,0.5578290282338578,0.20365971973991054,0.13333333333333333,5.0,0.636277526722575,0.2933839689413358,0.09563062411500536,0.16265434139109164,0.011111111111111112,0.022222222222222223,0.12222222222222222,0.4805491990846682,0.09499800461575132,0.19860752574616902,0.011731717712758882,0.12222222222222222
final_quadratic_gaussian_002,0.3989979467813998,0.46106958159598,0.2023758953660099,0.1786132903466237,0.05680090304555495,0.07540227785177096,0.28501557942117245,0.37923098175009184,0.7417177775138982,0.5299043505644099,0.2417177775138984,0.14444444444444443,5.0,0.6618834483077024,0.34617213738384145,0.16366939206237668,0.2602665489988396,0.011111111111111112,0.05555555555555555,0.08888888888888888,0.6159420289855072,0.09761205772820267,0.21740472512961864,0.03179072717679188,0.08888888888888888
final_quadratic_gaussian_003,0.2729328679079102,0.6417619290409443,0.10754873580506735,0.10050274236940902,0.019955949543460375,0.07782195252237366,0.408158168972687,0.23979817272135306,0.882809190787322,0.30977222725298886,0.3828091907873221,0.14444444444444443,4.0,0.7674734973970481,0.5654718290736127,0.18588175803172136,0.4662678416716045,0.011111111111111112,0.03333333333333333,0.05555555555555555,0.6607142857142857,0.08078918520304781,0.24110670836408982,0.015754214041737158,0.05555555555555555
final_quadratic_gaussian_004,0.6634348999484432,2.4575543935067694,0.2596478409882789,0.20895898522565198,0.05374410032593639,0.07964683805793124,0.4176215516251668,0.42665398697804136,0.7746291509788937,0.4842709649334645,0.2746291509788935,0.34444444444444444,11.0,0.599551311363718,0.30451821417933406,0.08951886070257929,0.160361197002677,0.011111111111111112,0.03333333333333333,0.13333333333333333,0.6761904761904762,0.13084027858625746,0.2808503611573734,0.015369361284261807,0.13333333333333333
final_quadratic_gaussian_005,0.2706569754158864,0.8159940104545449,0.14408430303261052,0.1297333820000487,0.05529308969076895,0.07820347895297824,0.3063766753818225,0.30323871487627907,0.8561359339408562,0.36578868753863936,0.3561359339408562,0.2,8.0,0.7192449627653408,0.4758098767712814,0.11930527228065654,0.23002682111046743,0.0,0.044444444444444446,0.06111111111111111,0.7171052631578947,0.07707658501469972,0.1631364751374858,0.0030918059096521344,0.06111111111111111
final_quadratic_gaussian_006,0.25700817249368535,0.41310133271680716,0.06248010943098414,0.0654653857320524,-0.0029140747777680063,0.04575523654074022,0.4461463870073467,0.41679456002283716,0.6963922570700741,0.573300144423534,0.19639225707007413,0.2111111111111111,9.0,0.575089244372916,0.23226830740857823,0.04783650820034074,0.09301167105635448,0.022222222222222223,0.12222222222222222,0.13333333333333333,0.45416666666666666,0.09992122549929927,0.21568259593494865,0.010015236798244509,0.13333333333333333
final_quadratic_gaussian_007,2.6451112320336265,43.985500837185555,0.15466201569443866,0.10449567116233784,0.0693756109025524,0.10123655524070407,0.3580117492449663,0.42928439495433807,0.7174254051478353,0.5534691061615995,0.2174254051478352,0.3,10.0,0.5749044964338964,0.24579209742471803,0.06415507955912023,0.12180372473576466,0.03333333333333333,0.07777777777777778,0.15,0.5980392156862745,0.1177384736079628,0.2434201447061074,0.0050478218835335875,0.15
final_quadratic_gaussian_008,0.6074421292580998,2.0798431435036355,0.14552803825172375,0.14478333411666747,0.0191101379632187,0.033344188842670264,0.27340354034977243,0.3474386367422661,0.8061648012334798,0.44800256984296166,0.30616480123347983,0.2,7.0,0.6831332000585778,0.411658249787664,0.1547474860255704,0.2890080003605595,0.0,0.0,0.04444444444444444,0.7976190476190477,0.0998372325609938,0.20917185950038183,0.016888872663755272,0.04444444444444444
final_quadratic_gaussian_009,0.5470718435155818,1.8435116121281765,0.17748924999284768,0.1324337279003946,0.05742216717289549,0.08194192591133785,0.2873955952605462,0.3654936499503532,0.7854980590357428,0.45048042053901843,0.2854980590357426,0.16666666666666666,6.0,0.6855067123131177,0.386942590267552,0.08790310251060025,0.25945385558443124,0.03333333333333333,0.07777777777777778,0.08888888888888888,0.6040100250626567,0.09542913156064954,0.23821590717812413,0.011575040525758529,0.08888888888888888
final_quadratic_gaussian_010,0.38642063486747474,1.0217079433940437,0.15138172394573576,0.13546041386041388,0.03203829766732902,0.0712330489671442,0.4375007771115915,0.3884779609583014,0.7684633472991906,0.4849122193240788,0.2684633472991908,0.2222222222222222,7.0,0.6439838517686152,0.3358868860129748,0.09616299188932152,0.19210682108603389,0.044444444444444446,0.05555555555555555,0.07222222222222222,0.7236363636363636,0.09241817972040683,0.19294965664540448,0.011158081408207843,0.07222222222222222
final_quadratic_gaussian_011,0.5507832312027474,3.651507210359658,0.16270311699078693,0.14416471696471692,0.025569167314030444,0.06507257978000722,0.27984272758868306,0.3769793959894321,0.8076888127386693,0.44275366389949056,0.3076888127386693,0.25555555555555554,9.0,0.6593947051971888,0.3767211239481392,0.14526726457825292,0.23116417092158387,0.0,0.03333333333333333,0.07777777777777778,0.7598566308243728,0.08361649826100216,0.18028143149952128,0.02776596860628755,0.07777777777777778
final_quadratic_gaussian_012,0.5518558838671843,1.2794234488749943,0.24442896419307042,0.20819164312497646,0.05258270927693935,0.07130589495248027,0.2791277507999139,0.427536879816309,0.7400070406751316,0.511499716719312,0.2400070406751316,0.2777777777777778,7.0,0.6153073924021929,0.28332189200291263,0.08189483695014818,0.133443927181282,0.03333333333333333,0.06666666666666667,0.13333333333333333,0.6458333333333333,0.09135562539482772,0.18387499252397266,0.06086932635535258,0.13333333333333333
final_quadratic_gaussian_013,0.22937021630209156,0.4594772022313126,0.10800263085840987,0.10073994180660849,0.030048170824130017,0.036488707212204555,0.16537278555233978,0.25444112919607426,0.824207182722962,0.4265521695264465,0.3242071827229619,0.06666666666666667,2.0,0.721018345455883,0.49776364762104675,0.2406640416828462,0.4383642448881149,0.0,0.022222222222222223,0.027777777777777776,0.7083333333333333,0.07315751009993128,0.14903226767581823,0.02242918910891961,0.027777777777777776
final_quadratic_gaussian_014,0.751326061126553,4.282781382840112,0.1223391404386014,0.1142832865499532,0.04680220370961746,0.07192530029457413,0.4011110401712595,0.342659043980747,0.8305846242651655,0.3859311255540361,0.3305846242651655,0.23333333333333334,8.0,0.7032802539007975,0.4252012627814734,0.07515888733189796,0.24025836311758542,0.03333333333333333,0.06666666666666667,0.06111111111111111,0.7759197324414716,0.07602130651979269,0.17028359306042745,0.020991138084821948,0.06111111111111111
final_quadratic_gaussian_015,1.0199745352138339,6.920507140506483,0.2099232827858109,0.1578568175901509,0.0820446723730199,0.10702878559598192,0.36732650680844764,0.4000271355693464,0.7909417285788263,0.44742777602608386,0.29094172857882616,0.25555555555555554,7.0,0.634090252738851,0.34222153926547494,0.07433464518086631,0.20800723663307796,0.03333333333333333,0.05555555555555555,0.1611111111111111,0.5782828282828283,0.09228988750650818,0.1973190181310613,0.01040035471803974,0.1611111111111111
final_quadratic_gaussian_016,0.7106692595946758,2.8340394170243424,0.19586263528127382,0.17105463078796412,0.04498354953430686,0.06951785095761986,0.26004174167756366,0.37944340270660337,0.7547910475797565,0.4882080163948531,0.25479104757975635,0.2111111111111111,6.0,0.6304354293854306,0.3188971121044726,0.06955781063045338,0.1582481984228262,0.03333333333333333,0.06666666666666667,0.13333333333333333,0.5362962962962963,0.11889315076781923,0.2714832235481888,0.03740073603441302,0.13333333333333333
final_quadratic_gaussian_017,0.28473308074751247,0.5271951532666661,0.09507818700060175,0.08823552210218877,0.006729855675286344,0.042976624257967125,0.241031871759488,0.31262249876983245,0.8092772951502302,0.4501683211845149,0.30927729515023017,0.14444444444444443,5.0,0.7080390566772947,0.4476060337130099,0.18291107802312623,0.36927292171484916,0.022222222222222223,0.022222222222222223,0.044444444444444446,0.7321428571428572,0.10199505615606215,0.21600940465559682,0.00011884018992597278,0.044444444444444446
final_quadratic_gaussian_018,0.28248247744729355,0.671954149528813,0.08536053597650577,0.0867272208605542,0.0009358445741935997,0.03499823385586653,0.3902880285578132,0.35086093403300395,0.7744508643078828,0.49143631357000406,0.2744508643078826,0.14444444444444443,5.0,0.6936760036274547,0.39900342020146207,0.1404238410831391,0.28213522786003203,0.011111111111111112,0.022222222222222223,0.06666666666666667,0.6274509803921569,0.12280293478232115,0.28533512342407086,0.0008707573266447111,0.06666666666666667
final_quadratic_gaussian_019,1.13119186977407,15.055026423137159,0.1685356714648921,0.15253059493059495,0.03277460454885696,0.059765482728659614,0.27215504223738896,0.3580251699441466,0.7986710165941708,0.4514413988334994,0.2986710165941709,0.2111111111111111,8.0,0.6773063793836561,0.3876311709716157,0.08919427543081851,0.21467720842199411,0.011111111111111112,0.03333333333333333,0.06666666666666667,0.7495652173913043,0.0773335725997276,0.16128602846470866,0.016787741870532835,0.06666666666666667
final_quadratic_student_t3_000,2.603018384297174,45.87306417831746,0.08168511027181581,0.06275214275214275,0.06930790363371747,0.03837802234563494,0.48761732276981756,0.3153087721275169,0.7828529057607736,0.4687349711635239,0.2828529057607735,0.1,5.0,0.7086085773374131,0.4348247987091494,0.18365625830339016,0.31319277200101914,0.011111111111111112,0.03333333333333333,0.05555555555555555,0.5944055944055944,0.08826931332611697,0.2169632430787864,0.0016270340259014748,0.05555555555555555
final_quadratic_student_t3_001,2.5271760089901547,42.12557646379418,0.07812923739451386,0.07345741559074893,-0.005421027077113351,-0.0051251319576687965,0.3322389405603922,0.23847186986636706,0.8837637265183568,0.3139030647820054,0.3837637265183567,0.12222222222222222,4.0,0.7863168229732562,0.5883275389389582,0.18959728681475113,0.5404175283893817,0.0,0.011111111111111112,0.022222222222222223,0.8333333333333334,0.07194799389139066,0.18020210987342267,0.010104885334809632,0.022222222222222223
final_quadratic_student_t3_002,7.153463784920819,174.221337298123,0.19936620792247273,0.03799328679328679,0.09018660225837746,0.07376060198668147,0.18857730838798095,0.3433479951701239,0.7656708094186981,0.4946565533634955,0.26567080941869825,0.14444444444444443,8.0,0.663822049864169,0.37510579136626077,0.1475504034389241,0.26387500426063276,0.011111111111111112,0.022222222222222223,0.12777777777777777,0.3382352941176471,0.15302286681954266,0.3873568351180331,0.039852720449418844,0.12777777777777777
final_quadratic_student_t3_003,4.354785146742502,74.86834941956639,0.26104660791912454,0.0641222270555604,-0.005283979252289631,-0.11013554363306274,0.41369686673674866,0.2292525090923344,0.8929183509280659,0.25838304434212245,0.392918350928066,0.13333333333333333,6.0,0.7854048462341398,0.591593483464675,0.16231521442528077,0.43911079923206586,0.0,0.011111111111111112,0.05555555555555555,0.6358974358974359,0.07863850117872492,0.21319212464641984,0.02436211854983439,0.05555555555555555
final_quadratic_student_t3_004,6.767754369062781,140.02337259818538,0.1845010249457522,0.06676439876439877,-0.015861167425958753,-1.0589448452934522,0.41900485002587234,0.286255246403797,0.8223719669872742,0.3926217045420247,0.3223719669872744,0.1,4.0,0.7486705041618786,0.49900065373542846,0.17784591993784793,0.32768259809620215,0.011111111111111112,0.022222222222222223,0.06666666666666667,0.5393939393939393,0.12961172762893466,0.3436416326928816,0.03057421383220532,0.06666666666666667
final_quadratic_student_t3_005,5.796095804569363,119.37409499623436,0.09352885466176875,0.0438375739709073,0.05331370366690111,0.017365673467803305,0.2939958084735555,0.3491372962591765,0.7662883856702946,0.49450660031354143,0.2662883856702945,0.14444444444444443,5.0,0.6759675508246599,0.3801330267274797,0.1539944212885488,0.2729143426848535,0.022222222222222223,0.044444444444444446,0.061111111111111116,0.6383928571428572,0.12073363130703318,0.29899193997926954,0.031942995120266604,0.061111111111111116
final_quadratic_student_t3_006,3.9781892594975234,73.96725759526014,0.1540164460932907,0.09379533619533621,0.08157580782887408,0.07685440152181597,0.44768785691146984,0.31225287798940904,0.8308877632920997,0.3823553960993315,0.3308877632920996,0.14444444444444443,6.0,0.7365428221808166,0.47840293429076275,0.16076579768281477,0.2873485857772396,0.011111111111111112,0.011111111111111112,0.1,0.5357142857142857,0.1174289375693582,0.28886104690907116,0.019415137896193424,0.1
final_quadratic_student_t3_007,5.878017427709284,119.84520261830194,0.11107452526540855,0.060719096452429795,0.0674894975660365,0.030308654096199518,0.2874936740928654,0.29370741444252335,0.8410193887783546,0.41099304855988694,0.34101938877835464,0.17777777777777778,5.0,0.7083567318052822,0.47246361120960206,0.18956407287646554,0.4110229622999714,0.022222222222222223,0.022222222222222223,0.03888888888888889,0.7990196078431373,0.08855699696473315,0.17871779317662778,0.007804819029182397,0.03888888888888889
final_quadratic_student_t3_008,7.601703161135593,183.84246073747664,0.15620824762249902,0.04495273908607242,0.13673141371710185,0.13190117563195256,0.2547516303117604,0.29055464576407236,0.7930386084120653,0.44196691207374283,0.2930386084120651,0.1111111111111111,6.0,0.6537916976643018,0.39269049888916235,0.07187589642654445,0.20857475516451995,0.044444444444444446,0.07777777777777778,0.12222222222222222,0.25,0.14954193775032598,0.38288745072248226,0.07330985827916975,0.12222222222222222
final_quadratic_student_t3_009,6.325164648233587,133.24409317399665,0.09675405403983943,0.040653823320489994,0.039675089141010186,0.07860685356592227,0.37375466103068017,0.2779006878520731,0.8347482868743096,0.37418621513039757,0.3347482868743095,0.1,3.0,0.7394716258580061,0.5002128546718552,0.15925131582981564,0.32538407207875947,0.022222222222222223,0.03333333333333333,0.06666666666666667,0.4181818181818182,0.12141826613885362,0.32998291356290826,0.0008794764961129742,0.06666666666666667
final_quadratic_student_t3_010,3.243457075254132,73.89087528635802,0.09531503690577059,0.06797992957992958,0.027415012044685043,-0.007252993450201572,0.358012379083514,0.24456094709714044,0.8683523678663632,0.35373256463855984,0.3683523678663632,0.1111111111111111,5.0,0.7871853791623528,0.5784023813358699,0.20344335278005554,0.5484292436455308,0.011111111111111112,0.022222222222222223,0.044444444444444446,0.6948051948051948,0.08690684112579125,0.2278048942758092,0.030411677497145573,0.044444444444444446
final_quadratic_student_t3_011,4.9952872015643655,96.3907960238256,0.1219410185783938,0.07045425023592058,0.1000030463639445,0.11411278966052525,0.4721739973844075,0.30722513015779335,0.8417836043770713,0.39011834335606954,0.3417836043770713,0.2,6.0,0.6983783037812928,0.457457727127132,0.1355751201517293,0.28807965240833056,0.022222222222222223,0.022222222222222223,0.08333333333333333,0.6177944862155388,0.1091592508423247,0.27894007574673507,0.05001075500266694,0.08333333333333333
final_quadratic_student_t3_012,1.814562896067045,33.217249357911655,0.045242751896174174,0.055113725247058584,-0.004119726842438857,0.016204263132085468,0.398020571084787,0.34139889028184456,0.7570600379568629,0.49139840376342103,0.257060037956863,0.13333333333333333,6.0,0.6322567497922613,0.3453182890491536,0.14269274529425627,0.21523039373007796,0.022222222222222223,0.05555555555555555,0.08888888888888889,0.5714285714285714,0.08847617526009949,0.19364034767267144,0.021165488295564527,0.08888888888888889
final_quadratic_student_t3_013,3.9780869262356147,59.228002702412994,0.13382684989307655,0.051612681479348145,0.13358983241378597,0.0526561414233407,0.39360366074388975,0.2782055456152075,0.8342050972254116,0.3901642999220703,0.33420509722541164,0.1111111111111111,5.0,0.7311741325127712,0.49046690773356144,0.143780591344104,0.31822508519436804,0.0,0.03333333333333333,0.06666666666666667,0.5384615384615385,0.11088006494499199,0.2323498491944224,0.0048994331068134,0.06666666666666667
final_quadratic_student_t3_014,5.567354841884532,113.37517182491383,0.20992494996994446,0.06270814324147658,0.12059694103471796,0.0807076310461515,0.37925474286500754,0.28889593086265497,0.8502052084323567,0.35752303922925066,0.3502052084323568,0.1111111111111111,5.0,0.7497573502546242,0.5065431235543691,0.13099308942592336,0.3603685729519197,0.0,0.03333333333333333,0.06666666666666667,0.5961538461538461,0.13022419863433204,0.3419759830935466,0.02202330914528644,0.06666666666666667
final_quadratic_student_t3_015,3.0300222713809446,54.8336592804726,0.10314011437177963,0.05461825968492637,0.07904383202578419,-0.0651144261627951,0.47018086782113255,0.3728033821008518,0.7944500629444622,0.4409409157422826,0.29445006294446224,0.2222222222222222,7.0,0.6726740291069195,0.3812880207695093,0.10509223694269931,0.2537213969495143,0.022222222222222223,0.06666666666666667,0.06666666666666667,0.733201581027668,0.1188245866288169,0.3311650236369047,0.01218640440850377,0.06666666666666667
final_quadratic_student_t3_016,3.8119367891190707,80.43879173110857,0.10128212176596468,0.07898171364838032,0.12219720322465663,0.05227669190212101,0.458860860284025,0.24042576368889915,0.8534370240048716,0.35360430377703794,0.3534370240048717,0.08888888888888889,3.0,0.7855646934973463,0.5734601557853618,0.20939508303782292,0.4678235680638853,0.011111111111111112,0.044444444444444446,0.03333333333333333,0.6888888888888889,0.09365395068121651,0.21868740473177617,0.01661677823935437,0.03333333333333333
final_quadratic_student_t3_017,1.9448040947774856,22.695790744254065,0.11366294208880755,0.10942403129069797,0.053445672825971124,0.08218567225270482,0.3765099621440542,0.24877572156404062,0.8721046092618088,0.3292225532566762,0.37210460926180877,0.1111111111111111,4.0,0.7911476565291,0.5783461651548427,0.1782659995767384,0.49337374017375346,0.0,0.011111111111111112,0.05,0.6785714285714286,0.10364534177445472,0.22998888687552604,0.009809928651340394,0.05
final_quadratic_student_t3_018,4.510169459092181,80.20556037061961,0.15468066775001094,0.05468516268516268,0.0691274305450876,-0.07897789085392276,0.3955766464216236,0.30298499449361255,0.8148440564033151,0.41048111319588126,0.31484405640331525,0.13333333333333333,5.0,0.7509835792496157,0.4884501472140515,0.18726055548968507,0.2935147081410456,0.011111111111111112,0.022222222222222223,0.07222222222222222,0.5854700854700855,0.09701067788829973,0.2569274002718927,0.015608380488674356,0.07222222222222222
final_quadratic_student_t3_019,1.6844805721777032,20.975546182859915,0.15586689764813363,0.1334669158669159,0.11395645617448208,-0.09623465190390142,0.37438547314725656,0.3033444843194782,0.8417421575085023,0.3657915801974979,0.3417421575085023,0.15555555555555556,6.0,0.7560435495520564,0.5011500263078971,0.15137778060349252,0.2363601192564887,0.011111111111111112,0.022222222222222223,0.08888888888888888,0.5921052631578947,0.11351143553901522,0.3080152478088748,0.003625767791961221,0.08888888888888888
