praf,pmek,plcg,PIP2,PIP3,p44/42,pakts473,PKA,PKC,P38,pjnk
92.2,63.8,34.6,21.1,8.43,1.0,7.43,155.0,10.6,8.98,37.5
17.9,36.5,38.9,44.5,33.1,44.5,63.8,422.0,10.6,23.5,3.65
27.4,21.5,8.98,11.3,31.9,43.3,65.5,649.0,27.1,42.2,8.9
85.8,31.3,9.65,73.7,10.8,5.94,17.9,441.0,22.3,46.6,32.8
119.0,29.4,1.54,1.26,13.0,9.22,22.1,1186.0,15.5,25.5,11.4
5.42,1.0,23.9,14.1,16.4,15.8,16.4,294.0,1.0,1.0,1.0
67.3,20.7,5.33,567.0,64.9,35.5,80.6,991.0,15.4,19.1,10.1
72.3,90.6,64.4,158.0,25.0,4.49,78.4,248.0,12.4,38.5,17.9
31.1,38.5,20.0,20.9,3.55,4.33,21.7,562.0,13.8,43.3,77.7
359.0,542.0,23.1,81.3,25.3,1.0,45.3,131.0,5.19,56.2,90.6
25.7,7.64,48.7,389.0,59.9,10.3,29.4,649.0,10.0,20.5,30.0
14.7,22.3,27.6,35.9,13.5,9.39,20.5,382.0,1.0,12.9,13.8
48.3,21.5,21.5,21.1,9.14,6.61,22.9,573.0,35.2,71.0,147.0
20.9,8.2,7.91,178.0,34.0,10.6,21.3,843.0,13.1,19.5,14.3
28.6,33.7,13.9,204.0,27.4,22.5,37.5,679.0,3.92,17.3,36.8
21.3,15.3,69.8,239.0,51.9,58.8,70.4,578.0,16.3,27.1,42.2
20.7,6.61,48.3,523.0,130.0,17.0,44.5,337.0,20.5,23.1,10.2
85.8,46.1,58.3,355.0,62.1,13.0,27.9,466.0,32.8,99.1,59.9
119.0,64.4,10.5,53.8,28.6,8.66,33.4,2480.0,2.97,31.9,78.4
13.7,7.5,16.7,8.06,10.9,14.7,27.9,538.0,14.6,34.3,13.3
557.0,947.0,7.7,18.6,36.5,5.19,64.9,138.0,2.05,20.0,12.4
87.4,30.5,10.3,1.57,18.6,26.7,40.0,334.0,33.1,73.0,34.3
22.9,11.4,122.0,337.0,50.5,6.61,41.8,626.0,11.5,31.9,51.9
1433.0,2072.0,14.6,29.4,13.8,2.71,44.1,102.0,4.53,34.0,8.51
29.7,20.2,12.7,22.7,5.88,11.1,23.7,237.0,25.3,42.9,17.2
44.9,3.08,27.6,2.27,41.0,8.06,10.5,382.0,1.0,1.0,1.0
38.2,3.68,18.4,82.8,18.8,17.3,72.3,2525.0,1.0,7.64,1.19
74.3,58.8,12.7,150.0,8.13,11.4,22.7,552.0,8.9,21.7,18.4
173.0,164.0,7.57,1.0,3.52,14.3,26.7,491.0,1.18,704.0,77.0
505.0,704.0,1.47,262.0,36.8,5.0,85.8,407.0,1.0,19.5,59.9
79.9,26.2,2.92,45.3,6.92,10.6,25.9,519.0,20.4,27.9,4.87
98.2,33.4,15.3,43.3,15.0,88.2,147.0,1486.0,26.2,38.2,8.13
77.7,43.7,17.2,21.5,5.09,12.4,23.1,947.0,8.28,20.0,15.3
123.0,68.5,1.73,1.33,5.67,18.1,36.2,382.0,9.91,18.9,9.91
25.3,7.57,22.3,29.2,11.0,22.7,31.9,267.0,15.5,29.2,61.0
262.0,400.0,14.2,122.0,1.63,1.31,78.4,191.0,1.0,20.9,9.82
33.4,23.3,5.38,198.0,66.7,10.6,24.6,685.0,18.1,33.4,8.2
10.5,13.6,2.33,1.01,10.1,15.5,35.5,400.0,25.5,47.4,25.5
42.9,23.9,18.9,23.5,14.2,2.86,22.3,483.0,13.0,34.0,49.6
123.0,181.0,17.3,46.1,25.0,1.07,18.9,104.0,1.0,36.5,13.7
7.57,32.2,8.43,1.01,7.5,14.1,30.5,305.0,34.3,63.8,14.9
130.0,49.1,13.3,6.21,3.79,43.3,79.1,770.0,2.79,17.2,65.5
73.7,39.6,25.7,30.5,17.2,54.7,81.3,604.0,31.6,55.2,111.0
12.0,21.3,11.3,74.3,13.8,7.91,20.0,939.0,30.2,48.7,5.67
18.3,18.8,24.1,82.0,25.0,89.0,170.0,1700.0,15.4,21.7,47.8
50.0,25.5,2.04,72.3,28.9,31.1,63.8,1843.0,20.5,34.0,7.1
37.9,21.3,5.28,1.01,18.9,37.2,56.2,292.0,3.46,9.82,59.9
67.3,25.0,8.43,16.0,12.5,12.0,28.9,594.0,10.0,27.6,1.27
11.9,18.9,24.4,21.1,10.0,17.0,32.5,474.0,20.0,26.9,24.1
31.6,16.4,1.0,2.25,1.01,21.3,47.4,1075.0,22.9,61.0,21.7
106.0,113.0,12.3,71.0,40.0,1.0,25.5,46.1,1.0,15.1,5.42
54.2,1.0,12.2,108.0,36.8,81.3,118.0,1928.0,3.72,26.4,1.0
3.49,4.41,25.9,26.7,2.05,20.0,40.7,828.0,7.99,28.1,27.9
7.17,16.3,2.79,11.5,11.5,20.0,27.9,466.0,31.3,71.0,24.6
112.0,47.8,9.31,528.0,183.0,10.9,27.1,528.0,13.1,14.6,5.78
25.5,22.7,44.9,248.0,223.0,44.1,89.0,3078.0,35.5,70.4,103.0
196.0,267.0,42.9,65.5,104.0,11.2,59.9,422.0,1.79,36.8,14.7
31.3,18.8,54.2,300.0,42.2,32.5,58.3,1946.0,1.91,5.38,15.7
33.4,21.5,15.8,22.5,4.49,35.9,53.3,528.0,6.15,25.5,42.2
31.3,40.3,20.7,163.0,17.6,11.5,31.3,866.0,36.2,76.4,79.1
56.2,38.9,12.0,9.39,11.7,66.1,125.0,638.0,13.2,50.0,6.67
1275.0,1811.0,15.1,19.1,14.2,16.5,121.0,1104.0,1.5,54.7,11.0
19.5,10.9,122.0,453.0,73.0,5.23,27.6,655.0,20.5,24.8,38.2
67.9,53.3,17.5,97.3,37.5,22.1,36.8,331.0,5.42,15.1,94.7
65.5,28.1,19.8,163.0,20.0,21.9,38.5,474.0,5.28,21.1,21.1
11.7,4.37,6.61,153.0,26.4,37.9,118.0,947.0,48.3,102.0,145.0
13.1,17.2,4.78,19.1,64.4,10.8,18.3,375.0,15.5,26.4,2.71
82.0,1.35,14.9,137.0,35.5,14.9,17.8,334.0,1.0,3.59,1.0
56.2,21.5,70.4,368.0,77.7,17.3,29.4,698.0,39.2,72.3,66.1
54.2,22.3,9.47,149.0,14.3,13.5,22.9,956.0,2.48,3.0,3.62
31.3,19.1,10.3,104.0,24.1,24.8,32.8,223.0,1.53,6.04,3.75
40.7,2.69,21.7,183.0,56.2,17.3,15.3,269.0,1.0,1.96,1.11
31.3,17.2,17.5,16.1,11.8,39.6,61.5,1055.0,8.82,16.4,20.2
302.0,509.0,81.3,491.0,26.4,191.0,1219.0,43.3,63.2,375.0,71.0
205.0,289.0,16.5,71.0,40.0,2.25,68.5,165.0,2.55,30.2,1.0
77.0,17.8,1.0,5.19,1.79,39.2,69.8,1134.0,2.37,19.3,57.3
21.7,16.7,22.5,80.6,9.31,20.9,37.5,723.0,10.1,19.6,23.7
311.0,483.0,12.2,9.06,8.58,1.03,63.2,213.0,38.2,74.3,12.6
89.8,17.0,20.9,85.8,29.7,1.0,3.16,248.0,16.3,28.9,19.6
160.0,223.0,1.0,204.0,9.06,1.36,36.2,50.5,2.67,18.9,11.0
37.5,1.38,16.5,28.1,11.4,4.07,18.3,403.0,1.0,50.9,2.17
30.0,11.0,7.5,14.9,16.0,26.4,41.8,685.0,19.3,33.7,9.06
14.9,21.3,22.3,16.5,10.6,5.99,3.43,161.0,13.2,26.7,16.7
21.7,10.6,7.57,2.46,16.1,29.4,64.4,1155.0,30.2,77.0,28.1
225.0,340.0,10.5,19.8,61.5,1.0,85.8,137.0,1.17,26.9,6.79
6.21,2.11,9.82,127.0,25.5,14.3,29.4,466.0,4.29,25.5,1.0
1037.0,1611.0,281.0,474.0,14.1,27.4,132.0,1.98,437.0,2329.0,1075.0
62.1,32.8,6.98,129.0,27.1,16.0,34.9,533.0,19.3,33.4,15.4
68.5,3.02,23.1,27.1,13.2,11.4,17.8,461.0,1.0,11.9,2.35
90.6,42.9,13.0,14.1,45.7,87.4,142.0,2503.0,20.2,36.5,58.8
207.0,281.0,241.0,422.0,8.51,17.9,108.0,7.84,328.0,1762.0,491.0
10.8,19.3,17.8,29.4,26.9,5.19,10.8,698.0,4.74,10.1,69.8
22.5,15.0,21.5,237.0,18.6,13.5,19.1,542.0,16.4,21.1,55.7
181.0,271.0,25.9,135.0,48.3,6.92,121.0,385.0,44.1,111.0,50.5
37.5,28.1,13.9,34.0,3.92,11.3,21.9,1155.0,9.31,20.7,24.1
58.3,34.0,19.8,164.0,35.9,20.5,33.4,313.0,14.1,32.2,13.9
400.0,626.0,153.0,239.0,4.53,45.3,316.0,12.1,102.0,599.0,90.6
334.0,528.0,155.0,284.0,4.26,99.1,557.0,20.2,83.5,538.0,178.0
6.21,4.87,4.29,221.0,14.9,28.4,47.4,400.0,15.5,22.1,7.17
12.9,15.4,23.7,14.9,3.82,62.6,127.0,3023.0,13.5,15.8,48.3
131.0,223.0,692.0,1382.0,14.7,103.0,764.0,10.6,191.0,1263.0,253.0
167.0,289.0,17.0,33.1,13.2,4.57,141.0,325.0,12.2,32.2,112.0
58.3,46.1,19.6,153.0,18.6,4.57,1.7,113.0,106.0,153.0,34.3
279.0,478.0,125.0,225.0,13.8,37.2,221.0,114.0,158.0,973.0,316.0
45.7,12.1,80.6,90.6,23.3,7.84,15.7,362.0,64.9,100.0,16.5
1499.0,2091.0,26.2,52.8,106.0,3.43,133.0,331.0,3.85,30.5,16.3
33.4,20.5,24.8,18.8,20.0,18.8,45.3,743.0,14.9,26.2,14.2
96.5,46.1,16.1,15.5,31.6,3.85,22.3,5.57,6.15,32.5,73.0
115.0,170.0,292.0,557.0,4.0,32.8,235.0,4.45,64.9,389.0,193.0
47.8,25.9,7.17,1.0,16.5,23.1,40.7,379.0,3.43,30.0,4.07
27.4,4.29,16.8,44.9,16.0,1.73,11.2,271.0,1.24,28.1,1.86
31.9,21.1,25.3,26.9,11.5,2.21,9.56,118.0,9.65,22.3,21.3
56.2,24.8,3.75,5.05,10.9,12.7,30.2,229.0,4.66,14.9,65.5
126.0,105.0,23.5,64.4,36.2,7.1,18.4,422.0,16.8,25.7,18.4
36.8,24.4,6.79,12.7,7.99,12.4,34.0,422.0,10.6,25.5,5.0
69.2,18.1,5.14,121.0,24.4,8.58,37.2,186.0,20.0,23.3,14.7
9.82,7.43,6.73,13.8,46.6,30.8,42.6,466.0,15.1,24.1,12.0
1.0,2.07,22.3,135.0,21.3,26.9,33.4,368.0,1.19,14.3,2.29
51.9,58.8,6.44,176.0,10.3,4.37,18.3,851.0,13.1,25.7,21.1
18.3,19.8,14.3,18.6,1.88,1.76,1.01,93.9,11.1,26.2,41.8
163.0,235.0,90.6,179.0,2.0,66.7,375.0,11.5,35.9,188.0,289.0
172.0,90.6,22.7,16.3,7.1,70.4,89.8,403.0,4.14,22.7,36.2
52.8,14.6,13.5,149.0,45.3,15.5,25.5,385.0,21.9,22.5,15.3
49.6,71.0,23.9,13.0,10.0,113.0,204.0,3308.0,15.3,67.9,340.0
6.32,10.1,25.0,17.3,1.37,3.55,21.7,509.0,8.66,25.3,48.3
85.8,61.0,61.0,372.0,59.4,37.5,55.2,313.0,36.5,75.7,196.0
53.3,38.2,25.3,107.0,13.2,8.28,14.3,264.0,12.3,24.1,32.5
956.0,1382.0,16.7,20.9,13.8,11.0,49.6,1540.0,1.73,41.0,10.3
69.2,28.6,4.57,389.0,45.3,1.81,14.5,204.0,22.7,38.2,10.4
396.0,710.0,26.9,215.0,51.9,6.32,41.0,1446.0,33.7,110.0,56.2
80.6,18.6,2.29,1.76,8.43,25.3,49.6,313.0,31.3,76.4,9.82
27.9,27.4,9.14,68.5,13.7,13.0,26.9,528.0,12.4,19.6,10.1
51.9,32.2,11.1,175.0,8.35,73.0,131.0,1263.0,13.9,31.9,32.8
34.3,25.5,18.4,24.1,7.5,3.46,13.0,583.0,10.6,17.5,8.74
58.3,32.8,25.0,8.82,42.2,5.73,45.3,528.0,30.2,39.6,3.96
57.8,16.5,15.4,40.0,135.0,16.7,25.5,382.0,4.07,5.62,10.3
56.2,26.9,20.5,21.5,10.7,24.4,37.9,316.0,3.89,14.7,77.0
120.0,53.3,5.0,12.1,11.0,114.0,160.0,991.0,4.57,25.0,40.7
44.1,20.2,13.9,17.8,39.2,22.3,30.2,487.0,30.5,40.0,23.7
71.7,25.5,13.1,12.0,43.3,12.2,31.3,655.0,7.7,16.4,49.1
112.0,7.91,24.4,40.0,19.6,6.49,11.7,414.0,1.25,1.0,4.87
46.1,29.7,9.73,13.7,8.51,24.6,36.2,483.0,19.8,36.2,9.39
62.6,25.5,7.1,1.06,3.34,21.7,34.0,300.0,7.43,38.9,54.7
110.0,35.2,46.1,147.0,44.9,3.92,20.9,698.0,20.7,33.7,9.31
225.0,349.0,457.0,806.0,10.5,82.0,547.0,3.16,49.1,343.0,170.0
34.0,24.1,3.65,47.8,31.9,22.5,59.9,1358.0,38.9,67.3,18.9
89.0,21.3,13.7,20.7,15.5,3.31,13.7,407.0,1.78,1.53,55.2
25.5,12.4,7.04,225.0,29.7,13.5,23.3,346.0,20.9,36.8,13.0
16.1,18.4,25.9,44.9,33.7,19.6,40.3,528.0,38.5,92.2,172.0
9.39,27.9,43.3,202.0,110.0,9.65,30.5,679.0,8.74,13.2,8.98
36.2,31.9,1.23,8.74,9.22,8.13,24.1,355.0,25.0,58.3,31.9
24.8,33.4,1.33,1.55,2.25,41.8,122.0,698.0,16.7,44.1,95.6
23.9,22.5,2.27,2.57,13.8,46.6,82.8,588.0,1.7,53.8,2.0
38.2,16.1,14.6,1.54,23.9,29.7,48.3,302.0,19.6,58.8,29.7
12.7,15.8,16.4,13.1,3.34,21.9,46.1,461.0,9.14,20.0,28.1
1.46,3.82,5.52,5.83,11.8,53.3,107.0,1843.0,21.9,61.0,19.1
14.5,1.95,22.1,106.0,22.7,69.2,74.3,1407.0,1.0,6.1,2.05
69.8,34.0,24.1,71.7,17.6,13.2,24.6,264.0,18.1,41.4,23.5
27.6,10.7,17.0,17.5,8.74,1.0,31.3,53.8,2.33,43.3,4.03
308.0,547.0,15.7,56.7,30.0,2.09,30.5,167.0,1.0,13.1,1.88
48.7,19.5,25.7,14.5,4.87,22.1,34.6,414.0,30.5,53.8,14.6
302.0,461.0,8.06,14.5,1.0,1.0,41.8,124.0,1.73,9.82,2.44
136.0,48.7,3.43,19.1,25.0,4.49,18.6,274.0,23.9,44.1,5.42
168.0,244.0,20.0,17.8,21.7,1.64,103.0,248.0,1.0,27.6,8.82
35.2,22.9,13.9,102.0,20.7,31.1,64.4,1715.0,8.66,30.5,22.5
58.3,27.9,8.43,1.01,4.66,22.9,54.7,346.0,14.9,24.6,6.26
418.0,638.0,40.0,49.1,50.9,5.05,161.0,523.0,1.0,11.0,1.1
36.8,25.9,10.2,1.96,35.9,46.6,111.0,947.0,23.1,50.0,35.5
16.3,20.0,16.1,25.3,1.45,55.2,78.4,505.0,10.4,18.9,44.5
19.6,5.67,1.0,99.1,12.3,13.8,42.9,1197.0,7.57,48.3,91.4
28.9,2.94,25.3,22.9,17.9,95.6,105.0,1981.0,4.1,1.0,3.92
34.9,1.02,21.7,12.3,7.5,29.7,35.2,294.0,1.0,1.36,1.32
43.7,26.7,49.6,59.9,11.7,11.8,41.4,3523.0,39.6,83.5,72.3
241.0,368.0,16.4,300.0,69.2,2.97,43.7,120.0,12.7,34.0,107.0
29.4,8.43,7.91,1.43,14.6,5.62,23.9,644.0,17.8,32.8,16.8
82.0,1.33,9.31,213.0,15.8,14.2,19.5,257.0,1.0,82.8,1.26
227.0,334.0,23.9,63.8,17.3,14.7,64.9,1554.0,4.14,37.2,123.0
18.9,3.52,17.3,188.0,42.2,14.5,18.1,365.0,1.0,1.0,1.03
39.2,27.1,12.1,147.0,8.43,1.0,2.57,89.0,9.22,16.4,48.7
68.5,27.6,17.5,82.0,18.6,6.85,24.1,359.0,1.1,61.5,14.1
42.6,21.3,20.9,131.0,12.1,12.7,31.6,487.0,8.51,18.9,20.7
61.5,23.1,8.74,7.3,9.65,13.7,39.2,400.0,29.7,46.6,16.0
61.5,25.5,6.15,2.46,13.3,34.3,56.7,365.0,2.53,17.2,54.7
1104.0,1554.0,14.9,119.0,21.5,2.33,119.0,403.0,1.0,41.8,5.0
35.5,1.01,14.7,20.0,11.7,7.84,10.7,257.0,1.0,1.43,1.95
193.0,308.0,14.7,46.1,21.3,2.37,16.1,62.6,19.8,44.1,18.3
34.0,12.9,16.3,75.0,4.96,3.79,24.1,379.0,31.3,45.3,93.1
59.4,25.3,11.7,20.7,27.9,3.62,12.4,29.7,17.2,32.5,10.5
37.9,1.15,21.3,10.7,16.5,18.8,27.6,286.0,4.49,1.0,2.79
18.1,8.98,40.0,59.4,18.6,7.5,21.1,400.0,16.7,35.5,37.2
31.3,10.4,10.7,118.0,29.4,19.8,27.6,322.0,23.9,39.2,22.3
63.2,28.1,17.2,21.3,5.28,19.6,34.6,661.0,52.3,163.0,57.8
13.0,8.28,23.1,24.1,7.37,57.3,83.5,1046.0,13.2,35.9,58.8
69.2,26.9,15.4,3.22,20.2,25.0,83.5,644.0,15.8,26.4,8.9
557.0,922.0,337.0,567.0,17.3,53.8,331.0,16.0,108.0,573.0,130.0
92.2,31.6,7.77,1.58,4.83,17.5,24.1,655.0,19.8,40.7,5.83
47.4,26.2,41.4,202.0,30.2,7.37,16.7,578.0,2.21,23.5,25.3
64.9,24.6,4.33,1.0,17.5,6.1,19.1,757.0,26.4,50.5,10.0
124.0,4.91,27.4,219.0,67.9,52.3,71.7,1065.0,1.0,1.01,1.72
77.0,34.9,1.47,1.68,19.1,34.9,63.2,1486.0,52.8,85.8,30.8
27.1,18.1,15.7,40.7,16.1,21.3,39.6,264.0,15.8,28.9,11.1
50.5,18.8,16.8,23.9,16.4,25.0,23.9,227.0,2.27,11.5,97.3
31.6,23.5,31.3,14.5,14.1,10.3,16.8,478.0,5.09,12.1,50.5
40.3,14.6,12.2,64.4,20.7,19.1,29.2,382.0,22.1,36.2,17.8
36.8,19.6,1.84,2.71,10.0,8.2,23.5,449.0,2.86,22.9,106.0
20.5,8.43,20.9,23.3,8.66,33.4,54.2,311.0,9.56,21.1,25.5
28.6,2.39,11.0,168.0,18.4,29.4,38.9,407.0,1.0,1.01,1.55
311.0,437.0,10.4,253.0,30.8,1.76,130.0,322.0,1.26,8.82,3.02
55.2,55.7,9.56,514.0,53.8,7.99,15.3,685.0,14.3,26.7,11.5
54.2,24.4,7.64,25.7,57.8,21.9,32.8,433.0,27.9,54.2,5.94
87.4,153.0,8.58,13.5,61.0,26.7,36.2,396.0,36.2,45.3,17.6
8.74,20.0,7.23,319.0,32.5,31.9,71.0,3106.0,12.2,17.5,51.9
66.1,16.1,11.0,75.0,14.3,13.2,29.2,466.0,24.8,49.6,29.2
12.4,4.7,14.3,75.7,7.91,10.3,33.4,799.0,2.46,6.55,33.7
34.9,20.4,15.3,20.7,14.7,32.5,57.8,1055.0,16.4,21.1,6.98
355.0,594.0,308.0,505.0,5.62,20.7,151.0,7.7,119.0,835.0,147.0
79.1,59.4,10.7,158.0,36.5,10.9,34.0,644.0,19.1,26.9,9.22
764.0,1219.0,1263.0,2017.0,20.2,67.3,340.0,22.7,70.4,403.0,198.0
36.5,19.8,10.8,237.0,23.5,46.1,62.6,1407.0,20.0,32.5,12.7
48.7,17.3,7.04,32.8,91.4,20.7,42.6,340.0,44.9,64.4,18.4
46.1,18.8,2.57,1.98,14.5,44.5,109.0,567.0,24.4,34.0,14.2
57.3,23.7,7.1,9.65,9.22,44.9,126.0,1186.0,3.49,18.4,77.7
76.4,43.7,8.82,235.0,22.7,23.1,40.3,583.0,25.5,44.1,51.9
160.0,157.0,22.9,79.9,77.0,5.28,22.1,851.0,24.6,17.3,11.4
21.7,32.5,20.7,34.3,5.57,97.3,175.0,2642.0,30.8,55.2,76.4
43.7,26.7,31.9,66.1,18.9,18.6,31.9,382.0,12.4,19.3,10.9
198.0,308.0,160.0,305.0,3.75,78.4,710.0,89.0,49.1,305.0,141.0
16.1,25.0,18.1,34.6,4.49,3.52,13.6,704.0,11.5,26.9,37.5
19.5,49.6,6.1,16.1,28.1,17.3,31.6,649.0,20.9,44.9,16.8
13.7,7.5,27.1,51.9,36.5,15.4,37.2,991.0,48.3,51.9,13.6
770.0,1197.0,264.0,392.0,4.83,21.3,150.0,15.3,81.3,433.0,179.0
49.1,24.8,10.9,28.9,20.0,41.0,78.4,1009.0,13.3,23.7,10.3
47.8,34.9,13.5,21.7,13.9,9.56,19.1,483.0,1.55,25.3,87.4
36.2,31.6,22.5,41.0,10.1,12.4,27.9,965.0,18.8,57.3,64.4
55.7,16.8,49.6,37.2,18.3,16.0,24.6,297.0,19.1,33.1,31.1
12.2,9.91,21.7,279.0,58.3,11.3,20.7,542.0,12.0,24.4,35.9
74.3,41.8,48.7,253.0,29.2,21.5,46.6,649.0,6.85,18.4,45.3
41.0,26.9,20.0,17.3,7.77,25.0,36.5,649.0,11.7,15.1,18.8
41.4,26.4,3.08,24.4,19.6,30.2,48.3,385.0,8.58,8.51,8.13
49.6,25.0,3.85,1.1,17.2,4.26,6.98,181.0,3.89,20.9,90.6
35.2,2.55,26.7,16.0,5.14,6.44,1.2,142.0,6.55,6.21,1.25
38.9,1.6,27.4,18.1,2.05,16.7,18.9,368.0,8.2,300.0,1.11
88.2,84.3,4.87,1.01,6.79,28.9,40.0,956.0,31.1,66.1,26.9
30.0,17.3,1.51,5.73,1.01,4.83,17.3,466.0,53.3,72.3,65.5
40.7,33.4,11.9,13.8,26.9,1.1,87.4,196.0,4.1,24.6,4.26
179.0,55.7,18.8,509.0,80.6,11.5,16.0,164.0,25.0,33.7,15.0
33.1,17.3,5.52,3.68,6.85,5.67,34.9,491.0,20.7,33.7,21.7
400.0,557.0,588.0,1065.0,13.5,16.4,92.2,4.45,172.0,1027.0,325.0
89.8,49.6,12.3,163.0,15.8,9.73,18.1,784.0,20.9,69.8,68.5
132.0,217.0,311.0,632.0,1.67,79.9,496.0,3.68,29.2,137.0,956.0
72.3,39.6,18.6,7.04,14.5,39.6,47.4,389.0,15.4,31.1,33.7
44.9,21.7,15.0,48.7,42.9,2.59,20.9,414.0,13.9,27.4,9.91
44.5,18.1,10.6,145.0,41.8,10.8,29.2,207.0,12.0,22.5,4.29
599.0,1018.0,474.0,799.0,11.2,219.0,1499.0,18.6,101.0,621.0,129.0
37.2,2.62,8.58,17.9,13.7,63.8,75.7,1208.0,1.0,102.0,1.24
30.8,16.7,7.37,3.02,9.65,18.6,31.6,297.0,22.1,29.7,7.1
195.0,325.0,250.0,433.0,8.82,143.0,1037.0,84.3,57.8,349.0,132.0
48.3,15.5,16.8,167.0,36.2,11.5,18.6,414.0,12.4,14.9,13.8
19.8,11.7,23.5,16.7,15.1,3.37,19.3,470.0,13.7,31.1,56.7
47.0,32.2,41.0,253.0,36.5,5.38,26.2,514.0,13.7,26.4,34.3
60.4,22.5,14.9,106.0,31.1,62.6,84.3,1009.0,14.2,7.91,2.84
25.5,23.9,52.3,410.0,56.2,4.41,23.3,418.0,9.31,25.0,31.1
52.8,14.6,25.7,178.0,41.8,6.21,10.8,255.0,16.8,36.8,17.0
34.0,3.55,22.9,30.5,8.51,85.1,103.0,1715.0,1.0,3.55,1.21
207.0,334.0,225.0,407.0,10.7,38.2,262.0,8.28,34.9,161.0,77.7
9.22,1.01,19.1,21.5,9.91,17.9,43.7,573.0,11.0,33.7,50.9
16.1,26.2,20.2,18.8,5.94,23.5,36.2,379.0,26.7,40.7,67.9
81.3,28.1,13.5,313.0,26.2,21.1,40.3,276.0,33.7,44.5,7.04
65.5,36.5,2.79,1.93,16.1,26.7,41.0,289.0,1.7,15.8,57.8
23.9,16.5,24.4,14.2,3.25,10.8,50.0,649.0,10.0,24.1,19.3
20.2,25.7,12.7,155.0,18.6,6.67,48.7,453.0,11.9,24.4,37.5
79.9,104.0,101.0,186.0,9.22,42.6,313.0,7.17,49.1,281.0,77.0
441.0,770.0,231.0,375.0,5.38,25.5,154.0,10.3,59.9,349.0,92.2
88.2,42.9,11.4,167.0,41.8,20.2,40.0,322.0,13.1,31.1,9.65
64.4,1.0,25.7,123.0,31.9,10.6,19.1,316.0,1.0,1.0,1.0
17.3,28.9,10.2,88.2,9.82,22.7,24.1,328.0,21.9,37.9,14.1
13.8,17.0,9.47,259.0,20.4,32.8,48.3,528.0,21.9,34.0,52.3
60.4,9.82,34.3,50.9,32.5,22.3,21.7,269.0,1.0,157.0,1.67
52.3,45.3,10.4,83.5,6.98,14.2,31.3,931.0,7.23,26.4,42.2
276.0,433.0,11.5,16.8,8.58,1.35,26.9,124.0,1.0,28.9,120.0
170.0,248.0,12.6,24.6,33.7,5.83,43.7,1104.0,1.0,22.9,1.39
178.0,108.0,54.2,274.0,29.7,41.0,71.0,1928.0,8.06,19.1,28.6
29.4,16.7,18.9,95.6,34.6,13.6,22.5,322.0,24.1,34.3,12.9
69.8,22.3,15.8,35.2,9.56,9.56,31.6,965.0,14.6,28.4,8.98
2129.0,3278.0,483.0,965.0,17.0,73.0,396.0,13.9,85.8,599.0,209.0
39.6,17.3,13.8,111.0,51.4,12.2,18.1,400.0,2.15,93.9,3.37
453.0,573.0,12.3,129.0,44.1,7.99,143.0,441.0,5.73,46.1,14.5
2.15,12.3,3.75,1.81,16.7,25.3,82.0,1000.0,19.1,39.2,10.9
12.6,24.8,17.9,9.65,1.0,73.7,132.0,1715.0,26.7,73.7,97.3
88.2,29.7,13.8,3.25,13.2,31.6,58.8,667.0,22.3,45.7,13.8
64.4,1.01,6.49,168.0,37.5,14.1,20.5,244.0,1.0,13.0,1.1
22.5,14.2,7.04,195.0,31.6,43.7,63.8,1486.0,8.98,24.1,8.28
50.0,1.01,10.9,8.82,18.9,29.7,32.5,292.0,1.0,13.3,1.38
57.8,21.7,4.18,64.4,9.39,5.14,69.2,1322.0,32.8,56.2,11.9
6.1,21.3,69.8,125.0,196.0,10.9,44.5,1322.0,13.8,5.94,8.82
50.9,30.0,12.1,1.79,21.7,1.64,20.0,770.0,29.2,66.7,18.8
21.5,10.3,19.6,186.0,23.5,8.35,29.2,843.0,12.7,28.9,48.7
15.8,11.7,19.3,17.8,7.7,47.4,117.0,2690.0,45.3,67.3,13.8
42.2,17.9,31.9,75.7,77.0,24.1,106.0,1794.0,15.4,49.6,200.0
90.6,44.5,6.04,170.0,21.7,16.3,25.9,685.0,13.6,14.7,8.2
117.0,78.4,18.4,57.8,16.4,7.64,28.9,638.0,1.64,13.2,3.82
32.2,18.1,91.4,382.0,76.4,17.6,38.9,882.0,73.0,139.0,328.0
231.0,269.0,24.8,22.7,41.4,1.45,11.8,78.4,8.2,32.8,9.14
55.2,10.8,4.18,45.3,21.3,30.2,58.8,470.0,11.2,8.06,13.2
37.9,10.6,17.6,32.2,14.7,14.6,28.4,244.0,6.79,14.6,66.1
97.3,64.4,91.4,170.0,7.17,147.0,914.0,11.8,67.9,433.0,202.0
99.1,36.2,16.7,17.9,17.5,1.63,21.5,956.0,31.3,52.3,22.5
59.9,29.2,12.2,76.4,21.9,18.6,24.8,583.0,9.73,15.1,8.35
56.7,24.1,8.35,20.5,31.6,7.5,21.9,461.0,4.29,13.2,62.1
35.5,1.0,35.5,115.0,54.7,13.5,22.5,368.0,1.0,1.21,2.25
55.2,40.0,12.6,115.0,13.9,33.7,49.1,396.0,3.02,37.5,3.0
57.8,19.6,10.6,24.1,19.3,14.7,28.6,305.0,13.0,35.5,30.5
151.0,44.5,41.8,63.2,75.0,16.0,24.6,403.0,31.3,29.2,25.5
86.6,146.0,43.7,38.9,3.92,1.0,77.0,109.0,1.0,13.5,2.69
38.9,1.5,20.4,25.7,17.8,15.0,16.8,375.0,12.7,237.0,12.6
28.6,18.1,31.1,36.2,10.9,15.7,36.5,1000.0,3.05,31.3,27.4
547.0,914.0,723.0,1370.0,11.0,27.9,200.0,9.73,209.0,1165.0,286.0
47.4,22.9,3.11,15.7,9.91,10.6,23.9,400.0,17.6,32.2,12.2
49.6,23.7,13.6,20.7,40.0,20.7,42.6,313.0,12.5,13.6,9.39
25.5,16.8,10.6,1.01,11.8,48.3,117.0,453.0,40.3,75.0,63.8
36.5,16.5,15.5,32.2,9.47,3.34,5.42,257.0,26.9,47.0,66.1
168.0,269.0,10.6,161.0,19.3,1.98,49.1,178.0,1.25,12.1,5.42
131.0,115.0,10.3,135.0,55.2,9.91,19.8,599.0,12.3,9.39,14.7
470.0,835.0,109.0,235.0,18.8,45.7,276.0,13.5,130.0,843.0,213.0
89.0,31.6,15.3,41.4,73.7,42.2,52.8,379.0,20.2,50.9,29.7
59.9,48.3,18.9,23.9,29.2,5.88,31.1,750.0,10.3,39.6,196.0
77.7,21.1,14.3,2.84,28.4,27.4,44.1,205.0,12.1,23.3,12.2
17.3,28.9,15.0,16.5,4.74,8.98,37.2,710.0,12.7,4.83,8.13
106.0,85.8,19.5,86.6,10.0,49.1,67.9,483.0,7.1,25.5,36.2
44.5,18.1,18.8,41.8,20.4,18.1,22.1,466.0,23.9,40.3,21.1
292.0,478.0,45.3,81.3,20.9,2.97,32.2,55.2,23.3,69.2,27.6
66.1,27.9,4.57,183.0,44.1,4.1,22.3,698.0,10.8,31.1,4.96
422.0,557.0,29.2,114.0,40.0,7.5,54.7,1322.0,27.1,120.0,38.2
60.4,97.3,9.31,2.46,16.3,1.47,24.1,79.9,1.0,17.6,8.35
4.74,18.9,5.88,183.0,33.7,19.3,30.2,375.0,21.5,28.6,13.5
22.1,5.28,23.7,36.2,11.4,10.7,22.3,449.0,10.4,25.0,36.2
61.0,5.67,25.9,26.4,7.5,24.1,45.3,505.0,18.1,28.9,63.2
142.0,94.7,28.9,13.8,5.67,11.3,24.6,644.0,8.28,6.55,7.7
30.0,41.8,12.2,18.1,18.4,1.0,42.2,237.0,1.75,34.3,5.0
538.0,843.0,67.9,108.0,5.19,16.4,106.0,1.0,138.0,906.0,355.0
10.6,17.5,1.57,1.84,14.2,15.1,48.7,1512.0,31.9,57.3,9.14
39.2,14.5,12.6,274.0,53.8,10.4,10.8,717.0,15.4,31.3,13.7
35.2,1.0,26.2,40.3,19.5,21.5,19.3,340.0,6.1,68.5,14.7
244.0,343.0,63.2,160.0,37.5,1.17,75.0,189.0,1.0,15.5,7.3
704.0,1346.0,382.0,583.0,6.67,71.7,433.0,8.66,217.0,1230.0,496.0
41.4,28.6,6.92,2.37,4.96,30.8,61.5,638.0,11.4,23.3,5.52
69.2,18.1,9.39,164.0,27.9,13.5,26.9,259.0,47.4,69.8,27.6
31.6,64.4,437.0,757.0,16.4,76.4,533.0,21.3,74.3,474.0,215.0
26.7,31.6,6.79,19.8,6.15,67.3,115.0,1715.0,29.2,54.2,37.5
54.7,18.9,3.02,4.37,13.8,21.7,35.9,235.0,14.1,25.7,10.8
308.0,509.0,557.0,922.0,15.1,43.3,178.0,8.82,48.7,302.0,87.4
40.7,31.3,12.7,127.0,13.8,16.7,26.9,382.0,33.7,70.4,67.9
151.0,44.5,5.62,142.0,13.0,6.38,11.7,259.0,14.5,37.5,12.0
223.0,372.0,149.0,257.0,5.73,27.9,113.0,2.69,49.6,302.0,167.0
16.3,9.47,10.2,65.5,28.6,13.3,24.6,692.0,13.8,29.2,41.0
55.2,55.2,8.43,146.0,21.5,13.6,27.9,649.0,7.17,21.7,23.3
113.0,78.4,20.7,28.9,7.43,79.9,133.0,692.0,6.21,10.9,1.68
20.0,19.1,10.2,14.3,16.7,21.1,19.6,325.0,21.7,38.9,20.5
32.8,18.4,6.49,24.4,4.61,22.3,36.8,322.0,20.2,34.3,3.05
21.9,2.53,23.9,20.5,1.0,22.3,21.1,279.0,1.02,2.92,1.32
43.3,16.4,17.6,24.6,7.3,22.5,25.0,319.0,4.1,24.1,5.33
644.0,1009.0,828.0,1472.0,80.6,32.8,160.0,6.67,59.4,340.0,80.6
241.0,319.0,11.8,123.0,44.1,7.77,47.4,1334.0,3.0,52.3,20.9
40.0,30.5,10.6,35.2,34.3,33.7,95.6,2666.0,24.8,42.6,13.1
24.1,13.6,16.3,19.1,1.0,82.0,195.0,2738.0,6.67,21.7,19.5
27.9,17.8,9.31,112.0,12.5,4.7,8.98,198.0,26.2,50.5,15.1
340.0,588.0,505.0,858.0,11.2,81.3,509.0,2.57,41.8,294.0,157.0
279.0,422.0,97.3,308.0,26.4,99.1,514.0,6.92,99.1,547.0,445.0
18.3,15.5,3.05,4.53,25.7,30.2,56.7,1486.0,29.2,69.8,26.9
49.1,26.7,22.7,81.3,12.0,49.1,101.0,2227.0,9.39,22.9,20.4
487.0,685.0,13.0,18.4,4.7,5.0,121.0,392.0,17.8,41.8,17.2
75.0,24.8,9.91,16.5,88.2,15.8,31.1,429.0,1.72,2.64,2.71
31.1,20.2,23.9,400.0,110.0,9.14,13.2,567.0,31.3,80.6,106.0
204.0,75.7,21.7,179.0,57.8,4.57,19.3,359.0,17.9,24.4,6.49
84.3,34.6,27.1,85.1,47.0,8.58,20.7,632.0,13.2,13.8,3.25
160.0,248.0,375.0,704.0,8.51,27.4,142.0,4.49,117.0,730.0,146.0
52.3,14.6,11.4,127.0,43.3,17.9,33.4,483.0,32.8,42.6,13.8
9.39,18.1,14.2,17.6,8.13,11.2,21.1,457.0,115.0,184.0,27.6
25.0,14.6,12.6,139.0,33.4,10.1,22.7,433.0,22.5,33.1,2.0
38.9,5.38,22.3,87.4,22.1,20.5,49.6,1046.0,5.38,5.42,4.87
33.7,19.6,8.9,28.4,20.9,6.85,18.8,1134.0,17.8,24.6,5.28
302.0,445.0,13.3,25.7,2.53,7.17,90.6,1144.0,1.13,5.62,5.83
29.2,16.3,9.82,28.1,4.45,23.1,54.7,1420.0,17.9,28.1,54.7
61.5,17.2,17.8,10.1,16.7,14.9,33.1,542.0,11.1,20.9,154.0
217.0,308.0,267.0,496.0,7.3,30.5,231.0,13.9,135.0,750.0,297.0
60.4,57.3,7.23,1.0,8.43,93.1,165.0,1946.0,5.0,16.7,78.4
39.6,1.0,33.7,621.0,142.0,2.94,15.7,562.0,1.0,11.2,2.53
15.5,26.2,19.6,20.2,11.3,8.74,28.4,407.0,8.58,21.3,34.6
113.0,103.0,19.8,33.7,16.7,160.0,257.0,1794.0,27.4,64.9,84.3
34.3,18.8,3.65,1.7,16.5,352.0,519.0,1263.0,18.3,59.4,35.9
42.2,73.0,19.3,56.2,50.5,5.62,67.9,1778.0,1.0,20.9,4.33
372.0,533.0,1263.0,1999.0,47.0,27.9,184.0,1.09,114.0,730.0,207.0
39.6,28.1,20.9,18.8,15.3,24.1,39.2,604.0,13.6,31.3,39.2
139.0,50.0,1.0,2.59,11.4,18.4,44.1,292.0,17.5,47.4,118.0
50.5,28.1,49.1,60.4,41.8,31.6,51.9,1219.0,8.58,53.3,12.5
31.1,18.8,6.15,191.0,13.0,10.6,21.9,466.0,13.7,26.7,15.0
17.3,19.6,11.9,83.5,13.3,15.1,27.4,523.0,4.87,12.3,31.3
5.78,1.01,8.82,60.4,31.1,15.5,31.3,730.0,3.31,15.8,56.2
79.9,52.3,6.67,1.68,2.67,9.91,23.1,509.0,73.0,142.0,30.2
11.2,49.6,26.4,44.5,33.7,26.9,47.8,382.0,7.99,26.4,40.3
30.5,25.5,13.7,98.2,10.9,8.43,26.4,250.0,14.9,18.8,11.5
55.2,32.2,13.6,142.0,10.2,9.47,25.5,346.0,7.7,23.5,28.4
164.0,87.4,22.1,26.4,1.96,12.1,13.9,533.0,12.5,31.9,25.7
58.3,15.5,5.94,1.25,2.97,25.0,52.3,365.0,2.09,24.8,74.3
28.9,20.7,104.0,519.0,88.2,25.0,35.5,426.0,51.4,106.0,179.0
32.5,14.5,9.56,52.8,18.8,22.3,37.2,483.0,16.7,43.3,18.6
18.3,4.1,14.5,149.0,25.0,18.9,39.6,355.0,4.74,17.5,67.3
48.7,11.0,18.6,248.0,48.3,10.7,15.1,235.0,1.0,1.0,1.11
26.7,22.7,15.8,137.0,30.8,61.0,93.9,882.0,9.73,26.4,54.2
102.0,30.8,9.06,95.6,18.6,4.18,17.2,621.0,5.99,15.5,4.87
43.7,23.1,17.0,17.9,2.86,38.2,47.0,264.0,7.91,15.4,24.1
5.0,18.6,10.1,72.3,19.3,24.1,32.8,368.0,10.3,12.0,2.39
59.9,21.9,11.5,17.2,13.3,8.82,24.8,965.0,9.22,44.9,3.85
259.0,372.0,118.0,193.0,1.26,26.7,184.0,1.0,239.0,1512.0,422.0
33.1,28.9,26.7,22.9,4.66,18.9,41.8,509.0,13.3,21.3,11.4
6.79,5.57,47.8,176.0,57.8,27.4,45.7,352.0,17.0,20.0,22.1
27.1,1.11,27.4,35.9,14.1,20.4,22.3,297.0,1.0,15.4,1.49
1.35,8.82,18.8,14.9,7.17,14.6,18.4,457.0,11.0,13.6,6.55
20.7,12.7,20.9,25.5,9.82,17.9,25.0,632.0,3.85,7.99,46.1
43.3,27.1,33.4,30.2,11.9,9.73,20.7,215.0,3.05,20.9,1.0
10.8,15.0,23.5,28.4,55.7,1.22,14.7,828.0,18.9,31.9,10.1
86.6,125.0,8.28,10.6,47.0,73.7,170.0,3134.0,21.1,63.2,25.7
36.2,1.01,17.6,21.3,20.0,10.2,14.5,286.0,2.09,165.0,1.0
67.3,25.0,23.5,4.07,28.1,50.9,89.0,1018.0,17.5,22.5,9.82
11.0,18.6,12.6,269.0,17.6,15.4,28.1,487.0,8.9,20.9,32.5
35.2,29.7,18.3,47.8,48.3,17.2,31.1,445.0,10.1,17.6,10.0
71.7,94.7,14.7,53.8,13.1,2.81,97.3,316.0,2.13,23.5,9.31
42.9,1.0,38.9,18.6,30.2,8.13,11.7,286.0,1.0,1.01,1.0
42.2,22.3,1.36,38.5,21.5,24.1,39.6,588.0,20.4,34.0,16.4
31.1,12.2,3.82,25.9,33.1,6.73,9.56,343.0,39.6,80.6,39.2
35.2,1.0,17.8,26.4,7.77,7.91,18.8,389.0,1.76,43.3,4.14
28.9,29.4,23.7,50.9,93.9,6.98,19.1,552.0,15.5,29.2,12.7
21.9,18.3,1.0,89.0,5.88,3.89,12.4,491.0,9.06,27.4,16.7
16.1,18.6,28.4,143.0,13.3,47.8,69.2,445.0,56.7,149.0,337.0
57.3,23.7,9.56,1.83,9.47,17.6,49.6,717.0,22.1,40.3,12.1
231.0,372.0,820.0,1778.0,25.9,121.0,858.0,12.1,143.0,947.0,1018.0
13.0,4.37,11.9,41.0,17.9,7.23,31.1,1486.0,18.8,46.1,20.0
578.0,906.0,10.6,139.0,26.9,9.82,66.1,1554.0,1.76,20.2,11.0
286.0,403.0,11.9,80.6,50.9,1.29,98.2,286.0,1.45,41.0,10.7
18.1,22.7,4.07,163.0,12.2,14.1,28.4,610.0,7.3,10.7,4.18
74.3,120.0,19.1,115.0,15.0,1.18,42.2,118.0,1.0,22.9,11.3
939.0,1370.0,96.5,188.0,8.58,26.4,200.0,5.62,20.9,127.0,50.9
50.9,2.15,29.2,21.7,38.9,18.6,25.9,407.0,1.45,111.0,11.9
146.0,191.0,22.9,24.8,9.73,20.2,64.9,1114.0,1.0,28.4,17.8
274.0,196.0,22.3,43.7,8.35,6.73,23.1,1104.0,8.98,25.7,17.2
19.3,1.01,22.3,239.0,38.2,26.2,26.2,337.0,1.0,3.11,1.09
1.02,2.13,33.7,163.0,55.7,6.55,12.6,626.0,1.31,25.5,1.09
19.1,40.7,13.1,22.3,9.47,13.0,26.9,403.0,14.7,18.6,15.3
106.0,58.8,14.6,18.3,3.65,11.5,21.7,661.0,7.1,18.1,30.2
27.6,21.3,4.26,1.88,11.9,9.39,19.6,828.0,5.78,13.6,78.4
50.0,28.1,12.3,117.0,16.3,27.6,40.0,223.0,5.94,24.4,103.0
259.0,172.0,1.0,1.41,15.5,21.5,42.6,407.0,39.2,73.7,48.3
69.2,35.5,17.3,50.0,19.8,8.51,18.6,151.0,12.0,31.1,27.6
15.4,1.95,20.5,235.0,25.0,17.0,27.1,403.0,1.0,10.6,1.5
51.9,37.5,53.3,198.0,71.0,9.22,18.1,533.0,19.3,29.4,54.7
2.37,2.29,78.4,379.0,57.8,9.65,29.7,478.0,15.5,17.8,44.5
32.2,19.1,14.3,77.0,12.1,17.5,30.2,562.0,18.3,50.0,62.6
355.0,519.0,4.91,157.0,20.2,1.0,14.3,123.0,1.89,23.3,2.71
21.7,18.6,11.1,19.5,12.7,19.6,34.0,305.0,17.6,30.0,12.2
59.4,75.0,22.7,29.2,3.75,32.2,42.6,615.0,3.37,17.6,80.6
23.9,14.6,11.9,233.0,43.7,71.7,92.2,1395.0,7.84,40.0,52.8
667.0,1219.0,237.0,407.0,6.38,57.8,343.0,7.64,96.5,466.0,133.0
221.0,328.0,30.2,46.6,16.3,2.81,28.6,69.2,1.0,25.7,8.74
62.1,31.9,23.5,20.4,17.5,22.1,27.9,414.0,27.9,58.8,72.3
125.0,61.0,23.1,41.4,10.5,8.98,61.0,874.0,13.9,15.7,2.97
38.2,25.9,45.7,39.6,13.1,20.2,42.6,362.0,3.43,13.0,52.8
53.3,21.5,6.85,2.92,39.2,19.1,55.7,679.0,64.9,114.0,47.8
18.9,26.2,24.8,264.0,69.8,31.1,93.9,1134.0,12.9,9.65,10.0
27.6,18.1,35.5,340.0,26.9,17.9,30.0,379.0,7.7,39.6,42.9
246.0,302.0,750.0,1322.0,41.8,63.2,514.0,9.22,24.6,82.8,599.0
158.0,259.0,9.47,32.2,19.5,3.62,52.3,1075.0,1.0,69.8,5.38
34.6,14.5,17.0,100.0,15.8,22.1,26.7,204.0,23.3,48.7,47.8
56.2,27.4,6.15,225.0,71.7,15.5,24.4,349.0,14.1,20.5,11.9
104.0,26.2,11.4,11.9,22.1,9.56,15.0,349.0,1.36,31.9,1.0
106.0,34.3,31.9,58.8,67.3,14.3,40.7,281.0,18.3,24.1,9.31
94.7,38.2,16.1,211.0,32.2,16.0,28.9,538.0,9.39,19.6,9.91
311.0,441.0,12.9,24.8,26.7,1.0,49.6,82.0,1.83,7.43,3.43
32.8,22.9,19.5,21.7,13.1,20.7,50.5,737.0,9.91,22.7,22.1
33.4,15.7,21.5,23.1,6.61,4.1,27.6,583.0,20.5,23.7,10.5
85.8,82.0,120.0,325.0,79.1,6.61,10.9,723.0,12.1,21.9,5.42
17.8,17.2,2.02,202.0,19.3,13.2,13.2,692.0,1.45,6.44,2.69
319.0,422.0,5.78,89.0,38.5,2.0,50.0,195.0,1.0,40.0,4.96
18.8,19.5,25.9,322.0,51.9,10.5,23.1,365.0,3.79,10.9,73.7
274.0,433.0,8.13,146.0,31.6,2.11,64.4,322.0,2.67,107.0,349.0
13.9,39.6,15.4,22.5,7.1,31.1,43.3,396.0,72.3,167.0,372.0
8.2,9.91,6.26,13.8,9.14,26.4,30.5,389.0,17.5,17.6,5.23
58.3,1.0,9.91,19.5,24.1,22.7,32.2,264.0,3.59,2.81,1.43
7.17,16.3,13.0,104.0,39.2,5.09,16.7,757.0,15.1,18.9,1.49
24.6,16.0,6.92,9.39,8.06,15.7,53.8,346.0,9.31,18.1,12.5
26.7,18.6,48.7,44.1,3.79,14.1,16.3,791.0,7.99,20.9,21.9
82.0,28.1,13.2,79.9,33.4,8.43,17.8,594.0,29.7,47.8,83.5
38.5,2.07,19.6,80.6,23.1,15.3,21.7,292.0,1.0,500.0,4.49
470.0,704.0,17.2,21.7,5.62,1.0,38.2,54.7,3.05,24.8,17.9
42.2,27.6,21.5,67.9,12.3,8.28,15.8,562.0,21.9,29.7,8.28
105.0,105.0,7.7,26.4,25.9,7.04,38.5,890.0,23.5,59.4,200.0
17.6,10.6,12.9,141.0,42.2,8.13,9.47,289.0,12.9,3.65,1.96
64.9,32.2,7.99,34.3,3.79,3.65,12.2,119.0,21.1,36.8,22.9
47.4,1.67,66.7,311.0,100.0,3.92,16.8,505.0,1.0,43.3,1.0
62.1,30.2,17.8,15.4,6.55,8.13,22.1,457.0,10.0,17.6,8.13
13.1,40.0,5.0,29.4,38.5,13.1,17.2,262.0,6.21,12.0,6.21
59.9,15.4,11.1,78.4,8.13,9.91,34.6,991.0,17.8,31.9,5.14
81.3,38.5,8.43,1.12,1.0,16.8,36.5,519.0,27.6,52.8,13.1
193.0,337.0,66.1,98.2,8.98,73.0,437.0,20.4,231.0,1407.0,922.0
19.5,2.92,28.9,151.0,42.2,3.52,23.1,426.0,1.0,12.0,1.45
48.7,17.3,1.38,13.6,56.2,4.96,26.9,1263.0,11.0,15.7,8.9
61.5,93.1,17.0,21.1,1.01,4.26,15.1,599.0,23.9,38.5,106.0
12.5,19.3,33.1,322.0,294.0,35.2,51.4,231.0,8.9,15.3,13.9
449.0,644.0,5.0,111.0,18.3,2.59,84.3,172.0,1.0,15.4,3.25
538.0,843.0,365.0,578.0,3.62,24.8,219.0,15.7,583.0,3051.0,1241.0
36.2,11.3,15.5,16.4,37.9,15.3,22.9,414.0,4.14,10.4,68.5
52.8,14.2,13.6,11.2,7.91,6.98,24.6,422.0,2.19,9.14,67.3
105.0,58.3,7.84,175.0,55.7,7.91,13.7,453.0,23.1,26.9,15.1
39.2,29.2,40.3,302.0,72.3,7.43,18.8,698.0,1.53,1.45,7.64
89.0,146.0,12.0,30.5,6.79,1.0,58.3,223.0,4.74,15.3,7.7
368.0,557.0,655.0,1176.0,25.9,22.9,170.0,11.9,547.0,2969.0,874.0
67.3,33.4,67.9,418.0,138.0,16.0,24.6,403.0,18.1,24.4,3.96
59.9,30.5,8.51,6.55,8.74,10.4,22.3,368.0,13.7,25.0,14.3
49.1,43.3,31.1,32.8,17.8,19.6,42.2,599.0,4.07,16.7,24.4
20.9,15.8,1.04,1.3,17.9,16.4,24.4,262.0,25.5,53.8,28.6
14.6,11.0,8.35,175.0,32.2,8.35,25.9,965.0,23.9,35.2,5.19
85.1,28.6,11.1,101.0,62.1,10.5,27.1,1310.0,27.1,37.2,10.7
32.5,23.7,28.1,28.1,22.5,31.3,44.9,610.0,18.4,53.3,115.0
57.3,35.5,15.3,21.7,20.2,19.5,38.5,396.0,2.62,27.9,8.9
173.0,193.0,10.7,289.0,55.7,27.1,47.8,1568.0,20.9,32.2,6.73
154.0,136.0,17.2,42.6,78.4,4.29,23.5,1000.0,17.3,12.4,5.88
28.6,20.2,9.31,12.1,3.13,14.1,17.2,583.0,4.29,19.6,73.7
63.8,23.7,1.0,118.0,10.9,51.4,100.0,1334.0,22.9,54.7,17.8
71.0,80.6,5.73,1.54,24.6,1.0,153.0,418.0,1.0,13.5,5.94
37.2,24.4,2.69,3.0,19.5,21.7,41.0,349.0,8.35,24.4,9.82
10.8,5.33,23.9,49.1,12.9,11.0,22.9,483.0,2.35,21.1,85.8
225.0,163.0,82.8,112.0,23.5,24.4,36.5,717.0,40.7,72.3,202.0
31.6,49.6,9.22,167.0,23.7,84.3,103.0,311.0,5.47,15.3,23.1
621.0,1027.0,229.0,466.0,5.78,15.0,121.0,4.61,17.9,130.0,66.7
30.0,3.68,16.0,12.9,18.4,19.6,20.7,382.0,1.81,1.72,3.59
27.1,3.25,14.6,13.0,10.7,29.2,32.8,396.0,10.3,1.72,1.05
16.8,46.1,18.6,63.2,11.8,18.9,31.9,649.0,8.2,23.5,50.9
41.8,26.2,23.1,26.2,4.61,2.09,18.4,362.0,13.7,29.2,20.9
33.4,27.4,10.1,61.5,13.1,10.8,24.1,573.0,3.37,4.14,8.9
37.5,17.6,6.61,181.0,13.9,23.9,39.2,644.0,13.2,33.7,56.2
32.8,18.3,23.5,23.1,3.31,53.8,85.1,610.0,10.5,35.5,53.3
13.2,6.79,6.21,149.0,27.6,32.8,50.9,418.0,25.3,26.9,10.0
79.9,58.8,7.99,2.64,3.34,10.6,23.9,392.0,47.8,69.2,35.5
71.7,47.4,15.7,215.0,20.4,10.7,19.3,331.0,1.39,9.22,2.89
19.3,13.8,21.3,30.8,15.5,4.7,42.9,538.0,14.1,31.9,48.3
16.5,33.4,7.7,120.0,46.1,14.1,27.6,414.0,7.1,5.99,13.0
5.28,1.01,4.37,10.3,13.9,4.18,23.1,621.0,1.0,1.0,1.95
44.9,20.0,8.43,155.0,16.4,12.3,27.9,359.0,23.1,41.0,17.8
26.4,1.0,24.1,13.9,12.1,10.7,31.3,956.0,1.0,48.7,1.0
10.9,4.96,14.3,16.1,20.7,11.3,17.6,284.0,2.92,1.0,2.92
92.2,69.8,55.2,375.0,130.0,69.8,111.0,1018.0,1.0,6.73,5.52
44.1,20.0,34.9,43.3,21.7,54.2,153.0,1459.0,9.47,17.8,44.9
34.0,1.0,7.37,16.1,12.7,11.9,17.5,267.0,3.96,9.82,1.11
64.9,93.1,7.17,111.0,43.3,2.23,50.5,133.0,4.18,29.2,7.64
96.5,40.0,1.0,3.25,15.1,27.1,48.3,757.0,24.8,43.7,20.0
31.3,21.3,10.3,33.1,81.3,16.1,23.5,588.0,21.3,41.8,21.3
39.6,13.2,14.1,292.0,54.2,1.0,3.31,31.9,18.4,14.5,11.9
53.8,1.09,20.2,18.3,32.8,6.98,14.5,294.0,1.0,1.0,2.19
77.0,21.1,2.33,7.17,3.13,38.5,119.0,1472.0,13.6,15.5,11.3
1114.0,1685.0,158.0,286.0,9.65,19.1,75.0,6.1,25.7,146.0,46.1
164.0,225.0,18.4,52.8,1.46,50.0,68.5,453.0,2.39,18.4,13.9
31.6,16.8,6.61,3.52,5.67,16.4,39.6,1009.0,2.19,23.9,112.0
14.7,18.6,11.2,45.3,10.1,22.5,27.4,209.0,11.1,33.1,16.0
67.3,113.0,269.0,1165.0,63.8,7.7,14.5,120.0,59.9,365.0,106.0
38.2,20.4,15.1,4.91,19.8,45.7,138.0,2227.0,16.7,43.7,73.0
71.0,1.38,24.1,150.0,46.1,13.7,17.2,276.0,1.0,1.0,1.73
75.0,33.4,1.0,31.6,1.0,19.8,27.6,505.0,18.6,31.1,7.64
34.6,1.33,79.1,178.0,50.5,4.61,16.8,644.0,1.0,349.0,1.0
60.4,29.4,27.1,16.5,2.07,8.13,26.7,583.0,20.7,37.2,32.5
59.9,19.1,11.4,184.0,34.6,19.3,61.0,1310.0,7.17,10.8,10.4
47.8,34.0,7.57,2.84,24.4,21.5,42.9,257.0,11.5,33.1,9.47
389.0,426.0,36.8,119.0,23.1,1.0,36.8,87.4,12.0,43.7,20.9
26.7,15.7,28.1,334.0,48.3,14.1,21.1,906.0,5.88,28.4,21.9
24.1,18.3,17.9,97.3,7.1,63.2,112.0,1911.0,17.6,27.9,35.2
28.9,16.5,20.2,23.7,4.14,4.7,18.9,7.43,1.68,91.4,3.55
19.1,13.2,24.4,147.0,14.6,66.7,93.1,757.0,12.6,43.7,82.8
14.3,16.8,1.81,5.73,27.6,12.9,33.7,523.0,47.8,106.0,58.8
231.0,322.0,14.1,21.7,14.2,1.0,66.7,62.6,15.1,59.9,14.5
14.5,13.0,26.4,18.1,9.31,41.0,75.7,638.0,1.0,2.21,42.6
8.06,15.7,27.9,31.3,9.47,14.2,36.8,851.0,9.82,15.4,37.2
523.0,813.0,16.1,5.83,27.4,1.43,149.0,346.0,7.5,61.5,21.7
14.9,16.8,12.5,31.6,12.7,17.8,28.1,276.0,18.1,35.9,19.1
11.8,8.35,22.3,24.8,4.83,13.6,13.8,328.0,5.78,26.9,30.0
106.0,102.0,69.8,359.0,68.5,10.9,25.5,828.0,4.78,15.1,5.78
82.8,37.5,1.0,7.3,1.12,15.3,24.6,396.0,14.9,34.9,8.98
63.2,37.2,37.9,81.3,39.2,316.0,621.0,1472.0,18.1,30.8,9.73
523.0,866.0,106.0,198.0,3.72,36.8,217.0,1.0,158.0,931.0,322.0
66.1,23.1,3.08,1.23,22.7,28.4,55.2,982.0,6.73,36.5,81.3
153.0,107.0,11.4,75.0,8.66,15.0,63.2,2969.0,14.1,14.9,6.73
46.1,29.7,31.3,737.0,155.0,6.1,23.9,1568.0,34.3,47.8,20.5
51.9,1.03,89.8,542.0,150.0,18.8,25.0,281.0,3.75,1.11,1.5
58.3,21.9,14.9,18.4,30.2,5.47,17.2,982.0,16.3,21.5,15.5
25.7,2.19,20.2,23.1,18.3,14.2,22.7,297.0,1.0,1.01,2.37
93.1,27.1,3.79,1.75,20.9,17.0,29.7,583.0,35.5,61.0,32.2
45.3,9.39,12.2,53.8,27.6,4.29,27.6,599.0,38.2,80.6,139.0
42.6,33.1,28.9,24.6,10.6,12.2,20.2,505.0,5.94,15.5,4.07
23.9,18.1,6.1,7.23,17.2,10.0,41.8,5.67,19.6,28.1,9.14
33.7,20.4,25.5,24.6,6.73,11.9,58.3,325.0,13.9,14.9,32.5
85.1,34.9,1.0,325.0,23.5,44.1,86.6,799.0,23.9,41.8,16.7
24.6,1.78,72.3,449.0,141.0,15.0,13.9,289.0,1.0,2.04,1.93
33.4,1.01,35.2,34.6,28.6,7.57,12.4,241.0,1.49,42.9,3.72
55.2,22.3,17.6,22.5,9.39,23.7,27.6,375.0,24.6,53.8,22.5
79.9,71.7,15.8,61.0,27.4,1.75,21.3,110.0,2.31,16.7,2.11
47.4,40.0,20.9,21.7,15.8,81.3,121.0,1877.0,7.3,28.1,93.1
83.5,54.2,60.4,48.3,14.9,31.3,51.9,621.0,14.1,16.4,25.3
372.0,588.0,16.5,379.0,64.4,2.41,110.0,331.0,1.81,21.3,15.3
15.0,39.6,14.9,414.0,77.0,6.61,6.73,400.0,23.3,40.7,77.7
50.5,1.01,19.3,13.7,16.4,19.6,20.7,281.0,1.0,1.0,1.0
85.8,20.5,135.0,422.0,250.0,22.3,46.1,1486.0,6.04,7.64,4.37
8.66,22.5,8.74,31.6,46.6,13.9,25.0,626.0,29.4,34.0,1.93
51.9,17.8,1.0,1.01,10.3,36.2,72.3,2091.0,8.2,17.3,32.8
49.6,39.6,37.5,53.8,13.9,7.77,22.1,57.3,21.9,49.6,70.4
21.1,15.8,7.43,2.48,21.5,13.8,36.2,784.0,25.3,45.3,82.0
37.9,6.73,11.0,34.0,35.9,31.1,34.6,316.0,8.13,14.5,6.85
33.7,21.5,18.9,217.0,9.22,14.1,18.6,542.0,10.4,19.3,40.7
60.4,40.7,27.6,22.1,5.0,18.6,41.0,1124.0,7.7,23.3,17.9
17.5,15.5,25.9,26.4,14.6,15.4,36.5,217.0,35.5,77.0,20.0
54.7,28.1,1.15,4.61,26.4,28.1,46.1,375.0,51.9,67.9,1.67
939.0,1382.0,10.9,15.8,13.6,6.67,57.8,308.0,2.71,18.3,6.49
34.9,21.3,9.22,178.0,7.7,38.9,64.4,1911.0,29.7,42.2,12.4
7.17,17.0,23.7,23.3,5.33,25.7,41.0,491.0,14.7,28.6,54.7
22.3,24.8,200.0,343.0,7.23,40.7,279.0,12.6,33.7,200.0,137.0
55.2,32.2,1.96,300.0,30.8,5.14,91.4,791.0,10.6,31.9,18.3
250.0,365.0,437.0,799.0,13.3,57.3,355.0,18.1,172.0,1027.0,784.0
34.0,22.5,93.9,667.0,73.7,22.9,38.9,433.0,34.6,54.7,37.5
17.8,13.3,22.9,13.1,3.34,102.0,172.0,3338.0,6.73,27.1,54.2
157.0,231.0,18.8,15.7,15.0,25.5,97.3,757.0,3.05,10.0,7.84
44.5,33.7,19.3,35.2,12.0,3.68,21.9,445.0,10.5,16.8,25.3
106.0,68.5,12.4,175.0,16.8,12.3,40.3,685.0,8.74,28.4,9.91
40.7,16.7,1.45,5.19,4.07,17.3,63.8,2054.0,3.13,18.6,65.5
429.0,667.0,4.07,15.4,25.7,1.0,47.0,87.4,2.79,31.1,49.1
253.0,372.0,17.9,32.5,31.9,6.98,64.9,246.0,1.42,39.6,117.0
73.0,28.6,8.28,6.79,25.3,26.2,30.5,289.0,11.2,18.9,9.31
78.4,25.7,10.7,466.0,46.6,11.8,17.6,334.0,8.06,17.2,18.6
55.2,51.4,17.6,18.3,16.7,17.5,19.5,319.0,1.84,12.6,67.9
67.3,72.3,10.5,119.0,5.19,23.3,41.0,632.0,47.4,131.0,264.0
25.7,24.6,19.5,117.0,79.1,10.0,25.7,799.0,17.2,26.2,15.8
40.3,19.6,17.0,79.9,39.2,33.7,114.0,2480.0,23.1,34.9,11.0
198.0,340.0,115.0,193.0,1.95,23.7,184.0,7.77,400.0,2480.0,757.0
313.0,500.0,68.5,101.0,11.1,11.8,83.5,132.0,33.4,150.0,151.0
64.9,51.9,17.0,135.0,16.7,15.0,23.9,764.0,7.57,17.0,26.9
661.0,1037.0,10.3,77.7,14.1,1.54,20.5,60.4,3.43,18.1,4.91
294.0,414.0,104.0,191.0,10.6,31.1,255.0,5.33,28.9,160.0,66.1
17.9,18.1,4.1,1.0,20.9,24.1,35.9,302.0,18.9,40.3,13.5
76.4,18.6,6.44,1.47,21.3,47.4,119.0,2393.0,2.64,17.5,62.6
24.4,1.1,24.8,22.7,15.5,15.5,15.4,325.0,1.0,1.0,2.35
86.6,57.8,6.67,27.9,20.0,28.9,56.7,2503.0,12.2,18.8,23.9
24.6,9.65,37.5,40.3,18.1,35.5,130.0,2763.0,36.8,49.6,59.9
63.8,22.1,5.78,8.74,14.2,17.6,31.3,362.0,5.83,21.9,34.9
11.7,8.74,13.0,14.3,45.7,31.1,56.7,1065.0,1.6,13.2,4.7
62.1,24.8,2.86,1.01,12.1,74.3,145.0,730.0,16.1,35.9,5.83
12.5,9.06,14.2,179.0,23.7,13.0,30.0,400.0,22.5,42.9,59.9
66.1,19.3,10.8,1.0,16.7,13.9,38.2,255.0,16.1,30.2,11.2
45.3,21.5,15.4,115.0,29.4,3.96,60.4,757.0,8.06,13.7,21.3
61.0,76.4,123.0,276.0,13.9,79.9,500.0,8.51,730.0,3752.0,2187.0
14.3,22.1,18.4,11.4,1.68,22.5,39.2,426.0,8.9,17.3,3.19
58.3,18.8,13.5,27.9,12.2,13.1,25.3,1877.0,31.6,47.4,13.8
281.0,426.0,14.5,54.7,16.1,17.0,59.4,858.0,1.96,26.9,6.49
93.9,45.3,21.3,25.3,28.6,12.6,31.1,478.0,6.73,20.4,1.6
396.0,673.0,297.0,610.0,11.2,4.33,20.9,3.65,1018.0,5186.0,1554.0
19.5,26.4,7.5,21.5,93.9,3.46,13.7,882.0,22.5,41.8,13.0
44.5,17.9,37.9,64.4,27.4,75.7,147.0,1065.0,12.3,19.6,21.5
48.3,26.4,2.67,6.49,18.3,90.6,248.0,914.0,5.88,51.9,119.0
25.3,38.5,21.5,48.3,75.0,19.1,33.7,308.0,89.0,138.0,46.6
95.6,65.5,158.0,392.0,93.1,17.2,36.5,514.0,57.3,133.0,188.0
48.3,47.0,18.4,14.5,3.11,15.8,60.4,2227.0,8.9,24.4,39.2
126.0,204.0,164.0,308.0,2.53,99.1,835.0,16.8,1358.0,6436.0,2110.0
157.0,97.3,28.4,25.5,6.04,13.0,21.9,414.0,7.77,19.5,41.0
25.9,19.3,50.9,698.0,204.0,10.3,28.6,757.0,8.82,3.05,2.67
57.3,1.01,71.0,204.0,130.0,5.88,9.73,403.0,7.17,21.5,5.42
175.0,49.1,7.84,7.77,26.2,17.3,34.0,313.0,14.2,14.6,2.97
730.0,1208.0,233.0,379.0,9.47,51.9,163.0,18.1,196.0,1084.0,389.0
85.1,21.9,1.08,1.0,7.5,8.74,18.8,355.0,5.83,17.9,103.0
48.3,18.4,13.9,132.0,12.5,12.5,33.1,882.0,49.1,107.0,211.0
80.6,57.8,7.23,165.0,15.5,5.09,8.9,346.0,11.2,21.1,33.4
835.0,1322.0,91.4,181.0,4.91,59.4,429.0,5.28,126.0,820.0,207.0
20.5,32.5,11.1,289.0,64.9,19.8,34.3,337.0,15.3,8.58,10.3
47.0,1.3,47.4,115.0,22.1,8.28,12.1,300.0,1.64,1.84,1.42
69.8,50.0,20.7,19.5,12.3,59.4,104.0,337.0,34.3,72.3,139.0
27.6,25.5,19.8,36.8,5.42,12.6,20.5,562.0,12.4,46.6,52.3
21.1,6.55,24.6,28.1,3.68,15.5,41.0,882.0,7.7,10.8,14.7
89.8,32.8,8.2,36.8,35.2,12.9,26.7,717.0,2.17,11.7,24.8
95.6,28.9,7.64,14.2,23.7,13.2,30.8,730.0,14.5,34.9,41.8
36.2,18.6,19.1,14.1,16.0,19.1,30.5,661.0,13.3,19.1,37.2
31.3,32.8,10.6,25.7,49.1,11.4,38.9,1596.0,23.9,51.4,13.1
271.0,453.0,466.0,777.0,11.3,66.7,379.0,9.65,69.2,389.0,175.0
56.7,31.3,7.77,4.07,8.98,80.6,143.0,557.0,15.7,37.2,15.1
36.5,22.5,17.2,16.5,7.3,21.5,48.7,604.0,21.9,42.9,44.1
28.1,30.5,9.73,52.3,5.99,3.49,15.3,19.8,15.7,26.2,10.6
33.1,17.0,51.4,505.0,65.5,69.2,104.0,1000.0,5.38,135.0,10.6
141.0,229.0,5.67,13.5,40.3,1.03,233.0,441.0,1.0,19.6,8.06
44.9,31.3,23.9,30.2,8.58,26.9,71.7,1094.0,10.3,23.1,25.3
1286.0,1827.0,10.0,50.9,42.2,3.62,59.9,183.0,33.7,96.5,48.3
75.7,21.1,25.9,122.0,66.1,23.7,39.6,328.0,23.5,41.8,8.66
40.3,18.8,10.3,145.0,21.3,19.5,30.8,599.0,6.21,22.3,27.6
46.6,18.3,33.7,65.5,4.87,21.1,35.2,429.0,15.0,37.5,21.7
223.0,153.0,10.7,87.4,6.04,38.2,69.2,2288.0,34.9,80.6,120.0
300.0,449.0,22.7,25.9,5.73,11.3,67.9,1407.0,4.22,48.3,12.0
91.4,26.2,22.9,43.3,27.1,20.2,36.2,328.0,12.2,22.9,3.02
84.3,46.1,4.45,1.01,11.5,5.99,14.1,18.6,21.1,59.9,274.0
22.5,1.72,20.5,112.0,31.1,3.22,7.1,346.0,1.0,1.0,2.92
32.8,20.9,16.7,632.0,120.0,3.55,29.4,1640.0,22.3,34.6,6.15
58.8,40.0,22.5,63.8,23.1,11.3,15.0,528.0,67.9,97.3,3.89
21.3,14.2,22.3,47.0,20.7,132.0,196.0,1310.0,11.1,21.1,58.8
16.3,16.1,5.38,5.62,11.8,28.9,41.0,300.0,8.13,20.0,25.0
14.9,15.0,17.6,170.0,24.1,22.7,32.2,453.0,18.6,31.1,79.9
965.0,1459.0,11.9,23.7,18.8,26.9,93.9,1275.0,2.19,35.9,7.37
42.9,23.1,4.14,200.0,16.7,19.1,45.3,1252.0,25.7,27.9,17.9
34.0,14.7,2.48,2.64,16.1,44.1,85.8,1114.0,1.86,19.5,25.7
58.3,40.7,16.5,150.0,12.5,14.9,35.2,914.0,3.85,13.9,28.4
62.6,38.5,8.43,3.79,7.57,143.0,211.0,874.0,29.7,48.7,14.6
56.7,47.4,13.6,141.0,46.6,1.76,44.5,161.0,1.89,34.3,12.4
34.0,23.3,10.6,198.0,28.4,15.1,30.0,898.0,17.6,21.3,10.3
74.3,16.5,53.3,47.8,50.9,22.3,37.5,461.0,22.1,49.1,14.2
34.0,16.0,12.1,289.0,22.7,17.8,20.7,505.0,13.3,29.7,32.5
121.0,165.0,743.0,1407.0,5.57,16.4,184.0,63.2,113.0,685.0,246.0
131.0,85.1,25.3,191.0,88.2,13.3,28.1,410.0,10.4,14.9,6.44
211.0,286.0,19.3,27.4,2.62,1.0,33.7,146.0,1.51,48.3,12.5
103.0,35.2,1.0,1.01,11.8,13.7,25.5,382.0,14.9,25.5,8.28
196.0,163.0,3.85,311.0,59.9,22.9,25.3,470.0,2.15,6.61,2.81
96.5,46.1,13.6,136.0,3.43,16.0,32.5,505.0,13.5,20.5,46.1
5.38,17.6,35.5,557.0,61.5,32.8,55.7,843.0,36.8,61.5,125.0
42.6,16.3,2.27,271.0,17.9,9.06,23.7,538.0,27.1,41.0,14.2
16.1,6.26,20.2,17.3,8.82,75.0,125.0,1894.0,19.1,37.5,63.8
51.4,24.8,18.8,9.82,25.7,24.1,47.8,1114.0,3.28,18.9,56.7
56.7,1.86,4.22,6.21,20.0,4.1,26.2,437.0,1.0,6.98,1.0
79.9,34.0,13.0,209.0,50.9,11.3,24.4,487.0,16.4,18.6,11.9
79.9,64.9,6.61,1.01,1.0,20.0,33.1,334.0,11.7,24.1,6.61
50.5,29.2,15.0,143.0,7.91,17.9,32.5,470.0,6.85,24.4,15.7
19.6,5.05,42.6,84.3,30.8,25.3,64.9,1778.0,7.7,22.3,61.0
12.6,16.3,15.5,62.6,19.1,28.6,47.0,483.0,6.32,20.0,43.7
175.0,231.0,11.2,110.0,42.6,12.3,141.0,3820.0,1.0,34.3,3.79
47.8,18.1,14.1,157.0,22.7,8.2,16.5,219.0,1.0,1.0,9.73
52.8,19.5,19.3,54.7,47.4,43.7,57.3,661.0,11.2,38.9,98.2
368.0,632.0,1860.0,2890.0,93.1,96.5,583.0,8.13,118.0,679.0,138.0
30.8,20.5,8.06,1.47,28.9,29.7,47.4,655.0,12.6,31.3,7.7
69.8,47.4,18.8,135.0,23.7,8.06,36.8,1778.0,9.91,24.4,16.8
58.8,1.81,12.7,231.0,35.2,9.31,13.7,302.0,63.2,2525.0,12.6
23.1,21.7,25.3,17.3,11.3,14.3,30.0,835.0,9.82,25.3,14.2
33.7,18.4,10.2,12.1,12.1,6.26,13.9,389.0,52.8,73.0,2.69
56.2,29.4,42.2,13.1,49.6,3.37,8.74,389.0,3.75,5.78,4.57
241.0,418.0,343.0,655.0,10.0,91.4,519.0,9.56,51.9,264.0,483.0
26.9,15.1,18.6,20.5,8.43,20.4,38.5,437.0,11.7,24.4,15.4
63.2,27.4,14.5,80.6,41.0,15.1,38.2,453.0,13.6,32.8,13.1
89.0,151.0,125.0,286.0,4.7,29.4,191.0,4.74,61.0,346.0,131.0
15.7,29.7,11.4,92.2,50.5,4.74,13.3,710.0,1.0,1.0,5.33
118.0,39.2,66.1,75.0,14.1,4.33,11.1,562.0,18.3,36.5,13.3
52.3,33.1,54.7,334.0,47.0,87.4,146.0,2864.0,16.7,25.5,33.1
82.0,89.0,2.46,1.01,11.8,14.5,33.1,610.0,16.1,32.2,19.8
17.5,29.4,6.32,113.0,12.7,10.4,23.1,400.0,10.5,21.9,2.25
41.8,20.2,9.47,149.0,41.4,34.9,75.7,1241.0,3.08,24.8,25.5
41.8,25.7,20.9,14.1,5.38,12.9,35.2,362.0,13.1,21.7,21.5
679.0,1186.0,58.3,114.0,1.0,50.0,385.0,14.6,29.2,150.0,77.0
22.7,16.1,14.5,70.4,15.0,19.6,22.3,692.0,10.6,31.6,27.6
28.9,29.4,7.64,193.0,54.2,21.7,27.9,426.0,20.7,30.5,9.14
51.9,12.5,4.29,1.18,7.84,13.9,28.4,284.0,22.1,55.7,15.4
40.7,68.5,18.9,30.0,22.3,2.64,11.1,92.2,2.37,55.7,16.4
161.0,239.0,679.0,1124.0,25.0,33.4,257.0,30.8,22.5,158.0,43.7
48.3,19.1,3.08,1.96,8.13,13.8,44.9,1134.0,22.1,41.8,6.92
578.0,1009.0,248.0,523.0,3.92,56.7,313.0,23.9,55.7,313.0,44.9
44.1,33.7,41.0,325.0,31.6,10.6,36.8,470.0,1.03,59.4,6.38
76.4,22.7,10.1,71.7,24.4,38.5,88.2,500.0,20.9,24.1,13.2
14.9,11.9,21.5,22.9,11.2,48.3,79.9,514.0,53.8,109.0,164.0
161.0,269.0,14.3,21.9,17.9,31.3,202.0,4332.0,4.7,29.7,12.6
65.5,25.3,12.3,145.0,19.8,4.03,14.3,914.0,4.57,22.5,77.7
63.8,23.7,20.9,17.5,12.1,34.0,52.3,355.0,26.7,51.4,33.4
47.8,7.7,25.7,26.9,13.9,37.2,40.0,349.0,2.41,104.0,3.79
66.1,18.8,1.0,1.68,15.5,12.0,17.0,418.0,11.5,29.2,7.64
53.3,38.9,18.3,22.1,6.85,35.5,80.6,2308.0,20.0,45.7,66.1
22.9,26.2,20.0,207.0,17.2,19.6,35.5,791.0,12.1,16.3,36.8
31.6,13.0,26.4,37.2,1.0,23.1,35.2,1275.0,6.38,5.33,50.5
24.6,25.5,14.7,81.3,43.7,73.7,184.0,1554.0,15.8,27.4,12.1
1009.0,1526.0,407.0,784.0,9.91,28.6,198.0,16.0,491.0,2738.0,1263.0
19.5,16.3,25.5,19.3,2.71,26.2,31.6,644.0,18.6,42.2,49.6
19.6,17.2,38.5,286.0,24.6,17.0,26.9,583.0,6.73,34.6,32.8
120.0,107.0,7.43,158.0,54.7,20.0,32.5,279.0,29.7,46.6,11.5
54.7,37.2,20.0,16.1,9.73,35.2,53.8,552.0,14.5,31.1,5.14
34.9,20.4,58.8,474.0,69.8,34.9,43.7,407.0,13.0,29.4,30.2
8.35,13.0,5.83,1.0,32.2,24.8,38.2,308.0,2.69,9.73,27.6
20.0,21.5,3.37,1.0,21.7,16.1,38.2,615.0,20.0,39.2,50.9
95.6,136.0,13.1,25.3,11.4,2.86,42.2,223.0,28.6,129.0,75.0
59.9,32.8,12.7,12.5,17.5,39.6,61.0,882.0,32.2,73.0,26.7
1382.0,1877.0,1075.0,1981.0,83.5,45.7,311.0,6.73,50.0,267.0,244.0
3.82,14.6,15.8,8.9,10.3,12.6,26.9,308.0,46.6,77.7,44.9
22.3,34.6,5.28,334.0,32.2,73.0,173.0,1346.0,23.5,56.7,173.0
21.1,15.0,24.8,25.7,5.38,9.65,36.2,737.0,11.2,29.7,24.4
80.6,40.7,17.5,120.0,53.3,11.1,20.4,331.0,23.5,26.4,5.78
71.0,1.0,10.7,14.2,29.4,2.17,11.2,346.0,1.0,13.2,3.37
673.0,1055.0,19.8,22.3,8.82,1.24,26.4,33.7,1.41,40.7,1.0
27.6,34.6,1.0,1.01,12.2,5.88,16.1,385.0,14.9,23.7,15.8
37.2,15.3,18.9,23.1,19.1,15.8,33.4,284.0,27.6,32.2,13.5
186.0,286.0,2110.0,3491.0,53.8,20.2,145.0,2.97,54.2,311.0,103.0
284.0,470.0,281.0,461.0,11.2,79.1,557.0,9.82,66.1,325.0,19.8
35.2,1.84,14.1,3.46,14.6,2.46,6.79,478.0,1.26,1.13,1.11
28.6,27.6,8.28,1.0,14.9,12.7,32.5,615.0,14.6,31.9,9.47
40.7,25.0,23.9,264.0,58.8,15.8,33.7,638.0,20.9,35.9,9.22
38.2,22.5,2.62,1.0,16.5,32.8,82.8,1165.0,3.49,20.9,44.5
64.4,35.2,15.5,11.2,7.7,7.1,22.7,433.0,20.9,25.9,8.43
160.0,231.0,229.0,400.0,14.5,74.3,567.0,4.78,164.0,1037.0,246.0
44.1,2.97,17.3,21.5,9.47,20.2,37.5,1165.0,1.0,3.72,1.0
44.9,16.4,7.37,308.0,39.6,1.75,21.7,851.0,22.5,29.4,10.9
179.0,27.9,4.26,146.0,45.7,18.6,32.2,528.0,3.62,1.86,6.98
50.9,25.3,6.38,76.4,17.2,9.06,15.4,673.0,4.66,26.9,173.0
74.3,35.9,44.9,53.8,75.0,10.6,33.1,1382.0,10.6,28.9,4.26
88.2,52.8,9.47,14.6,8.28,34.9,56.7,400.0,20.9,38.9,14.2
109.0,38.2,4.1,198.0,25.3,6.32,8.66,791.0,31.9,37.5,4.29
127.0,186.0,396.0,717.0,11.9,28.9,202.0,14.3,86.6,487.0,382.0
27.6,17.0,11.2,99.1,50.0,29.7,50.5,1346.0,25.3,52.8,13.2
62.6,18.4,9.91,202.0,36.5,392.0,547.0,764.0,27.9,47.0,15.3
32.8,18.4,13.7,168.0,33.7,11.3,33.4,835.0,28.9,45.3,13.7
42.2,13.5,23.5,35.2,26.4,17.6,35.5,638.0,22.1,32.2,8.74
69.2,54.2,19.5,16.3,11.1,11.4,24.8,573.0,11.3,27.1,59.4
79.1,50.5,24.6,53.8,40.0,10.7,21.1,445.0,19.1,41.8,10.8
12.6,25.9,13.7,46.1,30.5,4.53,120.0,359.0,15.5,62.6,26.7
142.0,91.4,57.8,102.0,18.9,12.0,13.6,305.0,4.03,10.6,12.9
179.0,204.0,10.3,135.0,15.1,51.9,276.0,2996.0,14.5,41.0,8.2
84.3,119.0,316.0,567.0,23.3,36.8,211.0,8.35,221.0,1197.0,1124.0
375.0,547.0,13.8,87.4,14.9,1.0,153.0,237.0,2.0,25.9,3.92
17.3,21.7,35.2,37.5,22.3,8.28,11.1,533.0,2.74,13.3,97.3
62.6,16.3,5.28,2.64,1.0,23.7,44.9,173.0,20.7,31.9,21.1
74.3,38.5,3.11,1.01,12.4,15.4,34.0,538.0,30.2,64.4,23.3
39.2,1.0,28.4,22.3,3.43,10.0,14.5,255.0,2.37,34.6,1.1
111.0,1.26,33.7,29.4,14.6,3.34,12.0,213.0,1.0,7.5,4.7
55.2,31.3,53.3,253.0,50.9,13.2,25.5,1176.0,12.2,26.2,30.8
38.9,27.1,4.66,6.44,13.2,11.5,39.2,461.0,16.0,20.0,7.23
31.9,22.7,12.6,215.0,18.9,18.8,37.9,685.0,2.46,58.3,6.79
115.0,58.8,20.2,57.3,15.3,67.3,115.0,1370.0,15.4,36.2,39.6
66.7,18.8,4.7,1.0,5.78,41.0,89.8,1655.0,25.5,48.3,13.9
77.0,33.1,5.19,4.07,16.7,13.0,32.5,441.0,25.3,50.5,22.9
40.0,20.0,14.2,85.1,18.9,6.04,12.3,379.0,5.0,15.5,74.3
334.0,578.0,244.0,418.0,4.87,47.8,302.0,1.45,120.0,667.0,723.0
58.8,17.3,5.28,1.0,1.1,46.6,53.8,259.0,27.9,80.6,184.0
103.0,89.8,13.3,167.0,44.1,18.3,23.3,500.0,1.0,1.04,10.6
71.7,19.5,10.6,28.6,28.4,23.9,38.5,316.0,15.5,26.4,6.15
32.2,17.6,16.4,88.2,37.2,9.56,22.5,557.0,16.1,31.1,18.4
349.0,547.0,158.0,237.0,1.01,69.8,382.0,14.5,188.0,922.0,1395.0
71.7,19.5,45.7,474.0,108.0,38.2,149.0,1459.0,26.9,41.4,9.47
255.0,85.8,20.0,73.0,34.9,7.23,17.0,322.0,12.7,21.1,26.2
129.0,53.3,25.3,382.0,87.4,7.64,8.13,305.0,6.49,40.3,87.4
44.9,2.57,87.4,599.0,168.0,33.4,44.1,1310.0,1.0,4.49,1.13
56.2,29.4,7.77,18.6,39.2,24.1,35.5,389.0,33.7,34.0,14.6
38.9,17.9,2.0,3.19,25.7,4.53,28.1,685.0,27.6,56.2,21.5
31.6,20.4,30.2,29.2,10.3,3.68,11.4,615.0,3.55,36.8,75.7
79.9,34.0,8.74,22.3,73.7,13.9,23.7,496.0,21.9,48.3,11.8
11.2,1.83,15.1,24.8,61.0,4.57,20.4,638.0,15.8,19.8,6.85
474.0,750.0,52.3,82.0,3.46,47.4,255.0,7.64,858.0,4332.0,1027.0
36.2,10.8,47.8,53.3,5.73,8.9,26.2,965.0,2.33,13.7,51.9
874.0,1298.0,15.0,10.4,16.5,1.15,15.4,86.6,2.44,40.0,13.5
14.6,25.7,3.46,1.01,22.5,26.9,44.1,246.0,30.5,50.0,16.1
542.0,777.0,15.7,25.9,17.9,1.46,52.3,138.0,1.0,31.6,14.6
200.0,95.6,8.58,16.4,3.62,36.5,67.9,991.0,9.91,22.9,11.7
32.8,22.1,16.3,17.2,7.7,17.3,27.6,638.0,11.1,27.9,54.7
42.9,36.8,5.57,3.59,8.82,26.4,102.0,1446.0,17.6,30.2,15.8
24.8,2.69,13.5,164.0,31.3,18.8,27.6,281.0,1.0,1.43,1.46
16.0,17.2,11.5,21.7,9.39,129.0,209.0,1860.0,12.1,14.9,36.5
31.1,2.86,25.9,17.3,12.0,16.7,18.1,349.0,23.1,692.0,10.7
67.3,30.2,12.6,667.0,86.6,24.1,41.8,253.0,7.23,13.8,6.98
55.7,33.4,1.0,6.67,7.43,20.4,40.0,610.0,30.0,46.1,10.7
33.7,22.1,34.0,219.0,17.2,82.8,135.0,2054.0,7.77,28.6,26.4
470.0,743.0,84.3,142.0,6.26,44.1,334.0,6.44,85.8,547.0,255.0
207.0,331.0,1.1,11.7,6.26,8.98,44.9,284.0,4.45,41.0,8.98
47.8,24.4,1.32,1.0,3.65,12.9,24.1,474.0,15.4,24.1,10.5
352.0,562.0,147.0,271.0,4.41,33.1,267.0,3.89,403.0,2267.0,991.0
30.2,16.7,18.8,62.1,14.1,12.7,32.2,717.0,4.83,26.2,36.8
12.1,7.57,18.9,22.3,8.2,5.14,22.1,626.0,3.85,16.0,26.9
25.3,40.0,4.14,155.0,27.6,12.4,19.8,710.0,8.9,18.4,9.31
27.1,28.4,16.1,20.5,19.1,14.7,25.9,626.0,1.0,46.1,3.08
50.5,21.3,4.18,3.08,16.1,13.9,31.6,505.0,17.0,36.5,14.3
9.39,6.04,34.6,87.4,28.1,19.6,31.9,294.0,29.4,36.8,11.9
365.0,673.0,63.8,139.0,23.5,2.69,59.9,184.0,1.0,46.1,7.3
483.0,717.0,1018.0,1811.0,70.4,82.8,542.0,5.38,37.2,215.0,723.0
14.6,18.6,3.16,5.67,19.1,21.3,33.1,308.0,1.0,1.65,4.29
25.3,17.5,16.5,30.8,17.6,11.8,25.3,599.0,5.47,11.3,6.15
31.6,24.6,13.7,9.82,7.99,2.37,7.04,117.0,28.1,40.3,14.5
20.5,1.01,8.74,27.6,22.5,7.1,10.4,257.0,1.0,1.75,1.0
42.9,15.0,1.15,1.01,22.5,5.19,19.8,588.0,32.2,59.9,14.3
46.1,23.7,17.9,276.0,41.4,15.0,19.5,334.0,16.7,31.6,11.8
2187.0,3051.0,41.8,47.8,19.5,1.63,17.0,69.2,1.0,18.1,3.89
38.2,16.0,5.88,53.8,6.92,21.9,54.2,673.0,21.5,22.5,3.05
75.0,32.2,24.6,20.5,16.0,21.3,25.5,284.0,27.6,47.8,30.2
308.0,200.0,16.0,93.9,29.7,17.8,31.9,655.0,11.2,17.5,7.1
55.2,27.4,55.7,131.0,31.1,10.2,20.7,375.0,8.66,23.3,26.9
37.2,11.1,23.5,100.0,26.7,15.7,73.7,519.0,30.5,82.8,19.1
59.4,39.6,18.9,14.1,16.0,7.3,23.3,168.0,31.3,50.5,20.2
77.7,105.0,20.5,126.0,10.1,19.5,33.4,496.0,12.0,15.7,52.8
1000.0,1512.0,16.8,106.0,24.1,6.85,63.2,271.0,4.1,23.3,17.6
246.0,422.0,16.1,14.1,2.04,4.96,49.1,202.0,1.78,48.7,5.99
40.0,2.64,25.5,101.0,15.0,8.74,13.2,257.0,1.0,186.0,1.0
7.23,38.9,90.6,418.0,73.0,26.9,36.8,262.0,7.37,16.7,35.5
77.7,24.8,5.0,1.01,6.92,18.8,28.4,221.0,9.91,16.5,8.28
34.0,19.8,34.0,196.0,13.7,6.85,19.5,820.0,10.3,23.1,27.1
14.2,7.99,6.79,12.7,21.5,139.0,198.0,1310.0,4.78,10.9,2.94
890.0,1370.0,205.0,385.0,5.94,60.4,337.0,15.0,115.0,704.0,248.0
24.4,10.9,18.9,15.0,8.58,14.1,30.5,770.0,16.5,32.5,40.3
86.6,58.8,5.42,2.94,12.4,18.9,33.1,478.0,18.3,35.2,7.1
9.39,13.1,20.2,46.1,21.1,58.3,101.0,1446.0,9.47,14.9,21.1
142.0,90.6,17.3,66.1,18.4,15.3,40.3,730.0,5.62,23.1,21.9
62.1,27.6,16.1,37.5,32.8,19.5,38.9,470.0,3.59,27.1,96.5
125.0,205.0,168.0,286.0,10.6,139.0,820.0,14.5,62.6,372.0,131.0
10.5,15.5,13.5,19.6,1.68,17.6,42.6,667.0,12.5,33.4,73.7
19.6,18.9,18.1,38.2,23.3,4.7,27.6,851.0,10.0,34.6,49.1
28.9,16.8,9.73,165.0,33.7,12.5,32.8,874.0,25.9,34.9,2.97
58.3,10.4,28.6,25.7,14.2,29.7,27.6,237.0,24.1,2017.0,1.22
20.9,27.6,4.96,267.0,35.9,24.4,38.5,547.0,24.1,27.4,6.38
75.7,31.1,5.23,1.01,18.1,10.8,32.2,483.0,2.74,12.0,54.7
87.4,44.1,1.0,1.0,13.8,13.1,32.8,235.0,38.2,75.7,34.3
11.2,13.2,17.6,7.04,13.8,32.5,46.1,410.0,2.57,64.9,3.31
15.0,1.01,43.3,69.2,49.6,12.6,16.4,241.0,8.2,231.0,1.47
25.9,23.1,10.3,155.0,18.3,17.5,18.3,368.0,31.1,41.4,4.41
46.1,25.7,12.7,24.4,37.2,16.8,35.9,375.0,5.47,39.2,95.6
16.0,14.5,16.5,175.0,18.4,29.4,38.2,300.0,17.5,41.4,57.8
61.0,40.7,13.5,14.5,5.83,7.99,13.6,757.0,11.3,23.9,7.37
36.2,35.5,29.2,46.1,14.7,16.0,25.3,403.0,17.8,45.3,51.9
98.2,56.2,12.4,200.0,18.6,38.9,60.4,784.0,18.9,20.7,38.5
68.5,34.6,20.2,40.0,65.5,11.7,24.8,583.0,22.7,47.8,22.9
433.0,710.0,233.0,422.0,8.66,23.9,150.0,3.11,91.4,487.0,202.0
965.0,1370.0,14.2,15.8,16.7,13.0,78.4,302.0,1.0,22.5,9.22
24.8,9.65,19.1,340.0,62.6,55.7,246.0,1046.0,41.4,47.4,13.2
65.5,48.3,17.9,93.1,25.3,9.31,11.9,491.0,2.86,15.7,57.3
34.0,17.8,20.9,248.0,33.4,4.78,13.5,743.0,26.7,36.5,15.3
31.6,13.9,14.1,21.7,1.0,7.91,23.7,615.0,18.4,42.2,121.0
35.9,1.19,28.1,34.0,18.9,10.6,13.2,237.0,1.0,1.01,1.27
52.3,29.4,3.13,1.23,1.93,51.9,147.0,939.0,11.9,24.4,12.0
117.0,151.0,14.7,77.7,23.3,2.53,32.2,85.1,2.02,12.5,7.57
105.0,58.8,12.1,41.0,44.1,11.1,26.2,552.0,13.0,25.3,5.42
229.0,294.0,10.8,35.5,29.7,6.85,24.6,67.3,1.3,29.7,7.77
42.6,1.0,18.8,181.0,30.8,22.7,28.6,311.0,1.0,1.49,1.0
107.0,30.5,17.9,241.0,66.7,5.28,18.9,362.0,21.3,28.6,14.5
58.8,22.5,15.5,23.3,17.5,4.87,6.26,274.0,15.3,23.9,4.66
51.9,21.3,49.1,58.8,10.8,58.8,200.0,3051.0,15.3,39.2,15.7
51.4,22.5,15.4,21.7,14.3,16.8,32.8,365.0,9.31,14.9,41.8
626.0,851.0,281.0,453.0,12.4,81.3,562.0,15.0,279.0,1747.0,704.0
30.8,1.01,22.9,76.4,28.4,4.74,10.1,704.0,2.39,31.3,1.0
91.4,25.0,4.33,1.46,18.3,7.43,17.3,433.0,6.38,34.6,175.0
178.0,294.0,528.0,973.0,16.5,21.9,83.5,1.08,51.4,322.0,340.0
392.0,528.0,15.0,16.3,1.26,2.15,41.4,78.4,1.0,16.0,3.22
31.9,18.6,15.1,17.9,1.0,14.1,13.5,429.0,9.14,27.6,31.1
4.74,4.29,5.83,21.5,14.7,3.62,14.6,26.2,2.79,55.7,8.43
107.0,54.2,63.8,235.0,115.0,18.1,34.3,382.0,16.3,19.5,8.82
62.1,16.1,25.0,379.0,78.4,31.3,50.0,343.0,14.1,20.2,9.65
28.6,24.4,20.9,39.2,11.7,4.66,15.7,704.0,9.47,23.9,41.4
35.9,1.01,7.43,17.5,19.5,13.0,16.8,368.0,1.0,11.1,1.83
21.5,36.2,35.9,141.0,29.4,36.2,64.4,3460.0,11.5,30.5,43.3
73.0,28.6,14.1,23.3,3.43,379.0,730.0,3854.0,14.9,33.7,16.5
31.9,26.9,63.8,308.0,138.0,4.1,22.5,274.0,34.3,66.1,46.1
644.0,1144.0,237.0,385.0,17.6,55.2,253.0,11.4,76.4,487.0,131.0
139.0,189.0,2.5,457.0,32.2,1.6,105.0,403.0,1.7,32.2,9.91
64.9,22.9,19.1,704.0,106.0,4.66,18.4,757.0,18.4,26.2,5.47
21.7,18.6,29.2,414.0,168.0,5.73,15.3,382.0,34.0,68.5,43.3
36.2,18.1,46.6,528.0,49.6,16.1,40.3,965.0,14.6,33.7,15.7
52.8,30.2,27.6,29.4,17.6,12.9,25.9,594.0,97.3,129.0,32.2
24.1,28.1,15.1,217.0,41.0,48.7,135.0,1055.0,10.7,16.3,9.47
38.5,1.24,24.4,50.9,42.9,27.4,24.6,213.0,11.1,1197.0,14.3
78.4,24.8,8.98,111.0,44.5,8.58,19.3,1018.0,8.82,16.8,8.35
85.1,64.4,6.85,13.7,5.47,32.8,63.2,1981.0,11.2,18.4,44.9
221.0,359.0,368.0,661.0,7.57,78.4,487.0,3.65,85.8,466.0,179.0
76.4,70.4,21.1,25.7,5.33,38.5,62.1,483.0,15.4,16.3,44.1
217.0,191.0,48.7,56.2,18.8,17.6,170.0,991.0,1.0,26.7,10.7
294.0,474.0,209.0,385.0,8.43,66.1,375.0,2.29,5.23,34.0,973.0
26.9,17.3,12.7,90.6,20.0,10.1,27.6,410.0,8.43,9.47,17.2
16.1,18.1,24.6,204.0,16.3,67.3,198.0,1655.0,10.0,16.5,34.6
53.3,28.9,4.45,3.43,18.3,9.06,21.7,470.0,13.2,27.6,8.2
8.66,1.01,10.2,10.6,14.5,2.59,12.3,248.0,22.1,72.3,4.74
31.3,1.51,29.7,37.9,22.7,19.1,17.3,235.0,1.0,109.0,1.38
90.6,61.5,10.0,18.8,21.1,18.6,31.3,931.0,5.09,100.0,1.0
129.0,109.0,41.8,161.0,48.7,5.09,15.1,644.0,16.3,39.2,88.2
90.6,59.9,8.51,2.74,8.13,9.91,31.6,704.0,14.5,36.8,74.3
483.0,737.0,13.7,55.2,21.9,2.57,91.4,292.0,1.0,30.8,15.1
28.9,10.1,50.5,253.0,73.0,67.9,79.9,1526.0,1.0,3.08,1.01
31.9,1.54,15.1,143.0,7.04,11.9,17.3,328.0,2.07,1.0,1.06
34.6,25.5,32.2,35.9,10.9,2.29,7.37,125.0,13.9,25.7,29.4
58.8,19.1,19.6,100.0,19.8,9.65,45.7,939.0,2.09,13.9,61.0
533.0,874.0,12.5,15.7,17.5,81.3,466.0,8.66,125.0,743.0,281.0
70.4,63.2,17.9,14.1,14.1,108.0,161.0,2267.0,7.99,22.5,46.1
95.6,42.9,9.65,74.3,45.3,13.0,70.4,1811.0,24.1,50.5,16.3
60.4,22.5,2.41,3.34,7.3,17.5,20.5,284.0,42.2,89.0,70.4
41.4,28.9,13.8,81.3,11.5,28.6,44.5,379.0,8.82,26.7,52.8
46.6,15.0,8.51,120.0,22.3,6.1,20.0,478.0,20.9,36.8,9.65
85.8,127.0,26.9,39.2,12.3,16.3,52.3,1382.0,2.31,23.7,9.65
19.8,15.4,3.96,7.1,4.37,19.5,36.5,474.0,18.4,38.2,7.91
14.9,17.9,17.8,26.9,13.5,19.3,35.2,965.0,7.3,23.1,31.1
130.0,47.0,9.31,157.0,31.9,33.4,54.2,685.0,1.0,8.06,1.01
101.0,39.2,6.21,207.0,21.9,18.8,28.1,365.0,20.2,31.6,13.2
51.4,37.9,42.6,73.7,36.2,15.5,35.5,1219.0,1.98,17.6,77.0
85.8,37.5,1.0,1.01,9.14,45.7,70.4,225.0,28.9,73.0,50.0
28.1,24.8,20.9,23.7,6.38,12.5,27.1,414.0,13.1,27.6,32.8
59.4,18.4,17.0,76.4,16.3,31.1,59.4,667.0,18.4,51.9,18.4
47.4,22.9,26.7,30.5,37.2,3.75,26.2,281.0,14.3,37.9,2.71
7.3,16.8,12.7,202.0,16.7,28.9,49.1,594.0,5.05,30.2,28.1
50.0,1.58,11.4,131.0,22.5,22.7,29.2,723.0,1.0,1.38,1.0
33.4,17.0,30.8,47.0,64.4,3.62,18.4,437.0,27.4,35.5,20.0
82.8,50.5,8.2,1.96,18.1,32.8,55.2,422.0,18.1,33.1,13.0
15.5,11.7,2.25,2.44,20.5,23.7,49.1,233.0,10.2,53.8,67.3
37.5,10.3,11.7,51.9,15.8,5.05,26.4,53.8,5.88,8.51,6.67
50.5,32.2,42.2,47.4,28.4,27.4,46.1,470.0,5.28,13.2,36.2
125.0,1.43,5.42,223.0,29.4,21.1,18.9,313.0,1.0,9.39,1.5
737.0,1084.0,17.9,42.2,15.1,1.36,56.7,172.0,1.91,22.9,96.5
21.3,1.01,20.9,48.7,21.3,24.6,24.4,372.0,1.0,1.83,1.0
42.6,28.6,18.6,37.9,13.5,9.65,24.6,359.0,5.23,18.3,13.6
22.9,1.42,14.9,34.6,30.5,24.1,33.7,433.0,1.0,113.0,1.0
57.8,32.5,13.9,692.0,179.0,14.5,25.7,257.0,15.5,25.5,12.3
