dataset_id,base_seed,lambda,mean_abs_skewness,mean_abs_excess_kurtosis,mean_abs_pearson_correlation,mean_abs_spearman_correlation,nonlinearity_gain_median,nonlinearity_gain_mean,nonlinearity_gain_max
seed_00_lambda_0p00,0,0.0,0.09526150820191719,1.739705828987907,0.1644850883066996,0.16395327195327195,-0.011823302501841677,-0.026108789643536284,0.006216854022988641
seed_00_lambda_0p25,0,0.25,0.15640734175758983,1.98554979162819,0.1222967482878438,0.11976161789495123,-0.0054569193610642976,-0.011153476381582518,0.026551231315873457
seed_00_lambda_0p50,0,0.5,0.18601178286202824,2.044499525989601,0.07728689183037861,0.07480051133384469,0.0033979817290832473,0.020056216817898456,0.18838274562948823
seed_00_lambda_0p75,0,0.75,0.16551908125428796,1.721193099116184,0.07723510258247379,0.09849747263080598,0.01790361685352289,0.056070307272407825,0.3348090089183425
seed_00_lambda_1p00,0,1.0,0.17556393106773957,1.3570131988281595,0.09622919945606988,0.12113758327091663,0.057844870270979225,0.08761316047410796,0.49367115608266776
seed_01_lambda_0p00,1,0.0,0.14101708763135384,2.2591842963068096,0.17867691957573154,0.17245166578499915,-0.010077222358382282,-0.01366007751619156,0.018960499604254347
seed_01_lambda_0p25,1,0.25,0.1904228039558817,2.4650582190101114,0.13242455276082898,0.1297612988279655,0.0019888539096362266,0.006035312512907546,0.08006397797770883
seed_01_lambda_0p50,1,0.5,0.1981175884854755,2.514069677115308,0.07340102410967655,0.07662020675354009,0.005178334456313778,0.032092371398819715,0.24237495481669757
seed_01_lambda_0p75,1,0.75,0.19996606892801902,2.1998611043872462,0.07079968195499262,0.08323122829789496,0.0034756118827890623,0.056985908111741757,0.39509853729181205
seed_01_lambda_1p00,1,1.0,0.2400949287664229,1.9056285858482194,0.0891093305589367,0.09737035977035977,0.013061232941368857,0.07415079687877787,0.5190243606696789
seed_02_lambda_0p00,2,0.0,0.2026450844980598,2.7570963661007255,0.12531082604972513,0.12463807263807263,-0.011695397758182683,-0.022131073577673546,0.007362823350624427
seed_02_lambda_0p25,2,0.25,0.238627551119751,2.814935556421964,0.10128280307873362,0.09882067002067,-0.0050448751705187995,-0.006465583435177358,0.03824409031657789
seed_02_lambda_0p50,2,0.5,0.23799669824251546,2.8518577415250173,0.06935644232596436,0.06459782273115607,0.00676423186074172,0.02189187555639404,0.15495455613793122
seed_02_lambda_0p75,2,0.75,0.2348326338801415,2.746120801385205,0.055103476140732195,0.06571275764832937,-0.0021427712072202257,0.03764320899811909,0.2979320868336524
seed_02_lambda_1p00,2,1.0,0.2475799213294163,2.5671852169330336,0.05629634412573937,0.06767095833762501,0.01934643846549479,0.08002598883078851,0.430516347284844
seed_03_lambda_0p00,3,0.0,0.14878012408653454,2.2574043061682403,0.16971876108940487,0.16431860245193577,-0.032798767740683285,-0.041789850215448884,-0.009144670869062168
seed_03_lambda_0p25,3,0.25,0.15934260059881228,2.214636489455954,0.13660873353121564,0.13802748069414733,-0.0030576936394243128,-0.005599015730843983,0.030129955270194356
seed_03_lambda_0p50,3,0.5,0.18547520613161875,2.255561834885411,0.09245475000642772,0.09711379284712619,0.008094082613973489,0.029064787552562706,0.1661556420564576
seed_03_lambda_0p75,3,0.75,0.19959246453439275,2.1485045274746772,0.06311304769037657,0.06836487743154411,0.00590112717818061,0.047922284561194385,0.30042250835327394
seed_03_lambda_1p00,3,1.0,0.23439318304366313,2.0787703578531995,0.06964209003821432,0.07899916353249688,0.03146892434345653,0.09543549663133338,0.44362791514984656
seed_04_lambda_0p00,4,0.0,0.13949298945057298,1.8691650896528045,0.2935888232880621,0.2843943233276567,-0.012952931466227993,-0.016432849639891337,0.035853153070194
seed_04_lambda_0p25,4,0.25,0.21285709770990965,2.0892226240057465,0.1969592416450389,0.18422468075801415,0.0021163860125800126,0.0070343426439340535,0.05061674141261025
seed_04_lambda_0p50,4,0.5,0.2587082125790876,2.2587949920536787,0.10190087444344577,0.09203560830227497,0.016730036853702213,0.05032253982587213,0.17493269261934308
seed_04_lambda_0p75,4,0.75,0.30763462493309407,2.0954221900247445,0.07551486645298422,0.08327441607441609,0.01102663942708234,0.08085221230050255,0.3086626822593106
seed_04_lambda_1p00,4,1.0,0.4147932261407347,1.8763164006124349,0.10736719242648642,0.1067548640881974,0.03539174082550657,0.11354345318288597,0.419206554862346
seed_05_lambda_0p00,5,0.0,0.0688681159216377,1.5239947023298792,0.25541836103421844,0.247913883647217,-0.005329452366437156,-0.0099590154030721,0.018329724939271902
seed_05_lambda_0p25,5,0.25,0.11902610173199255,1.9371458218075486,0.17649561991304324,0.16718406825073492,0.010490414954705842,0.009008253865975747,0.06328745325655392
seed_05_lambda_0p50,5,0.5,0.16010396492366266,2.1272615426130757,0.09190373826521425,0.08967058513725182,0.01673331196923499,0.044789042487105316,0.19514226876357577
seed_05_lambda_0p75,5,0.75,0.16944362231660728,1.7497442153124574,0.0884833016151544,0.10863621023621024,0.01751023239819922,0.05456966870834259,0.23747707495180723
seed_05_lambda_1p00,5,1.0,0.16751272534786402,1.1091530166259544,0.12675481151198645,0.14447502607502608,0.03200150263419252,0.08946489957740508,0.4771909166234774
seed_06_lambda_0p00,6,0.0,0.179790249020449,1.968540189487415,0.14110050658995366,0.13659660166326834,-0.011597339805390466,-0.011384881955406575,0.01096561675696518
seed_06_lambda_0p25,6,0.25,0.17762151648887836,1.9959201811148835,0.11495091451642712,0.1127152692486026,0.0011676176191727644,0.005984553291527248,0.07961925674063772
seed_06_lambda_0p50,6,0.5,0.20047664464620985,2.043939139037484,0.07927843991197976,0.07948673735340403,0.007282044999071423,0.028468828348451186,0.23117970927148546
seed_06_lambda_0p75,6,0.75,0.2179554014898099,1.9573678643535672,0.06300161293564277,0.07568388208388209,0.002973113689131955,0.04451434561152609,0.2515276058657242
seed_06_lambda_1p00,6,1.0,0.2905504647548245,1.8906633682446805,0.06943212956218767,0.08306073319406654,0.003929347966946367,0.07352555995282249,0.525678228178237
seed_07_lambda_0p00,7,0.0,0.17606435562963987,1.3292225928604497,0.27187881993075613,0.2702572678572679,-0.008302610303344959,-0.009715370506923289,0.019331635505834523
seed_07_lambda_0p25,7,0.25,0.21933004975495535,1.6308519464793534,0.2008585536710528,0.2033841305841306,0.001503034508794796,0.00625984238422856,0.04537324898389845
seed_07_lambda_0p50,7,0.5,0.2046774381261835,1.7467794044851375,0.11640757199461274,0.12111306404639739,0.024534008432732308,0.04011152205668937,0.16638421836494155
seed_07_lambda_0p75,7,0.75,0.19996786942545156,1.5016800873100555,0.0749608849119978,0.08348752588752589,0.01499265427674536,0.0700653976232099,0.34083810215338783
seed_07_lambda_1p00,7,1.0,0.2591516362701948,1.3217023713768967,0.0965295160666848,0.10306952920286254,0.012702667854592328,0.06234436902538689,0.31094300232232647
seed_08_lambda_0p00,8,0.0,0.06891836419345534,1.7296370314364384,0.2425455221315983,0.22781139581139584,-0.016549919072051264,-0.01574275609210952,0.009503138549361334
seed_08_lambda_0p25,8,0.25,0.13633287247856488,2.065652987993864,0.16354426741692368,0.15497280083946752,0.00215365968818612,0.002348342262320137,0.04562897505089364
seed_08_lambda_0p50,8,0.5,0.17136463255033035,2.1816639383854217,0.08775644217949792,0.08364048977382313,0.01621469201369961,0.02845750514636399,0.16431080032365508
seed_08_lambda_0p75,8,0.75,0.17680724426894362,1.7912226000315932,0.08540305614745985,0.09249050689050689,0.023866289049205198,0.06892673437124189,0.312917541243684
seed_08_lambda_1p00,8,1.0,0.21017636476512408,1.4455489547804274,0.10747428122000138,0.11741412274745607,0.018927347562694485,0.08170133095889244,0.41674879335388637
seed_09_lambda_0p00,9,0.0,0.13933625937290858,2.004139105288935,0.22849232758999538,0.22380197686864356,-0.007624086600912848,-0.005738988994325042,0.04382460298798964
seed_09_lambda_0p25,9,0.25,0.11211702645096108,2.185441421525679,0.17852383080716963,0.17666798573465242,-2.9529092402323458e-05,0.0009373620553387748,0.04526387977173008
seed_09_lambda_0p50,9,0.5,0.1275240944087979,2.2834788914376243,0.11478510780437978,0.11355537195537195,0.01765624719130315,0.03090149277160727,0.1704167928528347
seed_09_lambda_0p75,9,0.75,0.1395091612503941,2.0627566698329325,0.10234589215642687,0.11364482324482326,0.03123802684343937,0.05850469276449629,0.31969804583293643
seed_09_lambda_1p00,9,1.0,0.1229975384990388,1.8047935529687016,0.1072169437550533,0.12583264956598292,0.026603549728179597,0.08683619636428315,0.4566377322889746
seed_10_lambda_0p00,10,0.0,0.13305736302706128,1.4394853611035905,0.18946669440557884,0.1836116628116628,-0.006995248296534676,-0.010260899412401648,0.010510129971864414
seed_10_lambda_0p25,10,0.25,0.1788296597286456,1.5281730237127924,0.1481242979201197,0.14375534215534216,0.007053150290068734,0.007912864586722062,0.03873968314809024
seed_10_lambda_0p50,10,0.5,0.19681989179922899,1.5955324226453542,0.0925282146699171,0.08586185599518935,0.004424948356446458,0.03356372685145538,0.1493565501139539
seed_10_lambda_0p75,10,0.75,0.21134167011951083,1.429464462048297,0.08483488283922848,0.10212299518966185,0.013852816652846961,0.06202663711405286,0.3061093217857444
seed_10_lambda_1p00,10,1.0,0.24630552505470854,1.2726610599916792,0.1154820388103597,0.13144366264366267,0.04141406297184348,0.1111101695764259,0.4255745561577215
seed_11_lambda_0p00,11,0.0,0.12956561206088715,2.0535273641853373,0.21588504989174415,0.20477093463760135,-0.008335743299691386,-0.01634405773016355,0.009037761299330637
seed_11_lambda_0p25,11,0.25,0.2018948830555864,2.199786157893993,0.16727750911782074,0.15527867234533904,-0.012961201375277528,-0.00970707051191921,0.03750835160280375
seed_11_lambda_0p50,11,0.5,0.2620121039063558,2.2224753156295223,0.10625987538407973,0.09952814646147981,-0.004530034071311856,0.016057147845610235,0.14980334989220578
seed_11_lambda_0p75,11,0.75,0.2837848926255863,1.9733830843033815,0.10604908437018946,0.1164343649676983,0.017004823021939685,0.07372594480009027,0.2894381561962605
seed_11_lambda_1p00,11,1.0,0.3054006536960665,1.7013546157073054,0.11874902400296553,0.12810109690109692,0.08441080614494767,0.1275094246480512,0.4112982756708898
seed_12_lambda_0p00,12,0.0,0.1924974684906633,1.9243628457554138,0.16525211825971842,0.16220228566895234,-0.009585518792932606,-0.011699338159528816,0.030563755949874503
seed_12_lambda_0p25,12,0.25,0.20975586455481093,2.177335713650691,0.12390655778097225,0.11675048315048311,-0.006262500643114826,-0.000937944414014261,0.047372103608373635
seed_12_lambda_0p50,12,0.5,0.27558395121759954,2.3437527931403195,0.07016318164089728,0.06206304979638314,0.004268976182576515,0.033504503033951784,0.189093636766627
seed_12_lambda_0p75,12,0.75,0.27628095687646603,2.164031335638194,0.0618217717805253,0.06969999609999611,0.01120754371101787,0.05245379881811858,0.3463801980129633
seed_12_lambda_1p00,12,1.0,0.263786333157784,1.8166045967749818,0.08962100671740546,0.09516509196509197,0.012668535519632733,0.08168471356129835,0.48256508577034224
seed_13_lambda_0p00,13,0.0,0.15589074855693408,1.9378439893013426,0.22956525198095715,0.2294945164278498,-0.016649277175169862,-0.02158260644300502,0.0016528727560706112
seed_13_lambda_0p25,13,0.25,0.2483447518592564,1.9741086241248058,0.18280348811875888,0.18778659391992727,0.006279569688912414,0.013200326949947869,0.06673100783314843
seed_13_lambda_0p50,13,0.5,0.2712454926266189,2.043461773476315,0.13042799436291164,0.13291474438141104,0.028883404955290733,0.050966996775575146,0.16726545457925038
seed_13_lambda_0p75,13,0.75,0.2836829464051088,1.982953385034002,0.11820394433551452,0.1271675586342253,0.02479299995616209,0.06934898710487816,0.32034727941290414
seed_13_lambda_1p00,13,1.0,0.327745144531954,1.9069409880520134,0.11557544521705586,0.12289344876011543,0.03252801404807422,0.11783842753095677,0.45434006203148974
seed_14_lambda_0p00,14,0.0,0.1804660245840586,1.6466711015002697,0.208146558375429,0.19872215392215395,-0.013533826249435459,-0.02024073748959036,0.00258573553171437
seed_14_lambda_0p25,14,0.25,0.2189278033689946,1.862501355469376,0.15223326422410374,0.14842717909384578,-0.005131424952452798,0.0012291063019289363,0.0406448671710237
seed_14_lambda_0p50,14,0.5,0.2637742072702679,2.086548209093789,0.07810787956361014,0.07721832016797806,0.009647092920732079,0.03040013265084774,0.13318050407639076
seed_14_lambda_0p75,14,0.75,0.24078774100982736,1.8850766894670898,0.07709244176568465,0.0861949317949318,0.022293789821592535,0.06633272130582318,0.2725201171533217
seed_14_lambda_1p00,14,1.0,0.25112028040514317,1.6444135355184688,0.10328369904387026,0.10858304671638004,0.021335024325167026,0.07553252936814367,0.4068230454835214
seed_15_lambda_0p00,15,0.0,0.19779069532508858,1.910829923043572,0.15822033530305465,0.1505188494521828,-0.013243427328008282,-0.0175175195150343,0.00011039444084728132
seed_15_lambda_0p25,15,0.25,0.21285672335660788,2.0815132869738555,0.13441734208031755,0.13529495769495767,0.002132904501227437,0.0023651150471843694,0.03901746706958903
seed_15_lambda_0p50,15,0.5,0.24869185652681763,2.2948809071671383,0.096608852637216,0.10052663439330108,0.012757515152414751,0.028916530382402755,0.1628534014161231
seed_15_lambda_0p75,15,0.75,0.28860979514711194,2.0861137183328786,0.09686590868902945,0.09693074279740947,0.022950820193430935,0.05878409229964086,0.3126971011027986
seed_15_lambda_1p00,15,1.0,0.34876227134431104,1.9758045903117556,0.10630831937830038,0.10564120297453634,0.021036414852440642,0.09333105822162292,0.4518290825715104
seed_16_lambda_0p00,16,0.0,0.17586198199156494,1.8024762652293596,0.1775306778008903,0.1685924885924886,-0.020958931959772623,-0.02913140281617228,-0.002608919689128119
seed_16_lambda_0p25,16,0.25,0.17101407140254216,1.9935213857331882,0.13647272753790285,0.12896763883430554,-0.0011809974274379683,-0.011623771251384484,0.029548321744537236
seed_16_lambda_0p50,16,0.5,0.17044811126220663,2.1087094165473563,0.08116310820463765,0.07904501664501665,0.005989674158806099,0.026711628087769158,0.15377988144805543
seed_16_lambda_0p75,16,0.75,0.17974123485703147,1.7523629702392962,0.08826638283909602,0.11145714079047413,0.024054433275773557,0.056067026999417,0.2596823271967854
seed_16_lambda_1p00,16,1.0,0.15931388949986516,1.357263711044075,0.12078772883927624,0.15141997941997942,0.04870414644152307,0.11200067200050934,0.44115935371113996
seed_17_lambda_0p00,17,0.0,0.07816976390361156,1.6197401765246628,0.2299454248421706,0.2248247885581219,-0.014110317564883929,-0.02400150606816509,-0.001653460847883133
seed_17_lambda_0p25,17,0.25,0.10426498667181208,1.909537465416312,0.16756599011102155,0.1674672200005534,-0.0004928052768997619,3.229812248902535e-05,0.06314292594948419
seed_17_lambda_0p50,17,0.5,0.11376865814144385,2.0672085647184195,0.10097082015318062,0.09883304336637672,0.020625782312551248,0.03200836141406911,0.2086781031400628
seed_17_lambda_0p75,17,0.75,0.13164792021857857,1.8512762588460228,0.10069580934751193,0.1111801431801432,0.03666860402461711,0.07981620313102802,0.36928538334079236
seed_17_lambda_1p00,17,1.0,0.15256711051502725,1.6696854733236925,0.11463039639414616,0.13803010629677298,0.03258656011414721,0.08683163721059203,0.40448640339361003
seed_18_lambda_0p00,18,0.0,0.10118330319458077,1.3546963331093163,0.2307152730510322,0.22535657442324117,-0.004233821776467253,-0.001528200340292862,0.023312351907979065
seed_18_lambda_0p25,18,0.25,0.13871229792125173,1.3146864795078348,0.20262780792892088,0.21038893572226908,0.016226351866754925,0.022100480572476915,0.06522705564180177
seed_18_lambda_0p50,18,0.5,0.14524441450823447,1.3597882681141251,0.16794381076604084,0.18595958915958913,0.028248369885002067,0.05024931295068088,0.19511629063440677
seed_18_lambda_0p75,18,0.75,0.12874372012377558,1.3117364099581246,0.13877046631221365,0.1615938791938792,0.03549103878488886,0.08907353301884882,0.3559242150777428
seed_18_lambda_1p00,18,1.0,0.1257827182992942,1.1748267469791327,0.11722625199763939,0.14078020531353866,0.04106499596520938,0.10773821028792421,0.49945325074894864
seed_19_lambda_0p00,19,0.0,0.1418112839782794,2.4531294505120025,0.14250739717263422,0.13953758993758997,-0.008640942678315198,-0.019451814817866005,0.0004833888602795863
seed_19_lambda_0p25,19,0.25,0.14734732917739243,2.5729949671181487,0.11017629416196188,0.1101817125817126,-0.0014127705887494063,-0.005680002289240089,0.02239509059439264
seed_19_lambda_0p50,19,0.5,0.15976664535891966,2.6802437407440607,0.0651334159701722,0.06748630348630348,0.003578210043910279,0.010357732572274035,0.08590961547166208
seed_19_lambda_0p75,19,0.75,0.18905364357727528,2.6731765570614403,0.04802700774754669,0.053381349381349384,0.005236125763383512,0.02643702330942424,0.1481828467130709
seed_19_lambda_1p00,19,1.0,0.25416020501995823,2.6651807298697148,0.05937701544217349,0.06122483749150417,0.012602616484568107,0.059365967300793396,0.23976118382027956
seed_20_lambda_0p00,20,0.0,0.1317684205810863,1.9135360054314787,0.15722851155064618,0.15255490028823362,-0.012347633782299399,-0.015527145038145836,0.017790132300174132
seed_20_lambda_0p25,20,0.25,0.13828332270335203,2.0553473756553133,0.12214875763486203,0.11748515081848415,0.0003740151071976377,0.003236363145958794,0.07067720447359284
seed_20_lambda_0p50,20,0.5,0.15608333884149617,2.128258185656219,0.07890031742934359,0.07283000483000483,0.01790349750935813,0.03804994650828264,0.2042170120684928
seed_20_lambda_0p75,20,0.75,0.1843204199226431,2.0320425754905833,0.05031618196683816,0.05351007235788444,0.021988234606846475,0.06757924101108681,0.3375075522063122
seed_20_lambda_1p00,20,1.0,0.30446808301329403,2.0311712355064784,0.049337072622176466,0.048925680659014,-0.0033004449931172374,0.0739578616944827,0.44563904685446615
seed_21_lambda_0p00,21,0.0,0.09683087471450426,2.133511745275097,0.154245406072356,0.1492672499902718,-0.010818181090473535,-0.010747008462798146,0.01283753707697998
seed_21_lambda_0p25,21,0.25,0.17244819633861924,2.391108139929307,0.13357606563609495,0.12927587986188727,0.005831092082672474,0.006812537700867568,0.05305267229880237
seed_21_lambda_0p50,21,0.5,0.21992879906432,2.612591455568593,0.09755561041383538,0.0930523538986684,0.015891516670767797,0.036155042513460946,0.18807811650166156
seed_21_lambda_0p75,21,0.75,0.2376338130212717,2.475854157314017,0.07330755146812416,0.08045964036522003,0.030260706547082173,0.07750472580399002,0.3343145431540437
seed_21_lambda_1p00,21,1.0,0.2951603466108026,2.3349435875575906,0.07876753065207596,0.09563173313159004,0.019406327197883527,0.0841951810850995,0.46452129807018083
seed_22_lambda_0p00,22,0.0,0.1939642758671402,2.0184483022275073,0.27676058996508796,0.2659039491039491,-0.014757483766635271,-0.01731466291630693,0.018892348146770765
seed_22_lambda_0p25,22,0.25,0.21539207096340846,2.1257018406079657,0.22410960472474595,0.2309087978421312,0.004313792022767794,0.0037569334072922594,0.04373032623934949
seed_22_lambda_0p50,22,0.5,0.2651659035985059,2.3871952850685725,0.16539505322288356,0.1796435569768903,0.031012938119165938,0.05121148380911574,0.17118361577309665
seed_22_lambda_0p75,22,0.75,0.3057887969849763,2.482188460863964,0.10766038010273261,0.13489731676398342,0.04156626910479301,0.0795125748702914,0.3173819249181461
seed_22_lambda_1p00,22,1.0,0.3690588458512617,2.48809616241084,0.09095077646566559,0.11746075140111387,0.00526773302119904,0.06345213709874008,0.41927699307088984
seed_23_lambda_0p00,23,0.0,0.21916979730362368,2.5354112847807513,0.18509152424669667,0.17381549248215922,-0.008411603835379361,-0.010686186053791461,0.012151776891109151
seed_23_lambda_0p25,23,0.25,0.3116476681937391,2.775949189991411,0.14863712062767526,0.14186324079657414,0.006393915899301675,0.006530344821411249,0.0629428165483849
seed_23_lambda_0p50,23,0.5,0.3661157129842091,2.9592224717367444,0.09710148907248801,0.09293761693761696,0.02918055881372112,0.04059829451512146,0.1958056504178917
seed_23_lambda_0p75,23,0.75,0.32603146813149586,2.79100779203081,0.06989500635156577,0.07654139707473041,0.012078964756446615,0.04502878896687192,0.2368003663681342
seed_23_lambda_1p00,23,1.0,0.3500302418984587,2.735031619041866,0.07264101677306149,0.07874815581482249,0.020266480182899765,0.11004099159314136,0.45373284307602746
seed_24_lambda_0p00,24,0.0,0.2604641909247426,2.393585817450801,0.2602873686662814,0.24678781105447775,-0.0202744130728572,-0.16776491630467533,0.01075233682703632
seed_24_lambda_0p25,24,0.25,0.3016515604207092,2.702587753373205,0.18914318586006051,0.17487394234060902,0.007282395077436196,0.0015317468386319498,0.03809342288547951
seed_24_lambda_0p50,24,0.5,0.34998556855205787,2.7651587064049314,0.11342639630752509,0.098455580322247,0.020734804461277116,0.041006383758100416,0.1715899402517294
seed_24_lambda_0p75,24,0.75,0.3272057275962893,2.4731077208325334,0.07249456949484559,0.06440445213778546,0.010124688543663586,0.0675820412415955,0.3170808304498871
seed_24_lambda_1p00,24,1.0,0.3967834751350122,2.271304092504437,0.07022167424039305,0.0755525734192401,0.013611048441067301,0.08069008381783485,0.45972266068680245
seed_25_lambda_0p00,25,0.0,0.12860193471373932,1.2840071117867153,0.3444647584825411,0.3297007718341052,-0.0074054951629706645,-0.009752507330205423,0.015487127426542426
seed_25_lambda_0p25,25,0.25,0.1816390889970905,1.4588659648956808,0.27332180309771326,0.2696924675591342,0.020904512244637616,0.015364293826315541,0.0513709677714683
seed_25_lambda_0p50,25,0.5,0.20334449256577408,1.4940064080771602,0.18928631377915742,0.18752911712911713,0.05408560361126294,0.061969499639597504,0.165171267634443
seed_25_lambda_0p75,25,0.75,0.1570705996492181,1.2023268819821589,0.1460111926181097,0.18114448221114887,0.05521807389481133,0.09572064287205162,0.33229331587160066
seed_25_lambda_1p00,25,1.0,0.22673236752675,0.9159667563019905,0.13815655651027461,0.16908354615021284,0.06387336991418957,0.12230103479925516,0.45483236744319877
seed_26_lambda_0p00,26,0.0,0.1229550786944705,2.269949000119093,0.18394175774371277,0.17542464849131514,-0.005784406896001683,-0.009637677447454555,0.02211048554979647
seed_26_lambda_0p25,26,0.25,0.17291909456050042,2.39854043771902,0.14919826652169466,0.14438220224886888,0.007432742017296775,0.008708398493298481,0.06673767121634512
seed_26_lambda_0p50,26,0.5,0.2086432490332578,2.5540349139371803,0.10458657815247309,0.1040455533788867,0.014602392220331795,0.03041949164449888,0.20188016865725886
seed_26_lambda_0p75,26,0.75,0.23568228366352934,2.5067646941676927,0.0759940807983284,0.07696622896622896,0.002530100575782632,0.04847763588522685,0.35718852400602
seed_26_lambda_1p00,26,1.0,0.2886869517775541,2.4146326017666033,0.07854710874868515,0.07805318551985219,0.006048479476300402,0.08174380897557981,0.49248330051903044
seed_27_lambda_0p00,27,0.0,0.10275547569076218,1.8398372813903567,0.241571697818085,0.23681966268632937,-0.0042181730676341,-0.0054006904220766025,0.010010033170143259
seed_27_lambda_0p25,27,0.25,0.1304972316413275,2.0588378211175917,0.18093444550711169,0.17786191732858397,0.013738592294153678,0.01144441922085861,0.052266522593586585
seed_27_lambda_0p50,27,0.5,0.14911974251620144,2.2073033371997095,0.11634626678988905,0.11746691026691028,0.010627258484569,0.036880501551345875,0.16784417654957867
seed_27_lambda_0p75,27,0.75,0.14197452354869883,2.0762306032435274,0.08302697601635936,0.10000883707550375,0.01157313213362194,0.06801325058352199,0.30205363656293255
seed_27_lambda_1p00,27,1.0,0.16668161728597136,1.905197248978648,0.07579302438973393,0.10267572747572748,0.003599778418480566,0.07772861401691392,0.42797753652056975
seed_28_lambda_0p00,28,0.0,0.15943137463536114,2.207022620074111,0.18764622029990727,0.17614570947904282,-0.010784148508973749,-0.013014103272778601,0.005615777094187761
seed_28_lambda_0p25,28,0.25,0.14632025031020784,2.2985977240054365,0.1521344903307085,0.14329798596465265,-0.0012808096651923573,0.0035704702143170403,0.0655053398387925
seed_28_lambda_0p50,28,0.5,0.19950831414603326,2.316426587447057,0.11051494307796396,0.09925285685285687,0.018295945870571425,0.03830859518541901,0.2129286768016202
seed_28_lambda_0p75,28,0.75,0.22150472363321755,2.1544400811599407,0.07935383366210677,0.0754522645189312,0.028450633231137733,0.07068393560927379,0.36963959765929266
seed_28_lambda_1p00,28,1.0,0.23861521628630186,1.9683499591765004,0.0780682904104676,0.08861437421437422,0.0166555808097872,0.07453652230369243,0.4817913893271977
seed_29_lambda_0p00,29,0.0,0.20807571894205626,2.567039248630096,0.08386413683247732,0.07587273828460457,-0.010019569243197444,-0.015575977473584907,0.0007378278523166147
seed_29_lambda_0p25,29,0.25,0.24986462238254706,2.5591732210024043,0.07345677847595332,0.06868725283360909,-0.002100855076710887,-0.0019879721464151007,0.05277217486504437
seed_29_lambda_0p50,29,0.5,0.24013935985868945,2.4877213775047924,0.05981366931145414,0.05700421715176458,-0.002579975511098048,0.019875633654599576,0.18762636898083784
seed_29_lambda_0p75,29,0.75,0.2420708662934342,2.3412719019634674,0.049475677563339565,0.05528655556837236,-0.0005178951345150361,0.04705139484496661,0.3420101802347471
seed_29_lambda_1p00,29,1.0,0.29876908289663134,2.2779553693047947,0.05043820272844834,0.058169664985182015,-0.002100855076710887,0.04014830574029403,0.4487063495859762
