dataset_id,base_seed,lambda,n_samples,n_variables,edge_count,cdfm_f1,lingam_f1,cdfm_precision,lingam_precision,cdfm_recall,lingam_recall,cdfm_shd,lingam_shd,cdfm_runtime_sec,lingam_runtime_sec,cdfm_threshold,winner,winner_margin,raw_prediction_path
seed_00_lambda_0p00,0,0.0,1000,10,11,0.761904761904762,1.0,0.8,1.0,0.7272727272727273,1.0,5,0,1.914600200005225,0.2265049000125145,0.7239299053725673,lingam,0.238095238095238,results/raw_predictions/seed_00_lambda_0p00.npz
seed_00_lambda_0p25,0,0.25,1000,10,11,0.9523809523809524,1.0,1.0,1.0,0.9090909090909092,1.0,1,0,1.9008542999945348,0.2032804999907966,0.7137876504805557,lingam,0.0476190476190476,results/raw_predictions/seed_00_lambda_0p25.npz
seed_00_lambda_0p50,0,0.5,1000,10,11,0.7826086956521738,0.8181818181818182,0.75,0.8181818181818182,0.8181818181818182,0.8181818181818182,5,3,1.8477263999957358,0.19922460000088904,0.6950394198256532,lingam,0.035573122529644396,results/raw_predictions/seed_00_lambda_0p50.npz
seed_00_lambda_0p75,0,0.75,1000,10,11,0.761904761904762,0.18181818181818182,0.8,0.18181818181818182,0.7272727272727273,0.18181818181818182,4,12,1.896997799995006,0.22038260000408627,0.6742538057371613,cdfm,0.5800865800865802,results/raw_predictions/seed_00_lambda_0p75.npz
seed_00_lambda_1p00,0,1.0,1000,10,11,0.64,0.0,0.5714285714285714,0.0,0.7272727272727273,0.0,8,14,1.8857814999937546,0.20925010000064503,0.6418932095219101,cdfm,0.64,results/raw_predictions/seed_00_lambda_1p00.npz
seed_01_lambda_0p00,1,0.0,1000,10,12,0.8695652173913043,1.0,0.9090909090909091,1.0,0.8333333333333334,1.0,3,0,1.854855099998531,0.22975849999056663,0.7868484866129865,lingam,0.13043478260869568,results/raw_predictions/seed_01_lambda_0p00.npz
seed_01_lambda_0p25,1,0.25,1000,10,12,0.8799999999999999,1.0,0.8461538461538461,1.0,0.9166666666666666,1.0,3,0,1.8626812999864342,0.21895629999926314,0.7496665697742478,lingam,0.1200000000000001,results/raw_predictions/seed_01_lambda_0p25.npz
seed_01_lambda_0p50,1,0.5,1000,10,12,0.8148148148148148,0.45454545454545453,0.7333333333333333,0.5,0.9166666666666666,0.4166666666666667,5,7,1.938263799995184,0.22311570000601932,0.700503719670173,cdfm,0.36026936026936024,results/raw_predictions/seed_01_lambda_0p50.npz
seed_01_lambda_0p75,1,0.75,1000,10,12,0.6956521739130435,0.34782608695652173,0.7272727272727273,0.36363636363636365,0.6666666666666666,0.3333333333333333,6,9,1.908076699997764,0.2092665000091074,0.7221328183216845,cdfm,0.34782608695652173,results/raw_predictions/seed_01_lambda_0p75.npz
seed_01_lambda_1p00,1,1.0,1000,10,12,0.5599999999999999,0.17391304347826086,0.5384615384615384,0.18181818181818182,0.5833333333333334,0.16666666666666666,9,13,1.8556912999920314,0.20920949999708682,0.7184668590509231,cdfm,0.3860869565217391,results/raw_predictions/seed_01_lambda_1p00.npz
seed_02_lambda_0p00,2,0.0,1000,10,7,1.0,1.0,1.0,1.0,1.0,1.0,0,0,1.92561299999943,0.21407970000291243,0.779399615977264,tie,0.0,results/raw_predictions/seed_02_lambda_0p00.npz
seed_02_lambda_0p25,2,0.25,1000,10,7,0.923076923076923,1.0,1.0,1.0,0.8571428571428571,1.0,1,0,1.855485600011889,0.21052419999614358,0.7309445869393386,lingam,0.07692307692307698,results/raw_predictions/seed_02_lambda_0p25.npz
seed_02_lambda_0p50,2,0.5,1000,10,7,0.8571428571428571,0.7692307692307692,0.8571428571428571,0.8333333333333334,0.8571428571428571,0.7142857142857143,2,2,1.8932409999979427,0.22769900001003407,0.7022855076593589,cdfm,0.08791208791208793,results/raw_predictions/seed_02_lambda_0p50.npz
seed_02_lambda_0p75,2,0.75,1000,10,7,0.6,0.5,0.46153846153846156,0.6,0.8571428571428571,0.42857142857142855,7,4,1.872262299992144,0.18852340000739787,0.7440152702423214,cdfm,0.09999999999999998,results/raw_predictions/seed_02_lambda_0p75.npz
seed_02_lambda_1p00,2,1.0,1000,10,7,0.7000000000000001,0.14285714285714285,0.5384615384615384,0.14285714285714285,1.0,0.14285714285714285,6,6,1.878967199998442,0.20649929999490269,0.7246704812537995,cdfm,0.5571428571428572,results/raw_predictions/seed_02_lambda_1p00.npz
seed_03_lambda_0p00,3,0.0,1000,10,6,0.45454545454545453,1.0,0.3125,1.0,0.8333333333333334,1.0,12,0,1.8904518999916036,0.20197680000273976,0.7207583276296436,lingam,0.5454545454545454,results/raw_predictions/seed_03_lambda_0p00.npz
seed_03_lambda_0p25,3,0.25,1000,10,6,0.4166666666666667,1.0,0.2777777777777778,1.0,0.8333333333333334,1.0,13,0,1.8479049000015948,0.220527099998435,0.6973133988522014,lingam,0.5833333333333333,results/raw_predictions/seed_03_lambda_0p25.npz
seed_03_lambda_0p50,3,0.5,1000,10,6,0.6,0.5333333333333333,0.42857142857142855,0.4444444444444444,1.0,0.6666666666666666,8,5,1.8891565999947488,0.21646850000252016,0.6847487552740896,cdfm,0.06666666666666665,results/raw_predictions/seed_03_lambda_0p50.npz
seed_03_lambda_0p75,3,0.75,1000,10,6,0.5,0.16666666666666666,0.3333333333333333,0.16666666666666666,1.0,0.16666666666666666,12,6,1.871150300008594,0.19890770000347402,0.595295057386248,cdfm,0.33333333333333337,results/raw_predictions/seed_03_lambda_0p75.npz
seed_03_lambda_1p00,3,1.0,1000,10,6,0.5217391304347826,0.16666666666666666,0.35294117647058826,0.16666666666666666,1.0,0.16666666666666666,10,7,1.8286652999959188,0.22083370000473224,0.6426811266780934,cdfm,0.35507246376811596,results/raw_predictions/seed_03_lambda_1p00.npz
seed_04_lambda_0p00,4,0.0,1000,10,10,0.9,1.0,0.9,1.0,0.9,1.0,2,0,1.9538247999880696,0.2029478000040399,0.8102813127000585,lingam,0.09999999999999998,results/raw_predictions/seed_04_lambda_0p00.npz
seed_04_lambda_0p25,4,0.25,1000,10,10,0.8181818181818182,1.0,0.75,1.0,0.9,1.0,4,0,1.8414803000050597,0.2004121999925701,0.7662155626191902,lingam,0.18181818181818177,results/raw_predictions/seed_04_lambda_0p25.npz
seed_04_lambda_0p50,4,0.5,1000,10,10,0.6428571428571429,0.4,0.5,0.3333333333333333,0.9,0.5,9,10,1.9819017999980133,0.2143153000070015,0.6524066570532732,cdfm,0.24285714285714288,results/raw_predictions/seed_04_lambda_0p50.npz
seed_04_lambda_0p75,4,0.75,1000,10,10,0.5625000000000001,0.1818181818181818,0.4090909090909091,0.16666666666666666,0.9,0.2,13,13,1.8743006000004243,0.2086385999864433,0.6388606140873424,cdfm,0.38068181818181834,results/raw_predictions/seed_04_lambda_0p75.npz
seed_04_lambda_1p00,4,1.0,1000,10,10,0.7272727272727272,0.3076923076923077,0.6666666666666666,0.25,0.8,0.4,5,14,1.9469542000006186,0.20297589999972843,0.7383828396387364,cdfm,0.4195804195804195,results/raw_predictions/seed_04_lambda_1p00.npz
seed_05_lambda_0p00,5,0.0,1000,10,15,0.7096774193548386,1.0,0.6875,1.0,0.7333333333333333,1.0,8,0,1.8203008999989834,0.197971100002178,0.7298500607441368,lingam,0.29032258064516137,results/raw_predictions/seed_05_lambda_0p00.npz
seed_05_lambda_0p25,5,0.25,1000,10,15,0.6,1.0,0.6,1.0,0.6,1.0,11,0,1.863431200006744,0.21578579999913927,0.7316250172424171,lingam,0.4,results/raw_predictions/seed_05_lambda_0p25.npz
seed_05_lambda_0p50,5,0.5,1000,10,15,0.6428571428571429,0.45161290322580644,0.6923076923076923,0.4375,0.6,0.4666666666666667,9,11,1.861286499988637,0.20103419999941252,0.6882126469623933,cdfm,0.19124423963133647,results/raw_predictions/seed_05_lambda_0p50.npz
seed_05_lambda_0p75,5,0.75,1000,10,15,0.5909090909090909,0.1379310344827586,0.4482758620689655,0.14285714285714285,0.8666666666666667,0.13333333333333333,17,16,1.8470329999981914,0.21419980000064243,0.5677937346345869,cdfm,0.4529780564263324,results/raw_predictions/seed_05_lambda_0p75.npz
seed_05_lambda_1p00,5,1.0,1000,10,15,0.7142857142857142,0.28571428571428575,0.7692307692307693,0.25,0.6666666666666666,0.3333333333333333,8,17,1.8629272999969544,0.21699169999919832,0.7275848949612744,cdfm,0.42857142857142844,results/raw_predictions/seed_05_lambda_1p00.npz
seed_06_lambda_0p00,6,0.0,1000,10,7,1.0,1.0,1.0,1.0,1.0,1.0,0,0,1.8880721999885282,0.19223429998965003,0.85312491080036,tie,0.0,results/raw_predictions/seed_06_lambda_0p00.npz
seed_06_lambda_0p25,6,0.25,1000,10,7,1.0,1.0,1.0,1.0,1.0,1.0,0,0,1.8370662000088487,0.19099740000092424,0.8399953273114098,tie,0.0,results/raw_predictions/seed_06_lambda_0p25.npz
seed_06_lambda_0p50,6,0.5,1000,10,7,0.9333333333333333,0.7142857142857143,0.875,0.7142857142857143,1.0,0.7142857142857143,1,3,1.8900797000096645,0.22246309999900404,0.7722023209383696,cdfm,0.21904761904761905,results/raw_predictions/seed_06_lambda_0p50.npz
seed_06_lambda_0p75,6,0.75,1000,10,7,0.8750000000000001,0.23529411764705882,0.7777777777777778,0.2,1.0,0.2857142857142857,2,9,1.8077893000008771,0.2164508999994723,0.779674518751454,cdfm,0.6397058823529413,results/raw_predictions/seed_06_lambda_0p75.npz
seed_06_lambda_1p00,6,1.0,1000,10,7,0.9333333333333333,0.0,0.875,0.0,1.0,0.0,1,11,1.8924709000129951,0.20853119999810588,0.7628721093049673,cdfm,0.9333333333333333,results/raw_predictions/seed_06_lambda_1p00.npz
seed_07_lambda_0p00,7,0.0,1000,10,15,0.5172413793103449,1.0,0.3488372093023256,1.0,1.0,1.0,25,0,1.8876679000095464,0.1990086000005249,0.5138599821384479,lingam,0.48275862068965514,results/raw_predictions/seed_07_lambda_0p00.npz
seed_07_lambda_0p25,7,0.25,1000,10,15,0.5882352941176471,1.0,0.4166666666666667,1.0,1.0,1.0,21,0,1.89567490000627,0.22551340000063647,0.5424993669320374,lingam,0.4117647058823529,results/raw_predictions/seed_07_lambda_0p25.npz
seed_07_lambda_0p50,7,0.5,1000,10,15,0.7647058823529413,0.6470588235294117,0.6842105263157895,0.5789473684210527,0.8666666666666667,0.7333333333333333,7,8,1.9298101000022143,0.21279439999489114,0.6323177007019968,cdfm,0.11764705882352966,results/raw_predictions/seed_07_lambda_0p50.npz
seed_07_lambda_0p75,7,0.75,1000,10,15,0.6829268292682926,0.28571428571428575,0.5384615384615384,0.3076923076923077,0.9333333333333333,0.26666666666666666,13,14,1.904005699994741,0.20384040000499226,0.5920588106750492,cdfm,0.39721254355400687,results/raw_predictions/seed_07_lambda_0p75.npz
seed_07_lambda_1p00,7,1.0,1000,10,15,0.5142857142857143,0.3571428571428571,0.45,0.38461538461538464,0.6,0.3333333333333333,13,14,1.8994459999958053,0.21546249999664724,0.6143280389576377,cdfm,0.15714285714285725,results/raw_predictions/seed_07_lambda_1p00.npz
seed_08_lambda_0p00,8,0.0,1000,10,12,0.9565217391304348,1.0,1.0,1.0,0.9166666666666666,1.0,1,0,1.895875200003502,0.21859000000404194,0.7873475830222963,lingam,0.04347826086956519,results/raw_predictions/seed_08_lambda_0p00.npz
seed_08_lambda_0p25,8,0.25,1000,10,12,0.9600000000000001,1.0,0.9230769230769231,1.0,1.0,1.0,1,0,1.9015412000007927,0.21871080000710208,0.7736598576568753,lingam,0.039999999999999925,results/raw_predictions/seed_08_lambda_0p25.npz
seed_08_lambda_0p50,8,0.5,1000,10,12,0.7586206896551724,0.64,0.6470588235294118,0.6153846153846154,0.9166666666666666,0.6666666666666666,7,8,1.8796178000047803,0.20490520000748802,0.6742970353603933,cdfm,0.11862068965517236,results/raw_predictions/seed_08_lambda_0p50.npz
seed_08_lambda_0p75,8,0.75,1000,10,12,0.888888888888889,0.13333333333333333,0.8,0.1111111111111111,1.0,0.16666666666666666,3,18,1.8772346999903675,0.22133170001325198,0.6928806918829848,cdfm,0.7555555555555556,results/raw_predictions/seed_08_lambda_0p75.npz
seed_08_lambda_1p00,8,1.0,1000,10,12,0.8333333333333334,0.20689655172413793,0.8333333333333334,0.17647058823529413,0.8333333333333334,0.25,4,16,1.900164999999106,0.21263339999131858,0.7534282945206939,cdfm,0.6264367816091955,results/raw_predictions/seed_08_lambda_1p00.npz
seed_09_lambda_0p00,9,0.0,1000,10,12,0.6896551724137931,1.0,0.5882352941176471,1.0,0.8333333333333334,1.0,8,0,1.8609235999902012,0.21380640000279527,0.6951036310954593,lingam,0.31034482758620685,results/raw_predictions/seed_09_lambda_0p00.npz
seed_09_lambda_0p25,9,0.25,1000,10,12,0.6666666666666667,1.0,0.5238095238095238,1.0,0.9166666666666666,1.0,10,0,1.9233219000016106,0.20576989999972284,0.6733642035296015,lingam,0.33333333333333326,results/raw_predictions/seed_09_lambda_0p25.npz
seed_09_lambda_0p50,9,0.5,1000,10,12,0.6470588235294118,0.8181818181818182,0.5,0.9,0.9166666666666666,0.75,12,4,1.8595014000020456,0.21528209999087267,0.6431259062736441,lingam,0.17112299465240643,results/raw_predictions/seed_09_lambda_0p50.npz
seed_09_lambda_0p75,9,0.75,1000,10,12,0.5714285714285715,0.1818181818181818,0.5,0.2,0.6666666666666666,0.16666666666666666,10,12,1.899606599996332,0.22187520000443328,0.6992766889225107,cdfm,0.38961038961038974,results/raw_predictions/seed_09_lambda_0p75.npz
seed_09_lambda_1p00,9,1.0,1000,10,12,0.7857142857142857,0.0,0.6875,0.0,0.9166666666666666,0.0,6,19,1.8400761000084458,0.21834179999132175,0.683345754743145,cdfm,0.7857142857142857,results/raw_predictions/seed_09_lambda_1p00.npz
seed_10_lambda_0p00,10,0.0,1000,10,8,0.875,1.0,0.875,1.0,0.875,1.0,2,0,1.88664460000291,0.2248715000023367,0.8117328934271275,lingam,0.125,results/raw_predictions/seed_10_lambda_0p00.npz
seed_10_lambda_0p25,10,0.25,1000,10,8,0.823529411764706,1.0,0.7777777777777778,1.0,0.875,1.0,3,0,1.8739404000079958,0.2081311999936588,0.8008183337810142,lingam,0.17647058823529405,results/raw_predictions/seed_10_lambda_0p25.npz
seed_10_lambda_0p50,10,0.5,1000,10,8,0.9411764705882353,0.4210526315789474,0.8888888888888888,0.36363636363636365,1.0,0.5,1,7,2.042862600006629,0.20402370000374503,0.7499746773557608,cdfm,0.5201238390092879,results/raw_predictions/seed_10_lambda_0p50.npz
seed_10_lambda_0p75,10,0.75,1000,10,8,0.75,0.2,0.75,0.16666666666666666,0.75,0.25,3,11,1.9177947999996832,0.22591680000186898,0.7249746767599701,cdfm,0.55,results/raw_predictions/seed_10_lambda_0p75.npz
seed_10_lambda_1p00,10,1.0,1000,10,8,0.823529411764706,0.0,0.7777777777777778,0.0,0.875,0.0,2,12,1.958085199992638,0.2140263000037521,0.7541278355898295,cdfm,0.823529411764706,results/raw_predictions/seed_10_lambda_1p00.npz
seed_11_lambda_0p00,11,0.0,1000,10,9,0.9,0.9,0.8181818181818182,0.8181818181818182,1.0,1.0,2,2,1.9209405000001425,0.20889910000551026,0.7841013992945048,tie,0.0,results/raw_predictions/seed_11_lambda_0p00.npz
seed_11_lambda_0p25,11,0.25,1000,10,9,0.9473684210526316,0.8571428571428571,0.9,0.75,1.0,1.0,1,3,1.9319080999994185,0.24214759998722002,0.783073901982426,cdfm,0.09022556390977454,results/raw_predictions/seed_11_lambda_0p25.npz
seed_11_lambda_0p50,11,0.5,1000,10,9,0.9,0.39999999999999997,0.8181818181818182,0.36363636363636365,1.0,0.4444444444444444,2,10,2.011133299994981,0.22699300000385847,0.7130561639368883,cdfm,0.5,results/raw_predictions/seed_11_lambda_0p50.npz
seed_11_lambda_0p75,11,0.75,1000,10,9,0.761904761904762,0.25,0.6666666666666666,0.2,0.8888888888888888,0.3333333333333333,5,12,1.9998935000039637,0.2100536999932956,0.7154481596184739,cdfm,0.511904761904762,results/raw_predictions/seed_11_lambda_0p75.npz
seed_11_lambda_1p00,11,1.0,1000,10,9,0.6666666666666666,0.0,0.6666666666666666,0.0,0.6666666666666666,0.0,6,18,1.8468721999961417,0.20432930000242777,0.7910704532519183,cdfm,0.6666666666666666,results/raw_predictions/seed_11_lambda_1p00.npz
seed_12_lambda_0p00,12,0.0,1000,10,7,0.6250000000000001,1.0,0.5555555555555556,1.0,0.7142857142857143,1.0,4,0,1.9858259999891743,0.21337399999902118,0.7090639846159236,lingam,0.3749999999999999,results/raw_predictions/seed_12_lambda_0p00.npz
seed_12_lambda_0p25,12,0.25,1000,10,7,0.7058823529411764,1.0,0.6,1.0,0.8571428571428571,1.0,5,0,1.8839804000017466,0.20782169999438338,0.737717036727973,lingam,0.2941176470588236,results/raw_predictions/seed_12_lambda_0p25.npz
seed_12_lambda_0p50,12,0.5,1000,10,7,0.5454545454545455,0.5555555555555556,0.4,0.45454545454545453,0.8571428571428571,0.7142857142857143,10,6,1.9800883999996586,0.2044426999927964,0.658183674699814,lingam,0.010101010101010055,results/raw_predictions/seed_12_lambda_0p50.npz
seed_12_lambda_0p75,12,0.75,1000,10,7,0.4166666666666667,0.0,0.29411764705882354,0.0,0.7142857142857143,0.0,12,10,1.8760034000006272,0.21497400000225753,0.595201652321371,cdfm,0.4166666666666667,results/raw_predictions/seed_12_lambda_0p75.npz
seed_12_lambda_1p00,12,1.0,1000,10,7,0.631578947368421,0.19047619047619047,0.5,0.14285714285714285,0.8571428571428571,0.2857142857142857,7,12,1.9211382000066806,0.21109909999358933,0.6696860296662488,cdfm,0.44110275689223055,results/raw_predictions/seed_12_lambda_1p00.npz
seed_13_lambda_0p00,13,0.0,1000,10,7,0.8750000000000001,1.0,0.7777777777777778,1.0,1.0,1.0,2,0,1.9257859000063036,0.21204169999691658,0.8271371073043572,lingam,0.12499999999999989,results/raw_predictions/seed_13_lambda_0p00.npz
seed_13_lambda_0p25,13,0.25,1000,10,7,0.7999999999999999,1.0,0.75,1.0,0.8571428571428571,1.0,3,0,1.8812409000092885,0.21326350000163075,0.8104518763692251,lingam,0.20000000000000007,results/raw_predictions/seed_13_lambda_0p25.npz
seed_13_lambda_0p50,13,0.5,1000,10,7,0.8235294117647058,0.3,0.7,0.23076923076923078,1.0,0.42857142857142855,3,10,1.8832856999943033,0.21406349999597296,0.7357361197309596,cdfm,0.5235294117647058,results/raw_predictions/seed_13_lambda_0p50.npz
seed_13_lambda_0p75,13,0.75,1000,10,7,0.7368421052631579,0.2105263157894737,0.5833333333333334,0.16666666666666666,1.0,0.2857142857142857,5,11,1.8812633000052301,0.20937500000582077,0.7637381564821609,cdfm,0.5263157894736842,results/raw_predictions/seed_13_lambda_0p75.npz
seed_13_lambda_1p00,13,1.0,1000,10,7,0.7058823529411764,0.1111111111111111,0.6,0.09090909090909091,0.8571428571428571,0.14285714285714285,5,11,1.917236099994625,0.20668099999602418,0.7791224173759904,cdfm,0.5947712418300652,results/raw_predictions/seed_13_lambda_1p00.npz
seed_14_lambda_0p00,14,0.0,1000,10,11,0.88,1.0,0.7857142857142857,1.0,1.0,1.0,3,0,1.9140037000033772,0.20559130000765435,0.754571798800888,lingam,0.12,results/raw_predictions/seed_14_lambda_0p00.npz
seed_14_lambda_0p25,14,0.25,1000,10,11,0.8695652173913043,0.9565217391304348,0.8333333333333334,0.9166666666666666,0.9090909090909091,1.0,2,1,1.8602906999876723,0.2142055000003893,0.7716166777335849,lingam,0.08695652173913049,results/raw_predictions/seed_14_lambda_0p25.npz
seed_14_lambda_0p50,14,0.5,1000,10,11,0.8571428571428572,0.64,0.9,0.5714285714285714,0.8181818181818182,0.7272727272727273,3,7,1.9234268000000156,0.20249599999806378,0.7170911958970076,cdfm,0.2171428571428572,results/raw_predictions/seed_14_lambda_0p50.npz
seed_14_lambda_0p75,14,0.75,1000,10,11,0.6206896551724137,0.1904761904761905,0.5,0.2,0.8181818181818182,0.18181818181818182,11,13,1.8365279999998165,0.21739930000330787,0.6603057675918587,cdfm,0.43021346469622324,results/raw_predictions/seed_14_lambda_0p75.npz
seed_14_lambda_1p00,14,1.0,1000,10,11,0.7826086956521738,0.32,0.75,0.2857142857142857,0.8181818181818182,0.36363636363636365,5,13,1.9963370999903418,0.22166689998994116,0.7446840696122422,cdfm,0.46260869565217383,results/raw_predictions/seed_14_lambda_1p00.npz
seed_15_lambda_0p00,15,0.0,1000,10,5,1.0,0.9090909090909091,1.0,0.8333333333333334,1.0,1.0,0,1,1.894413000001805,0.2027451000030851,0.7599994471581971,cdfm,0.09090909090909094,results/raw_predictions/seed_15_lambda_0p00.npz
seed_15_lambda_0p25,15,0.25,1000,10,5,0.9090909090909091,1.0,0.8333333333333334,1.0,1.0,1.0,1,0,1.9397164000110934,0.21481650001078378,0.7826628683359236,lingam,0.09090909090909094,results/raw_predictions/seed_15_lambda_0p25.npz
seed_15_lambda_0p50,15,0.5,1000,10,5,0.8333333333333333,0.3076923076923077,0.7142857142857143,0.25,1.0,0.4,2,6,1.8821447000082117,0.2095887000032235,0.7975538964469467,cdfm,0.5256410256410255,results/raw_predictions/seed_15_lambda_0p50.npz
seed_15_lambda_0p75,15,0.75,1000,10,5,0.8333333333333333,0.3333333333333333,0.7142857142857143,0.2857142857142857,1.0,0.4,2,5,1.9146176999929594,0.2160745000001043,0.7530161491840284,cdfm,0.49999999999999994,results/raw_predictions/seed_15_lambda_0p75.npz
seed_15_lambda_1p00,15,1.0,1000,10,5,0.8333333333333333,0.3333333333333333,0.7142857142857143,0.2857142857142857,1.0,0.4,2,5,1.8800880999915535,0.19968940000399016,0.7708688938963201,cdfm,0.49999999999999994,results/raw_predictions/seed_15_lambda_1p00.npz
seed_16_lambda_0p00,16,0.0,1000,10,14,0.689655172413793,1.0,0.6666666666666666,1.0,0.7142857142857143,1.0,8,0,1.8804967000032775,0.21345340000698343,0.7287951270241991,lingam,0.31034482758620696,results/raw_predictions/seed_16_lambda_0p00.npz
seed_16_lambda_0p25,16,0.25,1000,10,14,0.689655172413793,1.0,0.6666666666666666,1.0,0.7142857142857143,1.0,7,0,1.8991811999876518,0.2090576000045985,0.7317166014003211,lingam,0.31034482758620696,results/raw_predictions/seed_16_lambda_0p25.npz
seed_16_lambda_0p50,16,0.5,1000,10,14,0.7692307692307692,0.75,0.8333333333333334,0.9,0.7142857142857143,0.6428571428571429,6,5,1.8968912999989698,0.2093307999894023,0.7175594488169655,cdfm,0.019230769230769162,results/raw_predictions/seed_16_lambda_0p50.npz
seed_16_lambda_0p75,16,0.75,1000,10,14,0.8484848484848484,0.3703703703703704,0.7368421052631579,0.38461538461538464,1.0,0.35714285714285715,5,11,1.8415992999944137,0.19439009999041446,0.673819259505541,cdfm,0.478114478114478,results/raw_predictions/seed_16_lambda_0p75.npz
seed_16_lambda_1p00,16,1.0,1000,10,14,0.7333333333333334,0.25,0.6875,0.2222222222222222,0.7857142857142857,0.2857142857142857,7,16,1.9417960999999195,0.22358999999414664,0.7256626524761101,cdfm,0.4833333333333334,results/raw_predictions/seed_16_lambda_1p00.npz
seed_17_lambda_0p00,17,0.0,1000,10,11,0.6923076923076923,1.0,0.6,1.0,0.8181818181818182,1.0,7,0,1.8673416999954497,0.2238255999982357,0.7414003512798497,lingam,0.3076923076923077,results/raw_predictions/seed_17_lambda_0p00.npz
seed_17_lambda_0p25,17,0.25,1000,10,11,0.8148148148148148,1.0,0.6875,1.0,1.0,1.0,5,0,1.9091377000004286,0.2144479999988107,0.7107075724016394,lingam,0.18518518518518523,results/raw_predictions/seed_17_lambda_0p25.npz
seed_17_lambda_0p50,17,0.5,1000,10,11,0.6923076923076923,0.5217391304347826,0.6,0.5,0.8181818181818182,0.5454545454545454,8,7,1.8527948999981163,0.19765729999926407,0.678941814348336,cdfm,0.1705685618729097,results/raw_predictions/seed_17_lambda_0p50.npz
seed_17_lambda_0p75,17,0.75,1000,10,11,0.5405405405405405,0.08695652173913043,0.38461538461538464,0.08333333333333333,0.9090909090909091,0.09090909090909091,17,13,1.9436603999929503,0.19216610000876244,0.5730551219454952,cdfm,0.45358401880141,results/raw_predictions/seed_17_lambda_0p75.npz
seed_17_lambda_1p00,17,1.0,1000,10,11,0.7692307692307692,0.09090909090909091,0.6666666666666666,0.09090909090909091,0.9090909090909091,0.09090909090909091,6,13,1.8653841000050306,0.2061868000018876,0.7247893500124082,cdfm,0.6783216783216782,results/raw_predictions/seed_17_lambda_1p00.npz
seed_18_lambda_0p00,18,0.0,1000,10,11,0.8,0.9565217391304348,0.7142857142857143,0.9166666666666666,0.9090909090909091,1.0,5,1,1.9622117999970214,0.21662300000025425,0.7536974095630676,lingam,0.15652173913043477,results/raw_predictions/seed_18_lambda_0p00.npz
seed_18_lambda_0p25,18,0.25,1000,10,11,0.7857142857142858,0.9565217391304348,0.6470588235294118,0.9166666666666666,1.0,1.0,6,1,1.859013799999957,0.21846560000267345,0.7377561607851668,lingam,0.170807453416149,results/raw_predictions/seed_18_lambda_0p25.npz
seed_18_lambda_0p50,18,0.5,1000,10,11,0.7200000000000001,0.6956521739130435,0.6428571428571429,0.6666666666666666,0.8181818181818182,0.7272727272727273,6,4,1.9069905000069411,0.19401680000009947,0.7072179507390434,cdfm,0.024347826086956625,results/raw_predictions/seed_18_lambda_0p50.npz
seed_18_lambda_0p75,18,0.75,1000,10,11,0.7857142857142858,0.13333333333333333,0.6470588235294118,0.10526315789473684,1.0,0.18181818181818182,6,18,1.8485051000025123,0.21230230000219308,0.6743570178718508,cdfm,0.6523809523809525,results/raw_predictions/seed_18_lambda_0p75.npz
seed_18_lambda_1p00,18,1.0,1000,10,11,0.7333333333333334,0.0,0.5789473684210527,0.0,1.0,0.0,8,21,1.9951633000018774,0.21549010000308044,0.6607531204145494,cdfm,0.7333333333333334,results/raw_predictions/seed_18_lambda_1p00.npz
seed_19_lambda_0p00,19,0.0,1000,10,11,0.9166666666666666,1.0,0.8461538461538461,1.0,1.0,1.0,2,0,1.9926196000014897,0.2344709999888437,0.7359575286938413,lingam,0.08333333333333337,results/raw_predictions/seed_19_lambda_0p00.npz
seed_19_lambda_0p25,19,0.25,1000,10,11,0.846153846153846,1.0,0.7333333333333333,1.0,1.0,1.0,4,0,1.9259362999873701,0.19646399999328423,0.6949984916179257,lingam,0.15384615384615397,results/raw_predictions/seed_19_lambda_0p25.npz
seed_19_lambda_0p50,19,0.5,1000,10,11,0.88,0.9523809523809523,0.7857142857142857,1.0,1.0,0.9090909090909091,3,1,1.9069848000071943,0.21117659998708405,0.6344371940401381,lingam,0.07238095238095232,results/raw_predictions/seed_19_lambda_0p50.npz
seed_19_lambda_0p75,19,0.75,1000,10,11,0.7142857142857143,0.23529411764705885,0.5882352941176471,0.3333333333333333,0.9090909090909091,0.18181818181818182,8,9,2.0000255000049947,0.2337091999943368,0.6469056105372557,cdfm,0.4789915966386554,results/raw_predictions/seed_19_lambda_0p75.npz
seed_19_lambda_1p00,19,1.0,1000,10,11,0.6206896551724137,0.10526315789473685,0.5,0.125,0.8181818181818182,0.09090909090909091,11,11,1.855606599987368,0.2291473999939626,0.6868770550160918,cdfm,0.5154264972776769,results/raw_predictions/seed_19_lambda_1p00.npz
seed_20_lambda_0p00,20,0.0,1000,10,7,0.8235294117647058,1.0,0.7,1.0,1.0,1.0,3,0,1.9084115000005113,0.21027900000626687,0.7794376965041028,lingam,0.17647058823529416,results/raw_predictions/seed_20_lambda_0p00.npz
seed_20_lambda_0p25,20,0.25,1000,10,7,0.8750000000000001,1.0,0.7777777777777778,1.0,1.0,1.0,2,0,1.84879259999434,0.21052419999614358,0.7849510094813993,lingam,0.12499999999999989,results/raw_predictions/seed_20_lambda_0p25.npz
seed_20_lambda_0p50,20,0.5,1000,10,7,0.7000000000000001,0.7142857142857143,0.5384615384615384,0.7142857142857143,1.0,0.7142857142857143,6,2,1.9188962999905925,0.2083332999900449,0.7018683682216513,lingam,0.014285714285714235,results/raw_predictions/seed_20_lambda_0p50.npz
seed_20_lambda_0p75,20,0.75,1000,10,7,0.631578947368421,0.3333333333333333,0.5,0.4,0.8571428571428571,0.2857142857142857,6,5,1.8764919999957783,0.2018404999980703,0.6842185216591412,cdfm,0.2982456140350877,results/raw_predictions/seed_20_lambda_0p75.npz
seed_20_lambda_1p00,20,1.0,1000,10,7,0.6666666666666665,0.0,0.5454545454545454,0.0,0.8571428571428571,0.0,6,7,1.8786748999991687,0.21149370000057388,0.7378711526607962,cdfm,0.6666666666666665,results/raw_predictions/seed_20_lambda_1p00.npz
seed_21_lambda_0p00,21,0.0,1000,10,8,0.75,0.9411764705882353,0.75,0.8888888888888888,0.75,1.0,4,1,1.8826064000022598,0.21785470000759233,0.7962023217445633,lingam,0.19117647058823528,results/raw_predictions/seed_21_lambda_0p00.npz
seed_21_lambda_0p25,21,0.25,1000,10,8,0.9333333333333333,1.0,1.0,1.0,0.875,1.0,1,0,1.9160122999892337,0.2136164999974426,0.7725615465305155,lingam,0.06666666666666665,results/raw_predictions/seed_21_lambda_0p25.npz
seed_21_lambda_0p50,21,0.5,1000,10,8,0.9411764705882353,0.5,0.8888888888888888,0.5,1.0,0.5,1,5,1.879865199996857,0.21558099999674596,0.758069426010465,cdfm,0.4411764705882353,results/raw_predictions/seed_21_lambda_0p50.npz
seed_21_lambda_0p75,21,0.75,1000,10,8,0.9411764705882353,0.22222222222222224,0.8888888888888888,0.2,1.0,0.25,1,8,1.9546055999962846,0.21365470001182985,0.7263493050101425,cdfm,0.7189542483660131,results/raw_predictions/seed_21_lambda_0p75.npz
seed_21_lambda_1p00,21,1.0,1000,10,8,0.8,0.11111111111111112,0.6666666666666666,0.1,1.0,0.125,4,11,1.905620200006524,0.20862659999693278,0.7287943221960347,cdfm,0.6888888888888889,results/raw_predictions/seed_21_lambda_1p00.npz
seed_22_lambda_0p00,22,0.0,1000,10,15,0.7878787878787877,1.0,0.7222222222222222,1.0,0.8666666666666667,1.0,7,0,1.911617899997509,0.22528359999705572,0.6889439097535452,lingam,0.21212121212121227,results/raw_predictions/seed_22_lambda_0p00.npz
seed_22_lambda_0p25,22,0.25,1000,10,15,0.7000000000000001,1.0,0.56,1.0,0.9333333333333333,1.0,12,0,1.8822439000068698,0.20585149999533314,0.6241559082811661,lingam,0.29999999999999993,results/raw_predictions/seed_22_lambda_0p25.npz
seed_22_lambda_0p50,22,0.5,1000,10,15,0.5714285714285713,0.29411764705882354,0.4117647058823529,0.2631578947368421,0.9333333333333333,0.3333333333333333,18,15,1.9007309000007808,0.22253420000197366,0.5549034766766299,cdfm,0.27731092436974775,results/raw_predictions/seed_22_lambda_0p50.npz
seed_22_lambda_0p75,22,0.75,1000,10,15,0.5853658536585367,0.11764705882352941,0.46153846153846156,0.10526315789473684,0.8,0.13333333333333333,15,21,1.8920325999933993,0.20820500000263564,0.5972724788694709,cdfm,0.4677187948350072,results/raw_predictions/seed_22_lambda_0p75.npz
seed_22_lambda_1p00,22,1.0,1000,10,15,0.5714285714285715,0.19354838709677422,0.5,0.1875,0.6666666666666666,0.2,13,18,1.9405379999952856,0.21776309999404475,0.6335939102570407,cdfm,0.37788018433179726,results/raw_predictions/seed_22_lambda_1p00.npz
seed_23_lambda_0p00,23,0.0,1000,10,12,0.9565217391304348,1.0,1.0,1.0,0.9166666666666666,1.0,1,0,1.926877499994589,0.2163410999928601,0.8036266153520283,lingam,0.04347826086956519,results/raw_predictions/seed_23_lambda_0p00.npz
seed_23_lambda_0p25,23,0.25,1000,10,12,0.9600000000000001,1.0,0.9230769230769231,1.0,1.0,1.0,1,0,1.9782816999941133,0.21116890000121202,0.778731563592964,lingam,0.039999999999999925,results/raw_predictions/seed_23_lambda_0p25.npz
seed_23_lambda_0p50,23,0.5,1000,10,12,0.8333333333333334,0.64,0.8333333333333334,0.6153846153846154,0.8333333333333334,0.6666666666666666,4,6,1.9043073000066215,0.21187389999977313,0.7337433995138298,cdfm,0.19333333333333336,results/raw_predictions/seed_23_lambda_0p50.npz
seed_23_lambda_0p75,23,0.75,1000,10,12,0.888888888888889,0.08695652173913043,0.8,0.09090909090909091,1.0,0.08333333333333333,3,13,1.9612369000096805,0.21752210000704508,0.6979670412577487,cdfm,0.8019323671497585,results/raw_predictions/seed_23_lambda_0p75.npz
seed_23_lambda_1p00,23,1.0,1000,10,12,0.9090909090909091,0.0909090909090909,1.0,0.1,0.8333333333333334,0.08333333333333333,2,13,1.8610162999975728,0.21057360000850167,0.7660135310652478,cdfm,0.8181818181818181,results/raw_predictions/seed_23_lambda_1p00.npz
seed_24_lambda_0p00,24,0.0,1000,10,11,0.9523809523809523,0.9565217391304348,1.0,0.9166666666666666,0.9090909090909091,1.0,1,1,1.9154042000009213,0.2154861000017263,0.7987484523352283,lingam,0.0041407867494824835,results/raw_predictions/seed_24_lambda_0p00.npz
seed_24_lambda_0p25,24,0.25,1000,10,11,0.8695652173913043,0.9166666666666666,0.8333333333333334,0.8461538461538461,0.9090909090909091,1.0,3,2,1.8746410999883665,0.2097658999991836,0.7611710620137954,lingam,0.047101449275362306,results/raw_predictions/seed_24_lambda_0p25.npz
seed_24_lambda_0p50,24,0.5,1000,10,11,0.8695652173913043,0.7826086956521738,0.8333333333333334,0.75,0.9090909090909091,0.8181818181818182,3,4,1.9339257999963593,0.21324060000188183,0.7432475581808398,cdfm,0.08695652173913049,results/raw_predictions/seed_24_lambda_0p50.npz
seed_24_lambda_0p75,24,0.75,1000,10,11,0.5161290322580645,0.2727272727272727,0.4,0.2727272727272727,0.7272727272727273,0.2727272727272727,12,10,1.8899379999929806,0.21957780000229832,0.625752175268182,cdfm,0.2434017595307918,results/raw_predictions/seed_24_lambda_0p75.npz
seed_24_lambda_1p00,24,1.0,1000,10,11,0.5806451612903226,0.0,0.45,0.0,0.8181818181818182,0.0,10,15,2.003415099999984,0.22242199999163859,0.6680674265772599,cdfm,0.5806451612903226,results/raw_predictions/seed_24_lambda_1p00.npz
seed_25_lambda_0p00,25,0.0,1000,10,14,0.6875000000000001,1.0,0.6111111111111112,1.0,0.7857142857142857,1.0,10,0,1.8802400999993552,0.2149074000044493,0.7709495093395045,lingam,0.3124999999999999,results/raw_predictions/seed_25_lambda_0p00.npz
seed_25_lambda_0p25,25,0.25,1000,10,14,0.7999999999999999,1.0,0.75,1.0,0.8571428571428571,1.0,6,0,1.9081998000037856,0.2163262000103714,0.7682172070962618,lingam,0.20000000000000007,results/raw_predictions/seed_25_lambda_0p25.npz
seed_25_lambda_0p50,25,0.5,1000,10,14,0.6875000000000001,0.6451612903225806,0.6111111111111112,0.5882352941176471,0.7857142857142857,0.7142857142857143,10,7,1.8916907999955583,0.2037207999965176,0.7428791124309589,cdfm,0.042338709677419484,results/raw_predictions/seed_25_lambda_0p50.npz
seed_25_lambda_0p75,25,0.75,1000,10,14,0.75,0.18181818181818182,0.6666666666666666,0.15789473684210525,0.8571428571428571,0.21428571428571427,8,19,1.9247753999952693,0.20695510000223294,0.7064524831158638,cdfm,0.5681818181818181,results/raw_predictions/seed_25_lambda_0p75.npz
seed_25_lambda_1p00,25,1.0,1000,10,14,0.6470588235294117,0.17142857142857143,0.55,0.14285714285714285,0.7857142857142857,0.21428571428571427,12,22,1.8902481999975862,0.2183653999964008,0.6933374737935721,cdfm,0.47563025210084026,results/raw_predictions/seed_25_lambda_1p00.npz
seed_26_lambda_0p00,26,0.0,1000,10,10,0.8695652173913044,1.0,0.7692307692307693,1.0,1.0,1.0,3,0,1.9225451999955112,0.19986969999445137,0.7380758037085905,lingam,0.13043478260869557,results/raw_predictions/seed_26_lambda_0p00.npz
seed_26_lambda_0p25,26,0.25,1000,10,10,0.8695652173913044,1.0,0.7692307692307693,1.0,1.0,1.0,3,0,1.884765900002094,0.21398329999647103,0.7155760883089218,lingam,0.13043478260869557,results/raw_predictions/seed_26_lambda_0p25.npz
seed_26_lambda_0p50,26,0.5,1000,10,10,0.8181818181818182,0.6363636363636365,0.75,0.5833333333333334,0.9,0.7,4,6,1.9494913000089582,0.2179007999948226,0.6830034042848199,cdfm,0.18181818181818177,results/raw_predictions/seed_26_lambda_0p50.npz
seed_26_lambda_0p75,26,0.75,1000,10,10,0.6428571428571429,0.3,0.5,0.3,0.9,0.3,10,11,1.8857332000043243,0.20480540000426117,0.6168489350719265,cdfm,0.3428571428571429,results/raw_predictions/seed_26_lambda_0p75.npz
seed_26_lambda_1p00,26,1.0,1000,10,10,0.7,0.34782608695652173,0.7,0.3076923076923077,0.7,0.4,5,10,1.9246856000099797,0.2112454999878537,0.7103648400476701,cdfm,0.3521739130434782,results/raw_predictions/seed_26_lambda_1p00.npz
seed_27_lambda_0p00,27,0.0,1000,10,12,0.8571428571428571,1.0,0.75,1.0,1.0,1.0,4,0,1.914061399991624,0.234545999992406,0.7315187369051428,lingam,0.1428571428571429,results/raw_predictions/seed_27_lambda_0p00.npz
seed_27_lambda_0p25,27,0.25,1000,10,12,1.0,1.0,1.0,1.0,1.0,1.0,0,0,1.9125856000027852,0.2122003999975277,0.7333201999322935,tie,0.0,results/raw_predictions/seed_27_lambda_0p25.npz
seed_27_lambda_0p50,27,0.5,1000,10,12,0.888888888888889,0.4827586206896552,0.8,0.4117647058823529,1.0,0.5833333333333334,2,11,1.921805999998469,0.22108109999680892,0.701394800836795,cdfm,0.40613026819923376,results/raw_predictions/seed_27_lambda_0p50.npz
seed_27_lambda_0p75,27,0.75,1000,10,12,0.8,0.2608695652173913,0.7692307692307693,0.2727272727272727,0.8333333333333334,0.25,5,12,1.9199479000089923,0.2191748000041116,0.6925578117951237,cdfm,0.5391304347826087,results/raw_predictions/seed_27_lambda_0p75.npz
seed_27_lambda_1p00,27,1.0,1000,10,12,0.7826086956521738,0.24000000000000002,0.8181818181818182,0.23076923076923078,0.75,0.25,5,13,1.9436485999904107,0.2121082999947248,0.7220319345185234,cdfm,0.5426086956521738,results/raw_predictions/seed_27_lambda_1p00.npz
seed_28_lambda_0p00,28,0.0,1000,10,10,0.761904761904762,0.9523809523809523,0.7272727272727273,0.9090909090909091,0.8,1.0,4,1,1.8880940999952145,0.21083320000616368,0.7685174411876,lingam,0.19047619047619035,results/raw_predictions/seed_28_lambda_0p00.npz
seed_28_lambda_0p25,28,0.25,1000,10,10,0.7692307692307693,0.9523809523809523,0.625,0.9090909090909091,1.0,1.0,6,1,1.8883042999950703,0.20636219999869354,0.6992200996721545,lingam,0.18315018315018305,results/raw_predictions/seed_28_lambda_0p25.npz
seed_28_lambda_0p50,28,0.5,1000,10,10,0.6153846153846154,0.6956521739130435,0.5,0.6153846153846154,0.8,0.8,10,5,1.9400892999983625,0.2154203999962192,0.6942900417840637,lingam,0.08026755852842804,results/raw_predictions/seed_28_lambda_0p50.npz
seed_28_lambda_0p75,28,0.75,1000,10,10,0.6363636363636365,0.3157894736842105,0.5833333333333334,0.3333333333333333,0.7,0.3,7,11,1.8873610000009649,0.2168836999917403,0.6750910257374944,cdfm,0.32057416267942596,results/raw_predictions/seed_28_lambda_0p75.npz
seed_28_lambda_1p00,28,1.0,1000,10,10,0.75,0.0,0.6428571428571429,0.0,0.9,0.0,5,15,1.9326394999952754,0.21860699998796917,0.702794035014019,cdfm,0.75,results/raw_predictions/seed_28_lambda_1p00.npz
seed_29_lambda_0p00,29,0.0,1000,10,3,0.7499999999999999,0.7499999999999999,0.6,0.6,1.0,1.0,1,2,1.891719400009606,0.22485250000318047,0.40321505332380037,tie,0.0,results/raw_predictions/seed_29_lambda_0p00.npz
seed_29_lambda_0p25,29,0.25,1000,10,3,0.7499999999999999,0.7499999999999999,0.6,0.6,1.0,1.0,1,2,1.9619796999904793,0.2049776999920141,0.39506261021428735,tie,0.0,results/raw_predictions/seed_29_lambda_0p25.npz
seed_29_lambda_0p50,29,0.5,1000,10,3,0.7499999999999999,0.25,0.6,0.2,1.0,0.3333333333333333,2,4,1.8948476999939885,0.2103513999900315,0.5782578811429047,cdfm,0.4999999999999999,results/raw_predictions/seed_29_lambda_0p50.npz
seed_29_lambda_0p75,29,0.75,1000,10,3,0.6666666666666666,0.0,0.5,0.0,1.0,0.0,2,5,1.9134372000116855,0.21837159999995492,0.6848630753410578,cdfm,0.6666666666666666,results/raw_predictions/seed_29_lambda_0p75.npz
seed_29_lambda_1p00,29,1.0,1000,10,3,0.8571428571428571,0.2222222222222222,0.75,0.16666666666666666,1.0,0.3333333333333333,1,5,1.8980492999980925,0.2346460999979172,0.6854038638076698,cdfm,0.6349206349206349,results/raw_predictions/seed_29_lambda_1p00.npz
