dataset_id,base_seed,lambda,mean_abs_skewness,mean_abs_excess_kurtosis,mean_abs_pearson_correlation,mean_abs_spearman_correlation,nonlinearity_gain_median,nonlinearity_gain_mean,nonlinearity_gain_max,cdfm_f1,lingam_f1,defer_target,router_fold,router_defer_probability,router_prediction,selected_solver,hybrid_selected_f1
seed_00_lambda_0p00,0,0.0,0.0952615082019171,1.739705828987907,0.1644850883066996,0.1639532719532719,-0.0118233025018416,-0.0261087896435362,0.0062168540229886,0.761904761904762,1.0,1,5,0.92345982484761,1,DirectLiNGAM,1.0
seed_00_lambda_0p25,0,0.25,0.1564073417575898,1.98554979162819,0.1222967482878438,0.1197616178949512,-0.0054569193610642,-0.0111534763815825,0.0265512313158734,0.9523809523809524,1.0,1,5,0.718801303603052,1,DirectLiNGAM,1.0
seed_00_lambda_0p50,0,0.5,0.1860117828620282,2.044499525989601,0.0772868918303786,0.0748005113338446,0.0033979817290832,0.0200562168178984,0.1883827456294882,0.7826086956521738,0.8181818181818182,1,5,0.11461876357598244,0,CDFM,0.7826086956521738
seed_00_lambda_0p75,0,0.75,0.1655190812542879,1.721193099116184,0.0772351025824737,0.0984974726308059,0.0179036168535228,0.0560703072724078,0.3348090089183425,0.761904761904762,0.1818181818181818,0,5,0.027189866195887948,0,CDFM,0.761904761904762
seed_00_lambda_1p00,0,1.0,0.1755639310677395,1.3570131988281595,0.0962291994560698,0.1211375832709166,0.0578448702709792,0.0876131604741079,0.4936711560826677,0.64,0.0,0,5,0.0023850912003935683,0,CDFM,0.64
seed_01_lambda_0p00,1,0.0,0.1410170876313538,2.2591842963068096,0.1786769195757315,0.1724516657849991,-0.0100772223583822,-0.0136600775161915,0.0189604996042543,0.8695652173913043,1.0,1,4,0.9691901547734808,1,DirectLiNGAM,1.0
seed_01_lambda_0p25,1,0.25,0.1904228039558817,2.465058219010112,0.1324245527608289,0.1297612988279655,0.0019888539096362,0.0060353125129075,0.0800639779777088,0.8799999999999999,1.0,1,4,0.7477574608777239,1,DirectLiNGAM,1.0
seed_01_lambda_0p50,1,0.5,0.1981175884854755,2.514069677115308,0.0734010241096765,0.07662020675354,0.0051783344563137,0.0320923713988197,0.2423749548166975,0.8148148148148148,0.4545454545454545,0,4,0.15404619789168278,0,CDFM,0.8148148148148148
seed_01_lambda_0p75,1,0.75,0.199966068928019,2.1998611043872462,0.0707996819549926,0.0832312282978949,0.003475611882789,0.0569859081117417,0.395098537291812,0.6956521739130435,0.3478260869565217,0,4,0.039568512825375476,0,CDFM,0.6956521739130435
seed_01_lambda_1p00,1,1.0,0.2400949287664229,1.9056285858482196,0.0891093305589367,0.0973703597703597,0.0130612329413688,0.0741507968787778,0.5190243606696789,0.5599999999999999,0.1739130434782608,0,4,0.005843412098897407,0,CDFM,0.5599999999999999
seed_02_lambda_0p00,2,0.0,0.2026450844980598,2.757096366100725,0.1253108260497251,0.1246380726380726,-0.0116953977581826,-0.0221310735776735,0.0073628233506244,1.0,1.0,0,3,0.887097646431302,1,DirectLiNGAM,1.0
seed_02_lambda_0p25,2,0.25,0.238627551119751,2.814935556421964,0.1012828030787336,0.09882067002067,-0.0050448751705187,-0.0064655834351773,0.0382440903165778,0.923076923076923,1.0,1,3,0.683214037558709,1,DirectLiNGAM,1.0
seed_02_lambda_0p50,2,0.5,0.2379966982425154,2.8518577415250173,0.0693564423259643,0.064597822731156,0.0067642318607417,0.021891875556394,0.1549545561379312,0.8571428571428571,0.7692307692307692,0,3,0.2664426906804962,0,CDFM,0.8571428571428571
seed_02_lambda_0p75,2,0.75,0.2348326338801415,2.746120801385205,0.0551034761407321,0.0657127576483293,-0.0021427712072202,0.037643208998119,0.2979320868336524,0.6,0.5,0,3,0.06823142468786829,0,CDFM,0.6
seed_02_lambda_1p00,2,1.0,0.2475799213294163,2.5671852169330336,0.0562963441257393,0.067670958337625,0.0193464384654947,0.0800259888307885,0.430516347284844,0.7000000000000001,0.1428571428571428,0,3,0.012185945722359603,0,CDFM,0.7000000000000001
seed_03_lambda_0p00,3,0.0,0.1487801240865345,2.2574043061682403,0.1697187610894048,0.1643186024519357,-0.0327987677406832,-0.0417898502154488,-0.0091446708690621,0.4545454545454545,1.0,1,2,0.9657377632419897,1,DirectLiNGAM,1.0
seed_03_lambda_0p25,3,0.25,0.1593426005988122,2.214636489455954,0.1366087335312156,0.1380274806941473,-0.0030576936394243,-0.0055990157308439,0.0301299552701943,0.4166666666666667,1.0,1,2,0.8548495570087332,1,DirectLiNGAM,1.0
seed_03_lambda_0p50,3,0.5,0.1854752061316187,2.255561834885411,0.0924547500064277,0.0971137928471261,0.0080940826139734,0.0290647875525627,0.1661556420564576,0.6,0.5333333333333333,0,2,0.29893808188713483,0,CDFM,0.6
seed_03_lambda_0p75,3,0.75,0.1995924645343927,2.148504527474677,0.0631130476903765,0.0683648774315441,0.0059011271781806,0.0479222845611943,0.3004225083532739,0.5,0.1666666666666666,0,2,0.050496614295770126,0,CDFM,0.5
seed_03_lambda_1p00,3,1.0,0.2343931830436631,2.0787703578531995,0.0696420900382143,0.0789991635324968,0.0314689243434565,0.0954354966313333,0.4436279151498465,0.5217391304347826,0.1666666666666666,0,2,0.004925324280771583,0,CDFM,0.5217391304347826
seed_04_lambda_0p00,4,0.0,0.1394929894505729,1.8691650896528045,0.2935888232880621,0.2843943233276567,-0.0129529314662279,-0.0164328496398913,0.035853153070194,0.9,1.0,1,1,0.9927032207322006,1,DirectLiNGAM,1.0
seed_04_lambda_0p25,4,0.25,0.2128570977099096,2.0892226240057465,0.1969592416450389,0.1842246807580141,0.00211638601258,0.007034342643934,0.0506167414126102,0.8181818181818182,1.0,1,1,0.872736936120405,1,DirectLiNGAM,1.0
seed_04_lambda_0p50,4,0.5,0.2587082125790876,2.2587949920536787,0.1019008744434457,0.0920356083022749,0.0167300368537022,0.0503225398258721,0.174932692619343,0.6428571428571429,0.4,0,1,0.10454038505007009,0,CDFM,0.6428571428571429
seed_04_lambda_0p75,4,0.75,0.307634624933094,2.0954221900247445,0.0755148664529842,0.083274416074416,0.0110266394270823,0.0808522123005025,0.3086626822593106,0.5625000000000001,0.1818181818181818,0,1,0.01108652497803075,0,CDFM,0.5625000000000001
seed_04_lambda_1p00,4,1.0,0.4147932261407347,1.8763164006124349,0.1073671924264864,0.1067548640881974,0.0353917408255065,0.1135434531828859,0.419206554862346,0.7272727272727272,0.3076923076923077,0,1,0.001400884215576302,0,CDFM,0.7272727272727272
seed_05_lambda_0p00,5,0.0,0.0688681159216377,1.5239947023298792,0.2554183610342184,0.247913883647217,-0.0053294523664371,-0.0099590154030721,0.0183297249392719,0.7096774193548386,1.0,1,5,0.9897825858815783,1,DirectLiNGAM,1.0
seed_05_lambda_0p25,5,0.25,0.1190261017319925,1.9371458218075488,0.1764956199130432,0.1671840682507349,0.0104904149547058,0.0090082538659757,0.0632874532565539,0.6,1.0,1,5,0.8877473784642511,1,DirectLiNGAM,1.0
seed_05_lambda_0p50,5,0.5,0.1601039649236626,2.127261542613076,0.0919037382652142,0.0896705851372518,0.0167333119692349,0.0447890424871053,0.1951422687635757,0.6428571428571429,0.4516129032258064,0,5,0.21879920522687107,0,CDFM,0.6428571428571429
seed_05_lambda_0p75,5,0.75,0.1694436223166072,1.7497442153124574,0.0884833016151544,0.1086362102362102,0.0175102323981992,0.0545696687083425,0.2374770749518072,0.5909090909090909,0.1379310344827586,0,5,0.10052309208293458,0,CDFM,0.5909090909090909
seed_05_lambda_1p00,5,1.0,0.167512725347864,1.1091530166259544,0.1267548115119864,0.144475026075026,0.0320015026341925,0.089464899577405,0.4771909166234774,0.7142857142857142,0.2857142857142857,0,5,0.007891396676525678,0,CDFM,0.7142857142857142
seed_06_lambda_0p00,6,0.0,0.179790249020449,1.968540189487415,0.1411005065899536,0.1365966016632683,-0.0115973398053904,-0.0113848819554065,0.0109656167569651,1.0,1.0,0,4,0.9025965108341011,1,DirectLiNGAM,1.0
seed_06_lambda_0p25,6,0.25,0.1776215164888783,1.9959201811148837,0.1149509145164271,0.1127152692486026,0.0011676176191727,0.0059845532915272,0.0796192567406377,1.0,1.0,0,4,0.6453467380806877,1,DirectLiNGAM,1.0
seed_06_lambda_0p50,6,0.5,0.2004766446462098,2.043939139037484,0.0792784399119797,0.079486737353404,0.0072820449990714,0.0284688283484511,0.2311797092714854,0.9333333333333332,0.7142857142857143,0,4,0.11913990646674524,0,CDFM,0.9333333333333332
seed_06_lambda_0p75,6,0.75,0.2179554014898099,1.9573678643535672,0.0630016129356427,0.075683882083882,0.0029731136891319,0.044514345611526,0.2515276058657242,0.8750000000000001,0.2352941176470588,0,4,0.09015281011608926,0,CDFM,0.8750000000000001
seed_06_lambda_1p00,6,1.0,0.2905504647548245,1.8906633682446805,0.0694321295621876,0.0830607331940665,0.0039293479669463,0.0735255599528224,0.525678228178237,0.9333333333333332,0.0,0,4,0.003236071736159037,0,CDFM,0.9333333333333332
seed_07_lambda_0p00,7,0.0,0.1760643556296398,1.3292225928604495,0.2718788199307561,0.2702572678572679,-0.0083026103033449,-0.0097153705069232,0.0193316355058345,0.5172413793103449,1.0,1,3,0.9616077317314052,1,DirectLiNGAM,1.0
seed_07_lambda_0p25,7,0.25,0.2193300497549553,1.6308519464793534,0.2008585536710528,0.2033841305841306,0.0015030345087947,0.0062598423842285,0.0453732489838984,0.5882352941176471,1.0,1,3,0.7803991042205798,1,DirectLiNGAM,1.0
seed_07_lambda_0p50,7,0.5,0.2046774381261835,1.7467794044851377,0.1164075719946127,0.1211130640463973,0.0245340084327323,0.0401115220566893,0.1663842183649415,0.7647058823529413,0.6470588235294117,0,3,0.2011456173821003,0,CDFM,0.7647058823529413
seed_07_lambda_0p75,7,0.75,0.1999678694254515,1.5016800873100555,0.0749608849119978,0.0834875258875258,0.0149926542767453,0.0700653976232099,0.3408381021533878,0.6829268292682926,0.2857142857142857,0,3,0.017102102639421655,0,CDFM,0.6829268292682926
seed_07_lambda_1p00,7,1.0,0.2591516362701948,1.3217023713768967,0.0965295160666848,0.1030695292028625,0.0127026678545923,0.0623443690253868,0.3109430023223264,0.5142857142857143,0.3571428571428571,0,3,0.009900086561590183,0,CDFM,0.5142857142857143
seed_08_lambda_0p00,8,0.0,0.0689183641934553,1.7296370314364384,0.2425455221315983,0.2278113958113958,-0.0165499190720512,-0.0157427560921095,0.0095031385493613,0.9565217391304348,1.0,1,2,0.9923574720769238,1,DirectLiNGAM,1.0
seed_08_lambda_0p25,8,0.25,0.1363328724785648,2.065652987993864,0.1635442674169236,0.1549728008394675,0.0021536596881861,0.0023483422623201,0.0456289750508936,0.96,1.0,1,2,0.8935289148374386,1,DirectLiNGAM,1.0
seed_08_lambda_0p50,8,0.5,0.1713646325503303,2.1816639383854217,0.0877564421794979,0.0836404897738231,0.0162146920136996,0.0284575051463639,0.164310800323655,0.7586206896551724,0.64,0,2,0.26828081535905157,0,CDFM,0.7586206896551724
seed_08_lambda_0p75,8,0.75,0.1768072442689436,1.7912226000315932,0.0854030561474598,0.0924905068905068,0.0238662890492051,0.0689267343712418,0.312917541243684,0.888888888888889,0.1333333333333333,0,2,0.054031287932921064,0,CDFM,0.888888888888889
seed_08_lambda_1p00,8,1.0,0.210176364765124,1.4455489547804274,0.1074742812200013,0.117414122747456,0.0189273475626944,0.0817013309588924,0.4167487933538863,0.8333333333333334,0.2068965517241379,0,2,0.01533137683395668,0,CDFM,0.8333333333333334
seed_09_lambda_0p00,9,0.0,0.1393362593729085,2.004139105288935,0.2284923275899953,0.2238019768686435,-0.0076240866009128,-0.005738988994325,0.0438246029879896,0.6896551724137931,1.0,1,1,0.9679930115198575,1,DirectLiNGAM,1.0
seed_09_lambda_0p25,9,0.25,0.112117026450961,2.185441421525679,0.1785238308071696,0.1766679857346524,-2.9529092402323455e-05,0.0009373620553387,0.04526387977173,0.6666666666666667,1.0,1,1,0.9204092646444577,1,DirectLiNGAM,1.0
seed_09_lambda_0p50,9,0.5,0.1275240944087979,2.2834788914376243,0.1147851078043797,0.1135553719553719,0.0176562471913031,0.0309014927716072,0.1704167928528347,0.6470588235294118,0.8181818181818182,1,1,0.3488019975323863,0,CDFM,0.6470588235294118
seed_09_lambda_0p75,9,0.75,0.1395091612503941,2.0627566698329325,0.1023458921564268,0.1136448232448232,0.0312380268434393,0.0585046927644962,0.3196980458329364,0.5714285714285715,0.1818181818181818,0,1,0.054424526518581796,0,CDFM,0.5714285714285715
seed_09_lambda_1p00,9,1.0,0.1229975384990388,1.8047935529687016,0.1072169437550533,0.1258326495659829,0.0266035497281795,0.0868361963642831,0.4566377322889746,0.7857142857142857,0.0,0,1,0.012406588617026483,0,CDFM,0.7857142857142857
seed_10_lambda_0p00,10,0.0,0.1330573630270612,1.4394853611035905,0.1894666944055788,0.1836116628116628,-0.0069952482965346,-0.0102608994124016,0.0105101299718644,0.875,1.0,1,5,0.9031784388321934,1,DirectLiNGAM,1.0
seed_10_lambda_0p25,10,0.25,0.1788296597286456,1.5281730237127924,0.1481242979201197,0.1437553421553421,0.0070531502900687,0.007912864586722,0.0387396831480902,0.823529411764706,1.0,1,5,0.6133436946168691,1,DirectLiNGAM,1.0
seed_10_lambda_0p50,10,0.5,0.1968198917992289,1.5955324226453542,0.0925282146699171,0.0858618559951893,0.0044249483564464,0.0335637268514553,0.1493565501139539,0.9411764705882352,0.4210526315789474,0,5,0.1328724446896983,0,CDFM,0.9411764705882352
seed_10_lambda_0p75,10,0.75,0.2113416701195108,1.429464462048297,0.0848348828392284,0.1021229951896618,0.0138528166528469,0.0620266371140528,0.3061093217857444,0.75,0.2,0,5,0.020111464925303812,0,CDFM,0.75
seed_10_lambda_1p00,10,1.0,0.2463055250547085,1.2726610599916792,0.1154820388103597,0.1314436626436626,0.0414140629718434,0.1111101695764259,0.4255745561577215,0.823529411764706,0.0,0,5,0.00612473561858749,0,CDFM,0.823529411764706
seed_11_lambda_0p00,11,0.0,0.1295656120608871,2.0535273641853373,0.2158850498917441,0.2047709346376013,-0.0083357432996913,-0.0163440577301635,0.0090377612993306,0.9,0.9,0,4,0.9843549491438757,1,DirectLiNGAM,0.9
seed_11_lambda_0p25,11,0.25,0.2018948830555864,2.199786157893993,0.1672775091178207,0.155278672345339,-0.0129612013752775,-0.0097070705119192,0.0375083516028037,0.9473684210526316,0.8571428571428571,0,4,0.917820873579874,1,DirectLiNGAM,0.8571428571428571
seed_11_lambda_0p50,11,0.5,0.2620121039063558,2.2224753156295223,0.1062598753840797,0.0995281464614798,-0.0045300340713118,0.0160571478456102,0.1498033498922057,0.9,0.3999999999999999,0,4,0.31278897111524506,0,CDFM,0.9
seed_11_lambda_0p75,11,0.75,0.2837848926255863,1.9733830843033813,0.1060490843701894,0.1164343649676983,0.0170048230219396,0.0737259448000902,0.2894381561962605,0.761904761904762,0.25,0,4,0.04921986730666654,0,CDFM,0.761904761904762
seed_11_lambda_1p00,11,1.0,0.3054006536960665,1.7013546157073054,0.1187490240029655,0.1281010969010969,0.0844108061449476,0.1275094246480512,0.4112982756708898,0.6666666666666666,0.0,0,4,0.0007653688785791617,0,CDFM,0.6666666666666666
seed_12_lambda_0p00,12,0.0,0.1924974684906633,1.9243628457554136,0.1652521182597184,0.1622022856689523,-0.0095855187929326,-0.0116993381595288,0.0305637559498745,0.6250000000000001,1.0,1,3,0.8190469161304428,1,DirectLiNGAM,1.0
seed_12_lambda_0p25,12,0.25,0.2097558645548109,2.177335713650691,0.1239065577809722,0.1167504831504831,-0.0062625006431148,-0.0009379444140142,0.0473721036083736,0.7058823529411764,1.0,1,3,0.6477863618115587,1,DirectLiNGAM,1.0
seed_12_lambda_0p50,12,0.5,0.2755839512175995,2.3437527931403195,0.0701631816408972,0.0620630497963831,0.0042689761825765,0.0335045030339517,0.189093636766627,0.5454545454545455,0.5555555555555556,0,3,0.062425426818198355,0,CDFM,0.5454545454545455
seed_12_lambda_0p75,12,0.75,0.276280956876466,2.164031335638194,0.0618217717805253,0.0696999960999961,0.0112075437110178,0.0524537988181185,0.3463801980129633,0.4166666666666667,0.0,0,3,0.008968461351711083,0,CDFM,0.4166666666666667
seed_12_lambda_1p00,12,1.0,0.263786333157784,1.8166045967749815,0.0896210067174054,0.0951650919650919,0.0126685355196327,0.0816847135612983,0.4825650857703422,0.631578947368421,0.1904761904761904,0,3,0.0032851750867812835,0,CDFM,0.631578947368421
seed_13_lambda_0p00,13,0.0,0.155890748556934,1.9378439893013424,0.2295652519809571,0.2294945164278498,-0.0166492771751698,-0.021582606443005,0.0016528727560706,0.8750000000000001,1.0,1,2,0.9746818900982912,1,DirectLiNGAM,1.0
seed_13_lambda_0p25,13,0.25,0.2483447518592564,1.9741086241248056,0.1828034881187588,0.1877865939199272,0.0062795696889124,0.0132003269499478,0.0667310078331484,0.7999999999999999,1.0,1,2,0.6379497274576512,1,DirectLiNGAM,1.0
seed_13_lambda_0p50,13,0.5,0.2712454926266189,2.043461773476315,0.1304279943629116,0.132914744381411,0.0288834049552907,0.0509669967755751,0.1672654545792503,0.8235294117647058,0.3,0,2,0.11821250459925652,0,CDFM,0.8235294117647058
seed_13_lambda_0p75,13,0.75,0.2836829464051088,1.982953385034002,0.1182039443355145,0.1271675586342253,0.024792999956162,0.0693489871048781,0.3203472794129041,0.7368421052631579,0.2105263157894737,0,2,0.019465084976814193,0,CDFM,0.7368421052631579
seed_13_lambda_1p00,13,1.0,0.327745144531954,1.9069409880520132,0.1155754452170558,0.1228934487601154,0.0325280140480742,0.1178384275309567,0.4543400620314897,0.7058823529411764,0.1111111111111111,0,2,0.0023703365109101573,0,CDFM,0.7058823529411764
seed_14_lambda_0p00,14,0.0,0.1804660245840586,1.6466711015002695,0.208146558375429,0.1987221539221539,-0.0135338262494354,-0.0202407374895903,0.0025857355317143,0.88,1.0,1,1,0.9684861464406332,1,DirectLiNGAM,1.0
seed_14_lambda_0p25,14,0.25,0.2189278033689946,1.862501355469376,0.1522332642241037,0.1484271790938457,-0.0051314249524527,0.0012291063019289,0.0406448671710237,0.8695652173913043,0.9565217391304348,1,1,0.7997994869973181,1,DirectLiNGAM,0.9565217391304348
seed_14_lambda_0p50,14,0.5,0.2637742072702679,2.086548209093789,0.0781078795636101,0.077218320167978,0.009647092920732,0.0304001326508477,0.1331805040763907,0.8571428571428572,0.64,0,1,0.15642603700366794,0,CDFM,0.8571428571428572
seed_14_lambda_0p75,14,0.75,0.2407877410098273,1.8850766894670896,0.0770924417656846,0.0861949317949318,0.0222937898215925,0.0663327213058231,0.2725201171533217,0.6206896551724137,0.1904761904761905,0,1,0.024230381385692817,0,CDFM,0.6206896551724137
seed_14_lambda_1p00,14,1.0,0.2511202804051431,1.6444135355184688,0.1032836990438702,0.10858304671638,0.021335024325167,0.0755325293681436,0.4068230454835214,0.7826086956521738,0.32,0,1,0.010668915984437975,0,CDFM,0.7826086956521738
seed_15_lambda_0p00,15,0.0,0.1977906953250885,1.910829923043572,0.1582203353030546,0.1505188494521828,-0.0132434273280082,-0.0175175195150343,0.0001103944408472,1.0,0.9090909090909092,0,5,0.8260622226067802,1,DirectLiNGAM,0.9090909090909092
seed_15_lambda_0p25,15,0.25,0.2128567233566078,2.0815132869738555,0.1344173420803175,0.1352949576949576,0.0021329045012274,0.0023651150471843,0.039017467069589,0.9090909090909092,1.0,1,5,0.652519322343471,1,DirectLiNGAM,1.0
seed_15_lambda_0p50,15,0.5,0.2486918565268176,2.2948809071671383,0.096608852637216,0.100526634393301,0.0127575151524147,0.0289165303824027,0.1628534014161231,0.8333333333333333,0.3076923076923077,0,5,0.16020067092985463,0,CDFM,0.8333333333333333
seed_15_lambda_0p75,15,0.75,0.2886097951471119,2.0861137183328786,0.0968659086890294,0.0969307427974094,0.0229508201934309,0.0587840922996408,0.3126971011027986,0.8333333333333333,0.3333333333333333,0,5,0.017873857362308246,0,CDFM,0.8333333333333333
seed_15_lambda_1p00,15,1.0,0.348762271344311,1.975804590311756,0.1063083193783003,0.1056412029745363,0.0210364148524406,0.0933310582216229,0.4518290825715104,0.8333333333333333,0.3333333333333333,0,5,0.0032478887623444827,0,CDFM,0.8333333333333333
seed_16_lambda_0p00,16,0.0,0.1758619819915649,1.80247626522936,0.1775306778008903,0.1685924885924886,-0.0209589319597726,-0.0291314028161722,-0.0026089196891281,0.689655172413793,1.0,1,4,0.9625194144118401,1,DirectLiNGAM,1.0
seed_16_lambda_0p25,16,0.25,0.1710140714025421,1.993521385733188,0.1364727275379028,0.1289676388343055,-0.0011809974274379,-0.0116237712513844,0.0295483217445372,0.689655172413793,1.0,1,4,0.8184538629903186,1,DirectLiNGAM,1.0
seed_16_lambda_0p50,16,0.5,0.1704481112622066,2.1087094165473563,0.0811631082046376,0.0790450166450166,0.005989674158806,0.0267116280877691,0.1537798814480554,0.7692307692307692,0.75,0,4,0.3338828414710347,0,CDFM,0.7692307692307692
seed_16_lambda_0p75,16,0.75,0.1797412348570314,1.7523629702392962,0.088266382839096,0.1114571407904741,0.0240544332757735,0.056067026999417,0.2596823271967854,0.8484848484848484,0.3703703703703704,0,4,0.08104974431225619,0,CDFM,0.8484848484848484
seed_16_lambda_1p00,16,1.0,0.1593138894998651,1.357263711044075,0.1207877288392762,0.1514199794199794,0.048704146441523,0.1120006720005093,0.4411593537111399,0.7333333333333334,0.25,0,4,0.014197776120267562,0,CDFM,0.7333333333333334
seed_17_lambda_0p00,17,0.0,0.0781697639036115,1.6197401765246628,0.2299454248421706,0.2248247885581219,-0.0141103175648839,-0.024001506068165,-0.0016534608478831,0.6923076923076923,1.0,1,3,0.9895824280892316,1,DirectLiNGAM,1.0
seed_17_lambda_0p25,17,0.25,0.104264986671812,1.909537465416312,0.1675659901110215,0.1674672200005534,-0.0004928052768997,3.229812248902535e-05,0.0631429259494841,0.8148148148148148,1.0,1,3,0.9348221425752091,1,DirectLiNGAM,1.0
seed_17_lambda_0p50,17,0.5,0.1137686581414438,2.0672085647184195,0.1009708201531806,0.0988330433663767,0.0206257823125512,0.0320083614140691,0.2086781031400628,0.6923076923076923,0.5217391304347826,0,3,0.44171320516797774,0,CDFM,0.6923076923076923
seed_17_lambda_0p75,17,0.75,0.1316479202185785,1.8512762588460228,0.1006958093475119,0.1111801431801432,0.0366686040246171,0.079816203131028,0.3692853833407923,0.5405405405405405,0.0869565217391304,0,3,0.09325047180081136,0,CDFM,0.5405405405405405
seed_17_lambda_1p00,17,1.0,0.1525671105150272,1.6696854733236923,0.1146303963941461,0.1380301062967729,0.0325865601141472,0.086831637210592,0.40448640339361,0.7692307692307692,0.0909090909090909,0,3,0.05853640117790544,0,CDFM,0.7692307692307692
seed_18_lambda_0p00,18,0.0,0.1011833031945807,1.3546963331093165,0.2307152730510322,0.2253565744232411,-0.0042338217764672,-0.0015282003402928,0.023312351907979,0.8,0.9565217391304348,1,2,0.9765431538856371,1,DirectLiNGAM,0.9565217391304348
seed_18_lambda_0p25,18,0.25,0.1387122979212517,1.3146864795078348,0.2026278079289208,0.210388935722269,0.0162263518667549,0.0221004805724769,0.0652270556418017,0.7857142857142858,0.9565217391304348,1,2,0.8802697794431074,1,DirectLiNGAM,0.9565217391304348
seed_18_lambda_0p50,18,0.5,0.1452444145082344,1.3597882681141251,0.1679438107660408,0.1859595891595891,0.028248369885002,0.0502493129506808,0.1951162906344067,0.7200000000000001,0.6956521739130435,0,2,0.462105232640251,0,CDFM,0.7200000000000001
seed_18_lambda_0p75,18,0.75,0.1287437201237755,1.3117364099581246,0.1387704663122136,0.1615938791938792,0.0354910387848888,0.0890735330188488,0.3559242150777428,0.7857142857142858,0.1333333333333333,0,2,0.10714535986517496,0,CDFM,0.7857142857142858
seed_18_lambda_1p00,18,1.0,0.1257827182992942,1.1748267469791327,0.1172262519976393,0.1407802053135386,0.0410649959652093,0.1077382102879242,0.4994532507489486,0.7333333333333334,0.0,0,2,0.015440764941843614,0,CDFM,0.7333333333333334
seed_19_lambda_0p00,19,0.0,0.1418112839782794,2.4531294505120025,0.1425073971726342,0.1395375899375899,-0.0086409426783151,-0.019451814817866,0.0004833888602795,0.9166666666666666,1.0,1,1,0.9386967462323178,1,DirectLiNGAM,1.0
seed_19_lambda_0p25,19,0.25,0.1473473291773924,2.5729949671181487,0.1101762941619618,0.1101817125817126,-0.0014127705887494,-0.00568000228924,0.0223950905943926,0.846153846153846,1.0,1,1,0.8267195914718654,1,DirectLiNGAM,1.0
seed_19_lambda_0p50,19,0.5,0.1597666453589196,2.6802437407440607,0.0651334159701722,0.0674863034863034,0.0035782100439102,0.010357732572274,0.085909615471662,0.88,0.9523809523809524,1,1,0.4542161811118633,0,CDFM,0.88
seed_19_lambda_0p75,19,0.75,0.1890536435772752,2.6731765570614403,0.0480270077475466,0.0533813493813493,0.0052361257633835,0.0264370233094242,0.1481828467130709,0.7142857142857143,0.2352941176470588,0,1,0.18137600270160134,0,CDFM,0.7142857142857143
seed_19_lambda_1p00,19,1.0,0.2541602050199582,2.6651807298697148,0.0593770154421734,0.0612248374915041,0.0126026164845681,0.0593659673007933,0.2397611838202795,0.6206896551724137,0.1052631578947368,0,1,0.03609422462646839,0,CDFM,0.6206896551724137
seed_20_lambda_0p00,20,0.0,0.1317684205810863,1.9135360054314787,0.1572285115506461,0.1525549002882336,-0.0123476337822993,-0.0155271450381458,0.0177901323001741,0.8235294117647058,1.0,1,5,0.8948571641497229,1,DirectLiNGAM,1.0
seed_20_lambda_0p25,20,0.25,0.138283322703352,2.0553473756553133,0.122148757634862,0.1174851508184841,0.0003740151071976,0.0032363631459587,0.0706772044735928,0.8750000000000001,1.0,1,5,0.6894018933987475,1,DirectLiNGAM,1.0
seed_20_lambda_0p50,20,0.5,0.1560833388414961,2.128258185656219,0.0789003174293435,0.0728300048300048,0.0179034975093581,0.0380499465082826,0.2042170120684928,0.7000000000000001,0.7142857142857143,0,5,0.1409015034546484,0,CDFM,0.7000000000000001
seed_20_lambda_0p75,20,0.75,0.1843204199226431,2.0320425754905838,0.0503161819668381,0.0535100723578844,0.0219882346068464,0.0675792410110868,0.3375075522063122,0.631578947368421,0.3333333333333333,0,5,0.01620494053654958,0,CDFM,0.631578947368421
seed_20_lambda_1p00,20,1.0,0.304468083013294,2.0311712355064784,0.0493370726221764,0.048925680659014,-0.0033004449931172,0.0739578616944827,0.4456390468544661,0.6666666666666665,0.0,0,5,0.0020802625301902626,0,CDFM,0.6666666666666665
seed_21_lambda_0p00,21,0.0,0.0968308747145042,2.133511745275097,0.154245406072356,0.1492672499902718,-0.0108181810904735,-0.0107470084627981,0.0128375370769799,0.75,0.9411764705882352,1,4,0.9718368775426962,1,DirectLiNGAM,0.9411764705882352
seed_21_lambda_0p25,21,0.25,0.1724481963386192,2.391108139929307,0.1335760656360949,0.1292758798618872,0.0058310920826724,0.0068125377008675,0.0530526722988023,0.9333333333333332,1.0,1,4,0.79745012768569,1,DirectLiNGAM,1.0
seed_21_lambda_0p50,21,0.5,0.21992879906432,2.612591455568593,0.0975556104138353,0.0930523538986684,0.0158915166707677,0.0361550425134609,0.1880781165016615,0.9411764705882352,0.5,0,4,0.20602415748091718,0,CDFM,0.9411764705882352
seed_21_lambda_0p75,21,0.75,0.2376338130212717,2.475854157314017,0.0733075514681241,0.08045964036522,0.0302607065470821,0.07750472580399,0.3343145431540437,0.9411764705882352,0.2222222222222222,0,4,0.021045229818684653,0,CDFM,0.9411764705882352
seed_21_lambda_1p00,21,1.0,0.2951603466108026,2.3349435875575906,0.0787675306520759,0.09563173313159,0.0194063271978835,0.0841951810850995,0.4645212980701808,0.8,0.1111111111111111,0,4,0.0053109837515113775,0,CDFM,0.8
seed_22_lambda_0p00,22,0.0,0.1939642758671402,2.0184483022275077,0.2767605899650879,0.2659039491039491,-0.0147574837666352,-0.0173146629163069,0.0188923481467707,0.7878787878787877,1.0,1,3,0.983815930663361,1,DirectLiNGAM,1.0
seed_22_lambda_0p25,22,0.25,0.2153920709634084,2.1257018406079657,0.2241096047247459,0.2309087978421312,0.0043137920227677,0.0037569334072922,0.0437303262393494,0.7000000000000001,1.0,1,3,0.9335161579034187,1,DirectLiNGAM,1.0
seed_22_lambda_0p50,22,0.5,0.2651659035985059,2.3871952850685725,0.1653950532228835,0.1796435569768903,0.0310129381191659,0.0512114838091157,0.1711836157730966,0.5714285714285713,0.2941176470588235,0,3,0.4480866177521227,0,CDFM,0.5714285714285713
seed_22_lambda_0p75,22,0.75,0.3057887969849763,2.482188460863964,0.1076603801027326,0.1348973167639834,0.041566269104793,0.0795125748702914,0.3173819249181461,0.5853658536585367,0.1176470588235294,0,3,0.03501636593781314,0,CDFM,0.5853658536585367
seed_22_lambda_1p00,22,1.0,0.3690588458512617,2.48809616241084,0.0909507764656655,0.1174607514011138,0.005267733021199,0.06345213709874,0.4192769930708898,0.5714285714285715,0.1935483870967742,0,3,0.003923502010051914,0,CDFM,0.5714285714285715
seed_23_lambda_0p00,23,0.0,0.2191697973036236,2.5354112847807517,0.1850915242466966,0.1738154924821592,-0.0084116038353793,-0.0106861860537914,0.0121517768911091,0.9565217391304348,1.0,1,2,0.8832503562166216,1,DirectLiNGAM,1.0
seed_23_lambda_0p25,23,0.25,0.3116476681937391,2.775949189991411,0.1486371206276752,0.1418632407965741,0.0063939158993016,0.0065303448214112,0.0629428165483849,0.96,1.0,1,2,0.36119820889423343,0,CDFM,0.96
seed_23_lambda_0p50,23,0.5,0.3661157129842091,2.9592224717367444,0.097101489072488,0.0929376169376169,0.0291805588137211,0.0405982945151214,0.1958056504178917,0.8333333333333334,0.64,0,2,0.019500038574642147,0,CDFM,0.8333333333333334
seed_23_lambda_0p75,23,0.75,0.3260314681314958,2.79100779203081,0.0698950063515657,0.0765413970747304,0.0120789647564466,0.0450287889668719,0.2368003663681342,0.888888888888889,0.0869565217391304,0,2,0.022433870172682172,0,CDFM,0.888888888888889
seed_23_lambda_1p00,23,1.0,0.3500302418984587,2.735031619041866,0.0726410167730614,0.0787481558148224,0.0202664801828997,0.1100409915931413,0.4537328430760274,0.9090909090909092,0.0909090909090909,0,2,0.0017208033415120067,0,CDFM,0.9090909090909092
seed_24_lambda_0p00,24,0.0,0.2604641909247426,2.393585817450801,0.2602873686662814,0.2467878110544777,-0.0202744130728572,-0.1677649163046753,0.0107523368270363,0.9523809523809524,0.9565217391304348,0,1,0.9997685224529846,1,DirectLiNGAM,0.9565217391304348
seed_24_lambda_0p25,24,0.25,0.3016515604207092,2.702587753373205,0.1891431858600605,0.174873942340609,0.0072823950774361,0.0015317468386319,0.0380934228854795,0.8695652173913043,0.9166666666666666,1,1,0.849139385042122,1,DirectLiNGAM,0.9166666666666666
seed_24_lambda_0p50,24,0.5,0.3499855685520578,2.7651587064049314,0.113426396307525,0.098455580322247,0.0207348044612771,0.0410063837581004,0.1715899402517294,0.8695652173913043,0.7826086956521738,0,1,0.11772174189825764,0,CDFM,0.8695652173913043
seed_24_lambda_0p75,24,0.75,0.3272057275962893,2.4731077208325334,0.0724945694948455,0.0644044521377854,0.0101246885436635,0.0675820412415955,0.3170808304498871,0.5161290322580645,0.2727272727272727,0,1,0.013832010794346494,0,CDFM,0.5161290322580645
seed_24_lambda_1p00,24,1.0,0.3967834751350122,2.271304092504437,0.070221674240393,0.0755525734192401,0.0136110484410673,0.0806900838178348,0.4597226606868024,0.5806451612903226,0.0,0,1,0.0024314249757910215,0,CDFM,0.5806451612903226
seed_25_lambda_0p00,25,0.0,0.1286019347137393,1.2840071117867151,0.3444647584825411,0.3297007718341052,-0.0074054951629706,-0.0097525073302054,0.0154871274265424,0.6875000000000001,1.0,1,5,0.9966476291029921,1,DirectLiNGAM,1.0
seed_25_lambda_0p25,25,0.25,0.1816390889970905,1.4588659648956808,0.2733218030977132,0.2696924675591342,0.0209045122446376,0.0153642938263155,0.0513709677714683,0.7999999999999999,1.0,1,5,0.9536284021636623,1,DirectLiNGAM,1.0
seed_25_lambda_0p50,25,0.5,0.203344492565774,1.4940064080771602,0.1892863137791574,0.1875291171291171,0.0540856036112629,0.0619694996395975,0.165171267634443,0.6875000000000001,0.6451612903225806,0,5,0.35641025448767416,0,CDFM,0.6875000000000001
seed_25_lambda_0p75,25,0.75,0.1570705996492181,1.2023268819821589,0.1460111926181097,0.1811444822111488,0.0552180738948113,0.0957206428720516,0.3322933158716006,0.75,0.1818181818181818,0,5,0.06425680965647403,0,CDFM,0.75
seed_25_lambda_1p00,25,1.0,0.22673236752675,0.9159667563019904,0.1381565565102746,0.1690835461502128,0.0638733699141895,0.1223010347992551,0.4548323674431987,0.6470588235294117,0.1714285714285714,0,5,0.0045544448415681385,0,CDFM,0.6470588235294117
seed_26_lambda_0p00,26,0.0,0.1229550786944705,2.269949000119093,0.1839417577437127,0.1754246484913151,-0.0057844068960016,-0.0096376774474545,0.0221104855497964,0.8695652173913044,1.0,1,4,0.9724919850945039,1,DirectLiNGAM,1.0
seed_26_lambda_0p25,26,0.25,0.1729190945605004,2.39854043771902,0.1491982665216946,0.1443822022488688,0.0074327420172967,0.0087083984932984,0.0667376712163451,0.8695652173913044,1.0,1,4,0.8142145541572937,1,DirectLiNGAM,1.0
seed_26_lambda_0p50,26,0.5,0.2086432490332578,2.5540349139371803,0.104586578152473,0.1040455533788867,0.0146023922203317,0.0304194916444988,0.2018801686572588,0.8181818181818182,0.6363636363636365,0,4,0.22245180509485643,0,CDFM,0.8181818181818182
seed_26_lambda_0p75,26,0.75,0.2356822836635293,2.5067646941676927,0.0759940807983284,0.0769662289662289,0.0025301005757826,0.0484776358852268,0.35718852400602,0.6428571428571429,0.3,0,4,0.04681035649390684,0,CDFM,0.6428571428571429
seed_26_lambda_1p00,26,1.0,0.2886869517775541,2.4146326017666038,0.0785471087486851,0.0780531855198521,0.0060484794763004,0.0817438089755798,0.4924833005190304,0.7,0.3478260869565217,0,4,0.007583585056787107,0,CDFM,0.7
seed_27_lambda_0p00,27,0.0,0.1027554756907621,1.8398372813903567,0.241571697818085,0.2368196626863293,-0.0042181730676341,-0.0054006904220766,0.0100100331701432,0.8571428571428571,1.0,1,3,0.9910196429575334,1,DirectLiNGAM,1.0
seed_27_lambda_0p25,27,0.25,0.1304972316413275,2.058837821117592,0.1809344455071116,0.1778619173285839,0.0137385922941536,0.0114444192208586,0.0522665225935865,1.0,1.0,0,3,0.9422250986593244,1,DirectLiNGAM,1.0
seed_27_lambda_0p50,27,0.5,0.1491197425162014,2.207303337199709,0.116346266789889,0.1174669102669102,0.010627258484569,0.0368805015513458,0.1678441765495786,0.888888888888889,0.4827586206896552,0,3,0.6017300763473682,1,DirectLiNGAM,0.4827586206896552
seed_27_lambda_0p75,27,0.75,0.1419745235486988,2.076230603243528,0.0830269760163593,0.1000088370755037,0.0115731321336219,0.0680132505835219,0.3020536365629325,0.8,0.2608695652173913,0,3,0.19191922642462486,0,CDFM,0.8
seed_27_lambda_1p00,27,1.0,0.1666816172859713,1.905197248978648,0.0757930243897339,0.1026757274757274,0.0035997784184805,0.0777286140169139,0.4279775365205697,0.7826086956521738,0.24,0,3,0.032530894976606675,0,CDFM,0.7826086956521738
seed_28_lambda_0p00,28,0.0,0.1594313746353611,2.207022620074111,0.1876462202999072,0.1761457094790428,-0.0107841485089737,-0.0130141032727786,0.0056157770941877,0.761904761904762,0.9523809523809524,1,2,0.9472280788377809,1,DirectLiNGAM,0.9523809523809524
seed_28_lambda_0p25,28,0.25,0.1463202503102078,2.2985977240054365,0.1521344903307085,0.1432979859646526,-0.0012808096651923,0.003570470214317,0.0655053398387925,0.7692307692307693,0.9523809523809524,1,2,0.8561787518357135,1,DirectLiNGAM,0.9523809523809524
seed_28_lambda_0p50,28,0.5,0.1995083141460332,2.316426587447057,0.1105149430779639,0.0992528568528568,0.0182959458705714,0.038308595185419,0.2129286768016202,0.6153846153846154,0.6956521739130435,1,2,0.16873617728246593,0,CDFM,0.6153846153846154
seed_28_lambda_0p75,28,0.75,0.2215047236332175,2.1544400811599407,0.0793538336621067,0.0754522645189312,0.0284506332311377,0.0706839356092737,0.3696395976592926,0.6363636363636365,0.3157894736842105,0,2,0.01377260653020188,0,CDFM,0.6363636363636365
seed_28_lambda_1p00,28,1.0,0.2386152162863018,1.9683499591765004,0.0780682904104676,0.0886143742143742,0.0166555808097872,0.0745365223036924,0.4817913893271977,0.75,0.0,0,2,0.003956794743978641,0,CDFM,0.75
seed_29_lambda_0p00,29,0.0,0.2080757189420562,2.567039248630096,0.0838641368324773,0.0758727382846045,-0.0100195692431974,-0.0155759774735849,0.0007378278523166,0.7499999999999999,0.7499999999999999,0,1,0.7798152276044865,1,DirectLiNGAM,0.7499999999999999
seed_29_lambda_0p25,29,0.25,0.249864622382547,2.5591732210024043,0.0734567784759533,0.068687252833609,-0.0021008550767108,-0.0019879721464151,0.0527721748650443,0.7499999999999999,0.7499999999999999,0,1,0.5133493096039788,1,DirectLiNGAM,0.7499999999999999
seed_29_lambda_0p50,29,0.5,0.2401393598586894,2.4877213775047924,0.0598136693114541,0.0570042171517645,-0.002579975511098,0.0198756336545995,0.1876263689808378,0.7499999999999999,0.25,0,1,0.1606257888506082,0,CDFM,0.7499999999999999
seed_29_lambda_0p75,29,0.75,0.2420708662934342,2.341271901963468,0.0494756775633395,0.0552865555683723,-0.000517895134515,0.0470513948449666,0.3420101802347471,0.6666666666666666,0.0,0,1,0.025054853970593913,0,CDFM,0.6666666666666666
seed_29_lambda_1p00,29,1.0,0.2987690828966313,2.2779553693047947,0.0504382027284483,0.058169664985182,-0.0021008550767108,0.040148305740294,0.4487063495859762,0.8571428571428571,0.2222222222222222,0,1,0.011667346897938828,0,CDFM,0.8571428571428571
