run_id,config,graph_sha256,truth_shd,sc6_score,sc5_score,jev_score,jev_confidence,sc6_prediction,sc5_prediction,jev_prediction,mean_prediction,median_prediction,sc6_absolute_error,sc5_absolute_error,jev_absolute_error,mean_absolute_error,median_absolute_error,jev_minus_sc6_error,winner
repeat_00,auto,ab0532fc977543bfbeb88e25f745042808cfc535e23cacfd6de7703d1b5cfbc7,22.0,10.425,7.625,2.77,0.55,23.113211621321945,22.1309385720673,19.528153884586573,23.86842105263158,24.0,1.1132116213219447,0.13093857206730064,2.4718461154134275,1.8684210526315788,2.0,1.3586344940914827,sc_win
repeat_00,fixed_0.5,d8faade5ebf36032b82404ed2a0e0ff96dc205bd2c10d4c8d73e47bb835d2e4e,27.0,11.325,9.025,2.91,0.59,24.109476329163392,24.9340945376782,24.752185860604556,23.86842105263158,24.0,2.8905236708366076,2.065905462321801,2.2478141393954445,3.1315789473684212,3.0,-0.642709531441163,jev_win
repeat_01,auto,988d905dd9acf64b4bbe16ee002ccdacdfdb5696aa02fa2f2caff59a951ead63,20.0,9.6,7.35,2.9,0.56,22.341378033112136,21.669927582380144,24.617987031294064,24.0,24.0,2.341378033112136,1.6699275823801436,4.617987031294064,4.0,4.0,2.2766089981819277,sc_win
repeat_01,fixed_0.5,4daa418ad816bb3c04177ab1d51cdc1200c4c5cd03ef004210c9acb1722d9d10,24.0,13.65,8.375,2.9,0.6,26.9180148901994,23.716293324573904,24.617987031294064,24.0,24.0,2.9180148901994016,0.28370667542609596,0.6179870312940636,0.0,0.0,-2.300027858905338,jev_win
repeat_02,auto,bae1dcaff05a39d42224401c6eaaaf19c735fe6aa54c37cd73a9cca1dd58c562,20.0,10.65,7.475,2.84,0.58,23.51285524196452,21.93023165794868,22.42671822228587,24.026315789473685,24.0,3.5128552419645196,1.9302316579486813,2.4267182222858708,4.026315789473685,4.0,-1.0861370196786488,jev_win
repeat_02,fixed_0.5,0b0aa33342476a1bcd25bd087c680ad3b3e47679d1d0ba6650171a98d8057297,23.0,10.825,7.95,2.93,0.61,23.706312048816415,22.878460193638563,25.702540785029782,24.026315789473685,24.0,0.7063120488164145,0.12153980636143658,2.7025407850297825,1.026315789473685,1.0,1.996228736213368,sc_win
repeat_03,auto,19e0e93d8e8652e04f7ea1a198eb12f31c9df3c6cc0b5add477194fd76ef3c45,21.0,8.0,7.175,2.85,0.6,20.359953287739188,21.25694700841788,22.705916278175636,23.894736842105264,24.0,0.640046712260812,0.25694700841788176,1.7059162781756356,2.8947368421052637,3.0,1.0658695659148236,sc_win
repeat_03,fixed_0.5,017f6902f2084487e6ae853ca7373b27c981bf5a51138a33f3c4aceb76c8d89a,27.0,11.525,9.425,2.95,0.61,24.29581577408446,25.756319193560447,26.291248137646008,23.894736842105264,24.0,2.70418422591554,1.2436808064395528,0.7087518623539921,3.1052631578947363,3.0,-1.995432363561548,jev_win
repeat_04,auto,f66cedcd16caa9412e10307ef475e2cfe70021374239ef206e966d26a041533d,18.0,9.5,8.525,2.87,0.59,22.301354929935137,24.23884034094756,23.558776470588256,24.05263157894737,24.0,4.301354929935137,6.2388403409475615,5.558776470588256,6.05263157894737,6.0,1.2574215406531195,sc_win
repeat_04,fixed_0.5,0977f42426341cbc8590b907a603b3f73ec3a37eb7055f51b94de756e8f01a95,24.0,12.3,10.3,2.91,0.62,25.354789349515663,27.932893575333793,25.002352941176497,24.05263157894737,24.0,1.3547893495156629,3.932893575333793,1.0023529411764969,0.05263157894736992,0.0,-0.352436408339166,jev_win
repeat_05,auto,8c35ab041293ac60295dc14040557d74f9c4cd334015ebc9be1d31fe4f0d3908,29.0,14.225,9.75,2.8,0.56,27.425753946193634,26.457654051398958,20.30697781717076,23.657894736842106,23.5,1.574246053806366,2.5423459486010422,8.693022182829239,5.342105263157894,5.5,7.118776129022873,sc_win
repeat_05,fixed_0.5,4bbfd6566dda51521d678390d47e655ca737e62b4fefb1c71ddecabcd1bd14f1,28.0,16.15,11.425,2.91,0.62,29.594274018294843,29.865009316629244,24.616772501548084,23.657894736842106,23.5,1.5942740182948434,1.8650093166292443,3.383227498451916,4.342105263157894,4.5,1.7889534801570726,sc_win
repeat_06,auto,1fb11e8d2a490bda300034fd36f4c3469fea7cee9cd1fb63656afd02902fc1ce,22.0,10.95,7.95,2.95,0.59,23.964940710883702,22.90962308505297,26.5316309878084,23.94736842105263,24.0,1.9649407108837025,0.9096230850529707,4.5316309878083985,1.94736842105263,2.0,2.566690276924696,sc_win
repeat_06,fixed_0.5,4e4e98fc462d46569d0a74fe1c513871c2567d03c80eb4a85bfa34e0dfb55f27,24.0,17.275,10.275,2.91,0.61,32.41194043268132,27.722473501618293,25.02083133339734,23.94736842105263,24.0,8.41194043268132,3.7224735016182926,1.0208313333973393,0.05263157894736992,0.0,-7.39110909928398,jev_win
repeat_07,auto,ad1b2105411f865d7eb30f8e10431d1cdd3349b64079338e35e2173b2c30a802,19.0,8.125,6.325,2.82,0.56,20.683759147224762,19.57981970135764,21.688278680354856,23.973684210526315,24.0,1.6837591472247624,0.5798197013576392,2.6882786803548555,4.973684210526315,5.0,1.0045195331300931,sc_win
repeat_07,fixed_0.5,b9607ae9fc5166187abd33364b46e17d779c801b9faa7354873ddf73c66ed5fe,26.0,14.05,10.175,2.98,0.6,27.244668164074582,27.3692456655064,27.477972690122627,23.973684210526315,24.0,1.2446681640745823,1.3692456655064014,1.4779726901226269,2.026315789473685,2.0,0.23330452604804464,sc_win
repeat_08,auto,68c63ecb71522356554955b3bdc46ac82c7b98b3ffb380495ef26c5948f3e04d,21.0,9.425,7.55,2.88,0.59,22.079644442526657,22.07695525865664,23.81386398836065,23.94736842105263,24.0,1.0796444425266571,1.076955258656639,2.8138639883606515,2.94736842105263,3.0,1.7342195458339944,sc_win
repeat_08,fixed_0.5,7ddfacf0b9e8745c1a8886d1b352303b8ff1ec6e9aec94de6e697c88b39aa472,25.0,12.025,9.825,2.9,0.59,24.952842248340065,26.683713603076374,24.538602337260073,23.94736842105263,24.0,0.04715775165993463,1.6837136030763737,0.4613976627399268,1.05263157894737,1.0,0.41423991107999214,sc_win
repeat_09,auto,d5b33923c808e47e29fecc41e2aeec7c49b1a8b2b9724c92c6053b6753bd5f4f,25.0,9.525,8.8,2.84,0.56,22.04124205116599,24.60455611545874,22.158746112641765,23.81578947368421,23.5,2.958757948834009,0.39544388454125823,2.841253887358235,1.1842105263157912,1.5,-0.11750406147577408,jev_win
repeat_09,fixed_0.5,dc0121f11fa5b25df0b86ce7328e9e7b725f7916caabc794e74a3ec8e6b27499,26.0,12.7,10.7,2.89,0.63,25.630498489168055,28.525310093849203,23.999905402688952,23.81578947368421,23.5,0.36950151083194527,2.5253100938492032,2.0000945973110476,2.184210526315791,2.5,1.6305930864791023,sc_win
repeat_10,auto,9ebb9fcff1930a10dd9a766a645f30692a63e26428bf8511afbac95cad2acc3e,25.0,9.45,7.6,2.86,0.58,21.847877744391013,21.90211277155405,22.86852893507485,23.68421052631579,23.5,3.1521222556089867,3.0978872284459484,2.131471064925151,1.3157894736842088,1.5,-1.0206511906838358,jev_win
repeat_10,fixed_0.5,cf1e992f5a40dd8e3b11053d90c60f5d5a67a7c3ecb135c0297cbf802dd63753,31.0,12.2,9.15,2.94,0.62,24.89023645562588,25.005307383689043,25.686338068452685,23.68421052631579,23.5,6.109763544374118,5.994692616310957,5.3136619315473155,7.315789473684209,7.5,-0.7961016128268028,jev_win
repeat_11,auto,de7eb39f9e3cd75ae861e41aa48999143db6ad372e1c784e346775738dfe6318,20.0,8.575,6.425,2.91,0.63,21.183265904105305,19.716258630523768,24.949357098626805,24.026315789473685,24.0,1.1832659041053049,0.28374136947623185,4.949357098626805,4.026315789473685,4.0,3.7660911945215005,sc_win
repeat_11,fixed_0.5,2449e15028b323998e2de7d71ef79b356e0e16b0ea8aaf942c55de61a2807533,23.0,12.375,7.8,2.8,0.6,25.41450943357909,22.496511550957507,20.8006337951215,24.026315789473685,24.0,2.4145094335790915,0.5034884490424929,2.199366204878501,1.026315789473685,1.0,-0.21514322870059033,jev_win
repeat_12,auto,0a0f1ab0dd7e40a10ae0c78865af8aaf928cc83c44929cf375f5bc6d7e584bf6,23.0,8.175,6.425,2.88,0.58,20.474308664068932,19.52002300987465,23.828938168015185,23.86842105263158,24.0,2.525691335931068,3.479976990125351,0.8289381680151848,0.8684210526315788,1.0,-1.6967531679158832,jev_win
repeat_12,fixed_0.5,7cb0d34f64e5cc0417016b8e5f2cb6f145565c408b2aec52d20e78f1797a4aa1,26.0,14.15,9.125,3.0,0.61,27.426344909654397,25.119591747707855,28.329987014284285,23.86842105263158,24.0,1.4263449096543965,0.8804082522921455,2.329987014284285,2.1315789473684212,2.0,0.9036421046298884,sc_win
repeat_13,auto,909b90ff85436636fec2c928f816d11bd3c5c7435c01218a107c2cabd88fdc93,32.0,13.175,11.375,3.08,0.61,25.25049499293222,28.36071099804318,28.570962139631817,23.31578947368421,23.5,6.7495050070677785,3.6392890019568185,3.429037860368183,8.684210526315791,8.5,-3.3204671466995954,jev_win
repeat_13,fixed_0.5,9976032fb36811ea2af4578bbc2df8da9f60ce7406f5355084bde8488a8ced57,38.0,15.0,13.3,3.06,0.64,26.828987084224572,31.50010708061961,28.06022924626606,23.31578947368421,23.5,11.171012915775428,6.49989291938039,9.939770753733939,14.684210526315791,14.5,-1.2312421620414895,jev_win
repeat_14,auto,62efb9485d2e547e75c37906a3489a3db21d018afc499037e26a175ab1ceaa42,19.0,8.725,6.975,2.85,0.59,21.375976005335865,20.935452315805883,22.772095899533852,23.973684210526315,24.0,2.3759760053358647,1.9354523158058825,3.772095899533852,4.973684210526315,5.0,1.3961198941979873,sc_win
repeat_14,fixed_0.5,de6ae05f39b937e0e7709da3e2298395ed13bd8406491f743149f0f86c438ad3,26.0,12.725,10.7,2.93,0.59,25.723365459659547,28.527009680283843,25.62586813814103,23.973684210526315,24.0,0.2766345403404529,2.527009680283843,0.3741318618589702,2.026315789473685,2.0,0.09749732151851731,sc_win
repeat_15,auto,ddb33047dd9b944bb3b3a53c97efbc1faba022ad01040e4d19094714eb00d94b,17.0,9.125,6.45,2.79,0.56,21.92489305326034,20.01856967316787,20.760802241557315,24.13157894736842,24.0,4.924893053260341,3.018569673167871,3.7608022415573146,7.131578947368421,7.0,-1.1640908117030264,jev_win
repeat_15,fixed_0.5,6d33bd10b5aa1a140f2267d4353218bd700885baca77ba45951d91e204b4106d,22.0,13.75,9.5,2.85,0.62,27.151645693280493,26.10472064514161,22.837929508922002,24.13157894736842,24.0,5.151645693280493,4.104720645141612,0.8379295089220022,2.1315789473684212,2.0,-4.313716184358491,jev_win
repeat_16,auto,d5e4087d8f0258a23cb2bd8477889ba31f8b74a43f013e2127b9dc19ec525f66,21.0,8.575,6.525,2.69,0.52,21.008990870821556,19.723937384592325,15.871614672608871,23.92105263157895,24.0,0.00899087082155603,1.2760626154076746,5.128385327391129,2.9210526315789487,3.0,5.119394456569573,sc_win
repeat_16,fixed_0.5,ed22ac5e4809922ee75541da0935d943d97f9972a012052d4a449b6c7554d04a,26.0,10.55,7.675,2.93,0.62,23.219918894542776,22.098996449575363,25.633699005827935,23.92105263157895,24.0,2.7800811054572243,3.9010035504246368,0.3663009941720645,2.0789473684210513,2.0,-2.41378011128516,jev_win
repeat_17,auto,3a199f3fbe074908f38229fc644fb98649fbb86b5e2dca84001a1bc570411255,17.0,7.95,6.475,2.79,0.56,20.87032181092013,20.218708079769172,20.89698679662405,24.236842105263158,24.0,3.8703218109201316,3.218708079769172,3.8969867966240486,7.2368421052631575,7.0,0.026664985703916955,sc_win
repeat_17,fixed_0.5,e90cd7e8f204163f4b7f26b451a4c3ea281e586f9eb508f2f323ec5960bc9f3b,18.0,8.825,6.925,2.88,0.62,21.76617455031113,21.078390179687183,24.009331525655583,24.236842105263158,24.0,3.7661745503111312,3.078390179687183,6.009331525655583,6.2368421052631575,6.0,2.2431569753444514,sc_win
repeat_18,auto,f7736555696f70f1b6414a877cdb8174fe12915bb3de998676a0112a232da404,24.0,7.525,6.7,2.82,0.58,19.357354085088577,19.844730625258173,21.43558074203237,23.763157894736842,23.5,4.642645914911423,4.1552693747418274,2.5644192579676286,0.23684210526315752,0.5,-2.0782266569437944,jev_win
repeat_18,fixed_0.5,9fb0624dd5b95c66bb1402291b8dc8f41f660b915009aa62f63fd00f6e6354dd,29.0,10.575,7.85,2.94,0.62,23.010601529468715,22.28311114040545,25.785479027414524,23.763157894736842,23.5,5.989398470531285,6.716888859594551,3.2145209725854755,5.2368421052631575,5.5,-2.774877497945809,jev_win
repeat_19,auto,8a918f83b06a013ff37db798e648e5332908cee0e349f8485ca0eac8e1ff4966,22.0,8.675,7.3,2.8,0.58,21.125211566069787,21.479137919665416,20.640746652370453,23.894736842105264,24.0,0.8747884339302132,0.5208620803345845,1.3592533476295472,1.8947368421052637,2.0,0.484464913699334,sc_win
repeat_19,fixed_0.5,02a97a068420fc24daf2a6e50841963e39605d046b44e5aeef330057eeaf2981,26.0,11.475,9.1,2.85,0.6,24.259244954744872,25.104523905290982,22.50859600599466,23.894736842105264,24.0,1.7407550452551277,0.8954760947090179,3.4914039940053385,2.1052631578947363,2.0,1.7506489487502108,sc_win
full,auto,320398471ad91857f4e9bf6ad1e8cf07a94d14172b6e67d94aec8e76eed26cbc,22.0,8.825,7.25,2.84,0.57,21.37273342173006,21.414582313226656,22.30192376202352,23.9,24.0,0.6272665782699391,0.5854176867733436,0.3019237620235202,1.8999999999999986,2.0,-0.3253428162464189,jev_win
full,fixed_0.5,d3d6d7821de35189654ddd6d7acd0fcd3ee52de256b09b0d77a89b790068e80e,24.0,12.95,10.375,2.89,0.59,25.963969154342664,27.706778988602206,24.11791948699681,23.9,24.0,1.9639691543426636,3.7067789886022062,0.11791948699681143,0.10000000000000142,0.0,-1.8460496673458522,jev_win
