schema_version,task_id,domain,candidate_edges,test_count,witness_count,rr_lower_bound,rr_exact,searched_max_k,dag_candidates_checked,truth_loaded
gate5a_task_certificate_v1,linear_gaussian_000,linear_gaussian,17,46,0,0,True,0,1,False
gate5a_task_certificate_v1,linear_gaussian_001,linear_gaussian,12,65,0,0,True,0,1,False
gate5a_task_certificate_v1,linear_gaussian_002,linear_gaussian,16,56,7,2,True,2,1043,False
gate5a_task_certificate_v1,linear_gaussian_003,linear_gaussian,14,61,0,0,True,0,1,False
gate5a_task_certificate_v1,linear_gaussian_004,linear_gaussian,22,34,0,0,True,0,1,False
gate5a_task_certificate_v1,linear_gaussian_005,linear_gaussian,8,71,2,2,True,2,2972,False
gate5a_task_certificate_v1,linear_gaussian_006,linear_gaussian,13,58,2,2,True,2,244,False
gate5a_task_certificate_v1,linear_gaussian_007,linear_gaussian,8,71,0,0,True,0,1,False
gate5a_task_certificate_v1,linear_gaussian_008,linear_gaussian,22,46,4,2,True,2,1239,False
gate5a_task_certificate_v1,linear_gaussian_009,linear_gaussian,18,54,2,1,True,1,20,False
gate5a_task_certificate_v1,linear_gaussian_010,linear_gaussian,11,67,6,2,True,2,1525,False
gate5a_task_certificate_v1,linear_gaussian_011,linear_gaussian,13,62,2,1,True,1,11,False
gate5a_task_certificate_v1,linear_gaussian_012,linear_gaussian,18,50,0,0,True,0,1,False
gate5a_task_certificate_v1,linear_gaussian_013,linear_gaussian,18,50,8,3,True,3,6505,False
gate5a_task_certificate_v1,linear_gaussian_014,linear_gaussian,21,40,2,1,True,1,5,False
gate5a_task_certificate_v1,linear_gaussian_015,linear_gaussian,13,61,1,1,True,1,20,False
gate5a_task_certificate_v1,linear_gaussian_016,linear_gaussian,9,70,0,0,True,0,1,False
gate5a_task_certificate_v1,linear_gaussian_017,linear_gaussian,26,37,2,1,True,1,61,False
gate5a_task_certificate_v1,linear_gaussian_018,linear_gaussian,4,82,2,1,True,1,4,False
gate5a_task_certificate_v1,linear_gaussian_019,linear_gaussian,14,59,0,0,True,0,1,False
gate5a_task_certificate_v1,rff_studentt3_000,rff_studentt3,15,59,0,0,True,0,1,False
gate5a_task_certificate_v1,rff_studentt3_001,rff_studentt3,17,54,3,2,True,2,238,False
gate5a_task_certificate_v1,rff_studentt3_002,rff_studentt3,15,58,4,1,True,1,26,False
gate5a_task_certificate_v1,rff_studentt3_003,rff_studentt3,10,70,0,0,True,0,1,False
gate5a_task_certificate_v1,rff_studentt3_004,rff_studentt3,17,49,0,0,True,0,1,False
gate5a_task_certificate_v1,rff_studentt3_005,rff_studentt3,14,61,3,1,True,1,35,False
gate5a_task_certificate_v1,rff_studentt3_006,rff_studentt3,8,74,2,1,True,1,42,False
gate5a_task_certificate_v1,rff_studentt3_007,rff_studentt3,18,53,0,0,True,0,1,False
gate5a_task_certificate_v1,rff_studentt3_008,rff_studentt3,9,71,2,1,True,1,12,False
gate5a_task_certificate_v1,rff_studentt3_009,rff_studentt3,12,66,1,1,True,1,22,False
gate5a_task_certificate_v1,rff_studentt3_010,rff_studentt3,9,68,5,3,True,3,32930,False
gate5a_task_certificate_v1,rff_studentt3_011,rff_studentt3,11,68,0,0,True,0,1,False
gate5a_task_certificate_v1,rff_studentt3_012,rff_studentt3,11,68,0,0,True,0,1,False
gate5a_task_certificate_v1,rff_studentt3_013,rff_studentt3,11,67,1,1,True,1,16,False
gate5a_task_certificate_v1,rff_studentt3_014,rff_studentt3,14,61,0,0,True,0,1,False
gate5a_task_certificate_v1,rff_studentt3_015,rff_studentt3,10,70,0,0,True,0,1,False
gate5a_task_certificate_v1,rff_studentt3_016,rff_studentt3,9,70,2,1,True,1,15,False
gate5a_task_certificate_v1,rff_studentt3_017,rff_studentt3,10,70,5,3,True,3,4189,False
gate5a_task_certificate_v1,rff_studentt3_018,rff_studentt3,16,55,0,0,True,0,1,False
gate5a_task_certificate_v1,rff_studentt3_019,rff_studentt3,20,48,3,1,True,1,16,False
gate5a_task_certificate_v1,tanh_laplace_000,tanh_laplace,8,73,15,2,True,2,2275,False
gate5a_task_certificate_v1,tanh_laplace_001,tanh_laplace,17,53,5,2,True,2,943,False
gate5a_task_certificate_v1,tanh_laplace_002,tanh_laplace,13,63,0,0,True,0,1,False
gate5a_task_certificate_v1,tanh_laplace_003,tanh_laplace,14,61,1,1,True,1,4,False
gate5a_task_certificate_v1,tanh_laplace_004,tanh_laplace,14,59,2,1,True,1,8,False
gate5a_task_certificate_v1,tanh_laplace_005,tanh_laplace,19,49,1,1,True,1,3,False
gate5a_task_certificate_v1,tanh_laplace_006,tanh_laplace,22,38,0,0,True,0,1,False
gate5a_task_certificate_v1,tanh_laplace_007,tanh_laplace,17,48,6,2,True,2,473,False
gate5a_task_certificate_v1,tanh_laplace_008,tanh_laplace,11,68,1,1,True,1,3,False
gate5a_task_certificate_v1,tanh_laplace_009,tanh_laplace,12,60,5,3,True,3,3408,False
gate5a_task_certificate_v1,tanh_laplace_010,tanh_laplace,8,72,3,2,True,2,697,False
gate5a_task_certificate_v1,tanh_laplace_011,tanh_laplace,11,66,0,0,True,0,1,False
gate5a_task_certificate_v1,tanh_laplace_012,tanh_laplace,10,69,1,1,True,1,58,False
gate5a_task_certificate_v1,tanh_laplace_013,tanh_laplace,10,70,0,0,True,0,1,False
gate5a_task_certificate_v1,tanh_laplace_014,tanh_laplace,7,76,0,0,True,0,1,False
gate5a_task_certificate_v1,tanh_laplace_015,tanh_laplace,10,70,3,1,True,1,14,False
gate5a_task_certificate_v1,tanh_laplace_016,tanh_laplace,23,41,4,2,True,2,1118,False
gate5a_task_certificate_v1,tanh_laplace_017,tanh_laplace,9,68,3,2,True,2,138,False
gate5a_task_certificate_v1,tanh_laplace_018,tanh_laplace,19,46,9,2,True,2,169,False
gate5a_task_certificate_v1,tanh_laplace_019,tanh_laplace,8,73,4,1,True,1,41,False
gate5a_task_certificate_v1,softsign_studentt8_000,softsign_studentt8,9,71,2,1,True,1,42,False
gate5a_task_certificate_v1,softsign_studentt8_001,softsign_studentt8,13,63,4,2,True,2,2312,False
gate5a_task_certificate_v1,softsign_studentt8_002,softsign_studentt8,11,64,0,0,True,0,1,False
gate5a_task_certificate_v1,softsign_studentt8_003,softsign_studentt8,29,26,5,2,True,2,288,False
gate5a_task_certificate_v1,softsign_studentt8_004,softsign_studentt8,12,64,0,0,True,0,1,False
gate5a_task_certificate_v1,softsign_studentt8_005,softsign_studentt8,17,55,5,1,True,1,11,False
gate5a_task_certificate_v1,softsign_studentt8_006,softsign_studentt8,14,57,3,2,True,2,182,False
gate5a_task_certificate_v1,softsign_studentt8_007,softsign_studentt8,14,61,0,0,True,0,1,False
gate5a_task_certificate_v1,softsign_studentt8_008,softsign_studentt8,17,52,2,2,True,2,105,False
gate5a_task_certificate_v1,softsign_studentt8_009,softsign_studentt8,13,62,7,3,True,3,5427,False
gate5a_task_certificate_v1,softsign_studentt8_010,softsign_studentt8,24,35,1,1,True,1,18,False
gate5a_task_certificate_v1,softsign_studentt8_011,softsign_studentt8,16,52,7,3,True,3,4666,False
gate5a_task_certificate_v1,softsign_studentt8_012,softsign_studentt8,20,48,3,2,True,2,1486,False
gate5a_task_certificate_v1,softsign_studentt8_013,softsign_studentt8,10,70,6,2,True,2,577,False
gate5a_task_certificate_v1,softsign_studentt8_014,softsign_studentt8,18,53,0,0,True,0,1,False
gate5a_task_certificate_v1,softsign_studentt8_015,softsign_studentt8,20,49,2,1,True,1,5,False
gate5a_task_certificate_v1,softsign_studentt8_016,softsign_studentt8,12,56,2,1,True,1,12,False
gate5a_task_certificate_v1,softsign_studentt8_017,softsign_studentt8,10,68,6,3,True,3,48593,False
gate5a_task_certificate_v1,softsign_studentt8_018,softsign_studentt8,13,62,0,0,True,0,1,False
gate5a_task_certificate_v1,softsign_studentt8_019,softsign_studentt8,9,67,2,1,True,1,17,False
gate5a_task_certificate_v1,interaction_gaussian_000,interaction_gaussian,13,59,1,1,True,1,31,False
gate5a_task_certificate_v1,interaction_gaussian_001,interaction_gaussian,11,66,3,1,True,1,21,False
gate5a_task_certificate_v1,interaction_gaussian_002,interaction_gaussian,13,64,0,0,True,0,1,False
gate5a_task_certificate_v1,interaction_gaussian_003,interaction_gaussian,32,22,0,0,True,0,1,False
gate5a_task_certificate_v1,interaction_gaussian_004,interaction_gaussian,15,51,5,2,True,2,697,False
gate5a_task_certificate_v1,interaction_gaussian_005,interaction_gaussian,11,67,0,0,True,0,1,False
gate5a_task_certificate_v1,interaction_gaussian_006,interaction_gaussian,11,68,0,0,True,0,1,False
gate5a_task_certificate_v1,interaction_gaussian_007,interaction_gaussian,21,45,2,1,True,1,5,False
gate5a_task_certificate_v1,interaction_gaussian_008,interaction_gaussian,24,40,0,0,True,0,1,False
gate5a_task_certificate_v1,interaction_gaussian_009,interaction_gaussian,15,59,0,0,True,0,1,False
gate5a_task_certificate_v1,interaction_gaussian_010,interaction_gaussian,10,70,0,0,True,0,1,False
gate5a_task_certificate_v1,interaction_gaussian_011,interaction_gaussian,10,70,0,0,True,0,1,False
gate5a_task_certificate_v1,interaction_gaussian_012,interaction_gaussian,15,51,0,0,True,0,1,False
gate5a_task_certificate_v1,interaction_gaussian_013,interaction_gaussian,10,65,0,0,True,0,1,False
gate5a_task_certificate_v1,interaction_gaussian_014,interaction_gaussian,17,52,0,0,True,0,1,False
gate5a_task_certificate_v1,interaction_gaussian_015,interaction_gaussian,28,24,1,1,True,1,11,False
gate5a_task_certificate_v1,interaction_gaussian_016,interaction_gaussian,14,56,1,1,True,1,17,False
gate5a_task_certificate_v1,interaction_gaussian_017,interaction_gaussian,22,44,0,0,True,0,1,False
gate5a_task_certificate_v1,interaction_gaussian_018,interaction_gaussian,17,49,3,2,True,2,158,False
gate5a_task_certificate_v1,interaction_gaussian_019,interaction_gaussian,19,48,9,2,True,2,119,False
gate5a_task_certificate_v1,sine_exponential_000,sine_exponential,9,69,7,3,True,3,73716,False
gate5a_task_certificate_v1,sine_exponential_001,sine_exponential,8,73,0,0,True,0,1,False
gate5a_task_certificate_v1,sine_exponential_002,sine_exponential,20,50,0,0,True,0,1,False
gate5a_task_certificate_v1,sine_exponential_003,sine_exponential,16,54,1,1,True,1,20,False
gate5a_task_certificate_v1,sine_exponential_004,sine_exponential,13,60,5,2,True,2,1452,False
gate5a_task_certificate_v1,sine_exponential_005,sine_exponential,8,74,8,3,True,3,3894,False
gate5a_task_certificate_v1,sine_exponential_006,sine_exponential,10,67,6,2,True,2,2918,False
gate5a_task_certificate_v1,sine_exponential_007,sine_exponential,7,76,1,1,True,1,52,False
gate5a_task_certificate_v1,sine_exponential_008,sine_exponential,8,74,0,0,True,0,1,False
gate5a_task_certificate_v1,sine_exponential_009,sine_exponential,11,67,0,0,True,0,1,False
gate5a_task_certificate_v1,sine_exponential_010,sine_exponential,14,59,5,2,True,2,93,False
gate5a_task_certificate_v1,sine_exponential_011,sine_exponential,10,67,0,0,True,0,1,False
gate5a_task_certificate_v1,sine_exponential_012,sine_exponential,14,60,2,1,True,1,48,False
gate5a_task_certificate_v1,sine_exponential_013,sine_exponential,13,61,4,1,True,1,13,False
gate5a_task_certificate_v1,sine_exponential_014,sine_exponential,10,70,8,3,True,3,8399,False
gate5a_task_certificate_v1,sine_exponential_015,sine_exponential,12,61,1,1,True,1,4,False
gate5a_task_certificate_v1,sine_exponential_016,sine_exponential,12,64,8,2,True,2,506,False
gate5a_task_certificate_v1,sine_exponential_017,sine_exponential,8,74,12,4,False,3,107780,False
gate5a_task_certificate_v1,sine_exponential_018,sine_exponential,8,72,0,0,True,0,1,False
gate5a_task_certificate_v1,sine_exponential_019,sine_exponential,14,52,3,1,True,1,40,False
