task_id,domain,generator_mechanism,noise,lambda,task_index,graph_seed,n_total,n_discovery,n_validation,n_variables,dataset_path,raw_path,witness_path,certificate_path
linear_gaussian_000,linear_gaussian,rff,gaussian,0.0,0,850000,1000,500,500,10,gate5a_minimum_repair/cache/datasets/linear_gaussian_000.npz,gate5a_minimum_repair/cache/raw_predictions/linear_gaussian_000.npz,gate5a_minimum_repair/cache/witnesses/linear_gaussian_000.json,gate5a_minimum_repair/cache/certificates/linear_gaussian_000.json
linear_gaussian_001,linear_gaussian,rff,gaussian,0.0,1,850001,1000,500,500,10,gate5a_minimum_repair/cache/datasets/linear_gaussian_001.npz,gate5a_minimum_repair/cache/raw_predictions/linear_gaussian_001.npz,gate5a_minimum_repair/cache/witnesses/linear_gaussian_001.json,gate5a_minimum_repair/cache/certificates/linear_gaussian_001.json
linear_gaussian_002,linear_gaussian,rff,gaussian,0.0,2,850002,1000,500,500,10,gate5a_minimum_repair/cache/datasets/linear_gaussian_002.npz,gate5a_minimum_repair/cache/raw_predictions/linear_gaussian_002.npz,gate5a_minimum_repair/cache/witnesses/linear_gaussian_002.json,gate5a_minimum_repair/cache/certificates/linear_gaussian_002.json
linear_gaussian_003,linear_gaussian,rff,gaussian,0.0,3,850003,1000,500,500,10,gate5a_minimum_repair/cache/datasets/linear_gaussian_003.npz,gate5a_minimum_repair/cache/raw_predictions/linear_gaussian_003.npz,gate5a_minimum_repair/cache/witnesses/linear_gaussian_003.json,gate5a_minimum_repair/cache/certificates/linear_gaussian_003.json
linear_gaussian_004,linear_gaussian,rff,gaussian,0.0,4,850004,1000,500,500,10,gate5a_minimum_repair/cache/datasets/linear_gaussian_004.npz,gate5a_minimum_repair/cache/raw_predictions/linear_gaussian_004.npz,gate5a_minimum_repair/cache/witnesses/linear_gaussian_004.json,gate5a_minimum_repair/cache/certificates/linear_gaussian_004.json
linear_gaussian_005,linear_gaussian,rff,gaussian,0.0,5,850005,1000,500,500,10,gate5a_minimum_repair/cache/datasets/linear_gaussian_005.npz,gate5a_minimum_repair/cache/raw_predictions/linear_gaussian_005.npz,gate5a_minimum_repair/cache/witnesses/linear_gaussian_005.json,gate5a_minimum_repair/cache/certificates/linear_gaussian_005.json
linear_gaussian_006,linear_gaussian,rff,gaussian,0.0,6,850006,1000,500,500,10,gate5a_minimum_repair/cache/datasets/linear_gaussian_006.npz,gate5a_minimum_repair/cache/raw_predictions/linear_gaussian_006.npz,gate5a_minimum_repair/cache/witnesses/linear_gaussian_006.json,gate5a_minimum_repair/cache/certificates/linear_gaussian_006.json
linear_gaussian_007,linear_gaussian,rff,gaussian,0.0,7,850007,1000,500,500,10,gate5a_minimum_repair/cache/datasets/linear_gaussian_007.npz,gate5a_minimum_repair/cache/raw_predictions/linear_gaussian_007.npz,gate5a_minimum_repair/cache/witnesses/linear_gaussian_007.json,gate5a_minimum_repair/cache/certificates/linear_gaussian_007.json
linear_gaussian_008,linear_gaussian,rff,gaussian,0.0,8,850008,1000,500,500,10,gate5a_minimum_repair/cache/datasets/linear_gaussian_008.npz,gate5a_minimum_repair/cache/raw_predictions/linear_gaussian_008.npz,gate5a_minimum_repair/cache/witnesses/linear_gaussian_008.json,gate5a_minimum_repair/cache/certificates/linear_gaussian_008.json
linear_gaussian_009,linear_gaussian,rff,gaussian,0.0,9,850009,1000,500,500,10,gate5a_minimum_repair/cache/datasets/linear_gaussian_009.npz,gate5a_minimum_repair/cache/raw_predictions/linear_gaussian_009.npz,gate5a_minimum_repair/cache/witnesses/linear_gaussian_009.json,gate5a_minimum_repair/cache/certificates/linear_gaussian_009.json
linear_gaussian_010,linear_gaussian,rff,gaussian,0.0,10,850010,1000,500,500,10,gate5a_minimum_repair/cache/datasets/linear_gaussian_010.npz,gate5a_minimum_repair/cache/raw_predictions/linear_gaussian_010.npz,gate5a_minimum_repair/cache/witnesses/linear_gaussian_010.json,gate5a_minimum_repair/cache/certificates/linear_gaussian_010.json
linear_gaussian_011,linear_gaussian,rff,gaussian,0.0,11,850011,1000,500,500,10,gate5a_minimum_repair/cache/datasets/linear_gaussian_011.npz,gate5a_minimum_repair/cache/raw_predictions/linear_gaussian_011.npz,gate5a_minimum_repair/cache/witnesses/linear_gaussian_011.json,gate5a_minimum_repair/cache/certificates/linear_gaussian_011.json
linear_gaussian_012,linear_gaussian,rff,gaussian,0.0,12,850012,1000,500,500,10,gate5a_minimum_repair/cache/datasets/linear_gaussian_012.npz,gate5a_minimum_repair/cache/raw_predictions/linear_gaussian_012.npz,gate5a_minimum_repair/cache/witnesses/linear_gaussian_012.json,gate5a_minimum_repair/cache/certificates/linear_gaussian_012.json
linear_gaussian_013,linear_gaussian,rff,gaussian,0.0,13,850013,1000,500,500,10,gate5a_minimum_repair/cache/datasets/linear_gaussian_013.npz,gate5a_minimum_repair/cache/raw_predictions/linear_gaussian_013.npz,gate5a_minimum_repair/cache/witnesses/linear_gaussian_013.json,gate5a_minimum_repair/cache/certificates/linear_gaussian_013.json
linear_gaussian_014,linear_gaussian,rff,gaussian,0.0,14,850014,1000,500,500,10,gate5a_minimum_repair/cache/datasets/linear_gaussian_014.npz,gate5a_minimum_repair/cache/raw_predictions/linear_gaussian_014.npz,gate5a_minimum_repair/cache/witnesses/linear_gaussian_014.json,gate5a_minimum_repair/cache/certificates/linear_gaussian_014.json
linear_gaussian_015,linear_gaussian,rff,gaussian,0.0,15,850015,1000,500,500,10,gate5a_minimum_repair/cache/datasets/linear_gaussian_015.npz,gate5a_minimum_repair/cache/raw_predictions/linear_gaussian_015.npz,gate5a_minimum_repair/cache/witnesses/linear_gaussian_015.json,gate5a_minimum_repair/cache/certificates/linear_gaussian_015.json
linear_gaussian_016,linear_gaussian,rff,gaussian,0.0,16,850016,1000,500,500,10,gate5a_minimum_repair/cache/datasets/linear_gaussian_016.npz,gate5a_minimum_repair/cache/raw_predictions/linear_gaussian_016.npz,gate5a_minimum_repair/cache/witnesses/linear_gaussian_016.json,gate5a_minimum_repair/cache/certificates/linear_gaussian_016.json
linear_gaussian_017,linear_gaussian,rff,gaussian,0.0,17,850017,1000,500,500,10,gate5a_minimum_repair/cache/datasets/linear_gaussian_017.npz,gate5a_minimum_repair/cache/raw_predictions/linear_gaussian_017.npz,gate5a_minimum_repair/cache/witnesses/linear_gaussian_017.json,gate5a_minimum_repair/cache/certificates/linear_gaussian_017.json
linear_gaussian_018,linear_gaussian,rff,gaussian,0.0,18,850018,1000,500,500,10,gate5a_minimum_repair/cache/datasets/linear_gaussian_018.npz,gate5a_minimum_repair/cache/raw_predictions/linear_gaussian_018.npz,gate5a_minimum_repair/cache/witnesses/linear_gaussian_018.json,gate5a_minimum_repair/cache/certificates/linear_gaussian_018.json
linear_gaussian_019,linear_gaussian,rff,gaussian,0.0,19,850019,1000,500,500,10,gate5a_minimum_repair/cache/datasets/linear_gaussian_019.npz,gate5a_minimum_repair/cache/raw_predictions/linear_gaussian_019.npz,gate5a_minimum_repair/cache/witnesses/linear_gaussian_019.json,gate5a_minimum_repair/cache/certificates/linear_gaussian_019.json
rff_studentt3_000,rff_studentt3,rff,student_t3,1.0,0,850020,1000,500,500,10,gate5a_minimum_repair/cache/datasets/rff_studentt3_000.npz,gate5a_minimum_repair/cache/raw_predictions/rff_studentt3_000.npz,gate5a_minimum_repair/cache/witnesses/rff_studentt3_000.json,gate5a_minimum_repair/cache/certificates/rff_studentt3_000.json
rff_studentt3_001,rff_studentt3,rff,student_t3,1.0,1,850021,1000,500,500,10,gate5a_minimum_repair/cache/datasets/rff_studentt3_001.npz,gate5a_minimum_repair/cache/raw_predictions/rff_studentt3_001.npz,gate5a_minimum_repair/cache/witnesses/rff_studentt3_001.json,gate5a_minimum_repair/cache/certificates/rff_studentt3_001.json
rff_studentt3_002,rff_studentt3,rff,student_t3,1.0,2,850022,1000,500,500,10,gate5a_minimum_repair/cache/datasets/rff_studentt3_002.npz,gate5a_minimum_repair/cache/raw_predictions/rff_studentt3_002.npz,gate5a_minimum_repair/cache/witnesses/rff_studentt3_002.json,gate5a_minimum_repair/cache/certificates/rff_studentt3_002.json
rff_studentt3_003,rff_studentt3,rff,student_t3,1.0,3,850023,1000,500,500,10,gate5a_minimum_repair/cache/datasets/rff_studentt3_003.npz,gate5a_minimum_repair/cache/raw_predictions/rff_studentt3_003.npz,gate5a_minimum_repair/cache/witnesses/rff_studentt3_003.json,gate5a_minimum_repair/cache/certificates/rff_studentt3_003.json
rff_studentt3_004,rff_studentt3,rff,student_t3,1.0,4,850024,1000,500,500,10,gate5a_minimum_repair/cache/datasets/rff_studentt3_004.npz,gate5a_minimum_repair/cache/raw_predictions/rff_studentt3_004.npz,gate5a_minimum_repair/cache/witnesses/rff_studentt3_004.json,gate5a_minimum_repair/cache/certificates/rff_studentt3_004.json
rff_studentt3_005,rff_studentt3,rff,student_t3,1.0,5,850025,1000,500,500,10,gate5a_minimum_repair/cache/datasets/rff_studentt3_005.npz,gate5a_minimum_repair/cache/raw_predictions/rff_studentt3_005.npz,gate5a_minimum_repair/cache/witnesses/rff_studentt3_005.json,gate5a_minimum_repair/cache/certificates/rff_studentt3_005.json
rff_studentt3_006,rff_studentt3,rff,student_t3,1.0,6,850026,1000,500,500,10,gate5a_minimum_repair/cache/datasets/rff_studentt3_006.npz,gate5a_minimum_repair/cache/raw_predictions/rff_studentt3_006.npz,gate5a_minimum_repair/cache/witnesses/rff_studentt3_006.json,gate5a_minimum_repair/cache/certificates/rff_studentt3_006.json
rff_studentt3_007,rff_studentt3,rff,student_t3,1.0,7,850027,1000,500,500,10,gate5a_minimum_repair/cache/datasets/rff_studentt3_007.npz,gate5a_minimum_repair/cache/raw_predictions/rff_studentt3_007.npz,gate5a_minimum_repair/cache/witnesses/rff_studentt3_007.json,gate5a_minimum_repair/cache/certificates/rff_studentt3_007.json
rff_studentt3_008,rff_studentt3,rff,student_t3,1.0,8,850028,1000,500,500,10,gate5a_minimum_repair/cache/datasets/rff_studentt3_008.npz,gate5a_minimum_repair/cache/raw_predictions/rff_studentt3_008.npz,gate5a_minimum_repair/cache/witnesses/rff_studentt3_008.json,gate5a_minimum_repair/cache/certificates/rff_studentt3_008.json
rff_studentt3_009,rff_studentt3,rff,student_t3,1.0,9,850029,1000,500,500,10,gate5a_minimum_repair/cache/datasets/rff_studentt3_009.npz,gate5a_minimum_repair/cache/raw_predictions/rff_studentt3_009.npz,gate5a_minimum_repair/cache/witnesses/rff_studentt3_009.json,gate5a_minimum_repair/cache/certificates/rff_studentt3_009.json
rff_studentt3_010,rff_studentt3,rff,student_t3,1.0,10,850030,1000,500,500,10,gate5a_minimum_repair/cache/datasets/rff_studentt3_010.npz,gate5a_minimum_repair/cache/raw_predictions/rff_studentt3_010.npz,gate5a_minimum_repair/cache/witnesses/rff_studentt3_010.json,gate5a_minimum_repair/cache/certificates/rff_studentt3_010.json
rff_studentt3_011,rff_studentt3,rff,student_t3,1.0,11,850031,1000,500,500,10,gate5a_minimum_repair/cache/datasets/rff_studentt3_011.npz,gate5a_minimum_repair/cache/raw_predictions/rff_studentt3_011.npz,gate5a_minimum_repair/cache/witnesses/rff_studentt3_011.json,gate5a_minimum_repair/cache/certificates/rff_studentt3_011.json
rff_studentt3_012,rff_studentt3,rff,student_t3,1.0,12,850032,1000,500,500,10,gate5a_minimum_repair/cache/datasets/rff_studentt3_012.npz,gate5a_minimum_repair/cache/raw_predictions/rff_studentt3_012.npz,gate5a_minimum_repair/cache/witnesses/rff_studentt3_012.json,gate5a_minimum_repair/cache/certificates/rff_studentt3_012.json
rff_studentt3_013,rff_studentt3,rff,student_t3,1.0,13,850033,1000,500,500,10,gate5a_minimum_repair/cache/datasets/rff_studentt3_013.npz,gate5a_minimum_repair/cache/raw_predictions/rff_studentt3_013.npz,gate5a_minimum_repair/cache/witnesses/rff_studentt3_013.json,gate5a_minimum_repair/cache/certificates/rff_studentt3_013.json
rff_studentt3_014,rff_studentt3,rff,student_t3,1.0,14,850034,1000,500,500,10,gate5a_minimum_repair/cache/datasets/rff_studentt3_014.npz,gate5a_minimum_repair/cache/raw_predictions/rff_studentt3_014.npz,gate5a_minimum_repair/cache/witnesses/rff_studentt3_014.json,gate5a_minimum_repair/cache/certificates/rff_studentt3_014.json
rff_studentt3_015,rff_studentt3,rff,student_t3,1.0,15,850035,1000,500,500,10,gate5a_minimum_repair/cache/datasets/rff_studentt3_015.npz,gate5a_minimum_repair/cache/raw_predictions/rff_studentt3_015.npz,gate5a_minimum_repair/cache/witnesses/rff_studentt3_015.json,gate5a_minimum_repair/cache/certificates/rff_studentt3_015.json
rff_studentt3_016,rff_studentt3,rff,student_t3,1.0,16,850036,1000,500,500,10,gate5a_minimum_repair/cache/datasets/rff_studentt3_016.npz,gate5a_minimum_repair/cache/raw_predictions/rff_studentt3_016.npz,gate5a_minimum_repair/cache/witnesses/rff_studentt3_016.json,gate5a_minimum_repair/cache/certificates/rff_studentt3_016.json
rff_studentt3_017,rff_studentt3,rff,student_t3,1.0,17,850037,1000,500,500,10,gate5a_minimum_repair/cache/datasets/rff_studentt3_017.npz,gate5a_minimum_repair/cache/raw_predictions/rff_studentt3_017.npz,gate5a_minimum_repair/cache/witnesses/rff_studentt3_017.json,gate5a_minimum_repair/cache/certificates/rff_studentt3_017.json
rff_studentt3_018,rff_studentt3,rff,student_t3,1.0,18,850038,1000,500,500,10,gate5a_minimum_repair/cache/datasets/rff_studentt3_018.npz,gate5a_minimum_repair/cache/raw_predictions/rff_studentt3_018.npz,gate5a_minimum_repair/cache/witnesses/rff_studentt3_018.json,gate5a_minimum_repair/cache/certificates/rff_studentt3_018.json
rff_studentt3_019,rff_studentt3,rff,student_t3,1.0,19,850039,1000,500,500,10,gate5a_minimum_repair/cache/datasets/rff_studentt3_019.npz,gate5a_minimum_repair/cache/raw_predictions/rff_studentt3_019.npz,gate5a_minimum_repair/cache/witnesses/rff_studentt3_019.json,gate5a_minimum_repair/cache/certificates/rff_studentt3_019.json
tanh_laplace_000,tanh_laplace,tanh,laplace,1.0,0,850040,1000,500,500,10,gate5a_minimum_repair/cache/datasets/tanh_laplace_000.npz,gate5a_minimum_repair/cache/raw_predictions/tanh_laplace_000.npz,gate5a_minimum_repair/cache/witnesses/tanh_laplace_000.json,gate5a_minimum_repair/cache/certificates/tanh_laplace_000.json
tanh_laplace_001,tanh_laplace,tanh,laplace,1.0,1,850041,1000,500,500,10,gate5a_minimum_repair/cache/datasets/tanh_laplace_001.npz,gate5a_minimum_repair/cache/raw_predictions/tanh_laplace_001.npz,gate5a_minimum_repair/cache/witnesses/tanh_laplace_001.json,gate5a_minimum_repair/cache/certificates/tanh_laplace_001.json
tanh_laplace_002,tanh_laplace,tanh,laplace,1.0,2,850042,1000,500,500,10,gate5a_minimum_repair/cache/datasets/tanh_laplace_002.npz,gate5a_minimum_repair/cache/raw_predictions/tanh_laplace_002.npz,gate5a_minimum_repair/cache/witnesses/tanh_laplace_002.json,gate5a_minimum_repair/cache/certificates/tanh_laplace_002.json
tanh_laplace_003,tanh_laplace,tanh,laplace,1.0,3,850043,1000,500,500,10,gate5a_minimum_repair/cache/datasets/tanh_laplace_003.npz,gate5a_minimum_repair/cache/raw_predictions/tanh_laplace_003.npz,gate5a_minimum_repair/cache/witnesses/tanh_laplace_003.json,gate5a_minimum_repair/cache/certificates/tanh_laplace_003.json
tanh_laplace_004,tanh_laplace,tanh,laplace,1.0,4,850044,1000,500,500,10,gate5a_minimum_repair/cache/datasets/tanh_laplace_004.npz,gate5a_minimum_repair/cache/raw_predictions/tanh_laplace_004.npz,gate5a_minimum_repair/cache/witnesses/tanh_laplace_004.json,gate5a_minimum_repair/cache/certificates/tanh_laplace_004.json
tanh_laplace_005,tanh_laplace,tanh,laplace,1.0,5,850045,1000,500,500,10,gate5a_minimum_repair/cache/datasets/tanh_laplace_005.npz,gate5a_minimum_repair/cache/raw_predictions/tanh_laplace_005.npz,gate5a_minimum_repair/cache/witnesses/tanh_laplace_005.json,gate5a_minimum_repair/cache/certificates/tanh_laplace_005.json
tanh_laplace_006,tanh_laplace,tanh,laplace,1.0,6,850046,1000,500,500,10,gate5a_minimum_repair/cache/datasets/tanh_laplace_006.npz,gate5a_minimum_repair/cache/raw_predictions/tanh_laplace_006.npz,gate5a_minimum_repair/cache/witnesses/tanh_laplace_006.json,gate5a_minimum_repair/cache/certificates/tanh_laplace_006.json
tanh_laplace_007,tanh_laplace,tanh,laplace,1.0,7,850047,1000,500,500,10,gate5a_minimum_repair/cache/datasets/tanh_laplace_007.npz,gate5a_minimum_repair/cache/raw_predictions/tanh_laplace_007.npz,gate5a_minimum_repair/cache/witnesses/tanh_laplace_007.json,gate5a_minimum_repair/cache/certificates/tanh_laplace_007.json
tanh_laplace_008,tanh_laplace,tanh,laplace,1.0,8,850048,1000,500,500,10,gate5a_minimum_repair/cache/datasets/tanh_laplace_008.npz,gate5a_minimum_repair/cache/raw_predictions/tanh_laplace_008.npz,gate5a_minimum_repair/cache/witnesses/tanh_laplace_008.json,gate5a_minimum_repair/cache/certificates/tanh_laplace_008.json
tanh_laplace_009,tanh_laplace,tanh,laplace,1.0,9,850049,1000,500,500,10,gate5a_minimum_repair/cache/datasets/tanh_laplace_009.npz,gate5a_minimum_repair/cache/raw_predictions/tanh_laplace_009.npz,gate5a_minimum_repair/cache/witnesses/tanh_laplace_009.json,gate5a_minimum_repair/cache/certificates/tanh_laplace_009.json
tanh_laplace_010,tanh_laplace,tanh,laplace,1.0,10,850050,1000,500,500,10,gate5a_minimum_repair/cache/datasets/tanh_laplace_010.npz,gate5a_minimum_repair/cache/raw_predictions/tanh_laplace_010.npz,gate5a_minimum_repair/cache/witnesses/tanh_laplace_010.json,gate5a_minimum_repair/cache/certificates/tanh_laplace_010.json
tanh_laplace_011,tanh_laplace,tanh,laplace,1.0,11,850051,1000,500,500,10,gate5a_minimum_repair/cache/datasets/tanh_laplace_011.npz,gate5a_minimum_repair/cache/raw_predictions/tanh_laplace_011.npz,gate5a_minimum_repair/cache/witnesses/tanh_laplace_011.json,gate5a_minimum_repair/cache/certificates/tanh_laplace_011.json
tanh_laplace_012,tanh_laplace,tanh,laplace,1.0,12,850052,1000,500,500,10,gate5a_minimum_repair/cache/datasets/tanh_laplace_012.npz,gate5a_minimum_repair/cache/raw_predictions/tanh_laplace_012.npz,gate5a_minimum_repair/cache/witnesses/tanh_laplace_012.json,gate5a_minimum_repair/cache/certificates/tanh_laplace_012.json
tanh_laplace_013,tanh_laplace,tanh,laplace,1.0,13,850053,1000,500,500,10,gate5a_minimum_repair/cache/datasets/tanh_laplace_013.npz,gate5a_minimum_repair/cache/raw_predictions/tanh_laplace_013.npz,gate5a_minimum_repair/cache/witnesses/tanh_laplace_013.json,gate5a_minimum_repair/cache/certificates/tanh_laplace_013.json
tanh_laplace_014,tanh_laplace,tanh,laplace,1.0,14,850054,1000,500,500,10,gate5a_minimum_repair/cache/datasets/tanh_laplace_014.npz,gate5a_minimum_repair/cache/raw_predictions/tanh_laplace_014.npz,gate5a_minimum_repair/cache/witnesses/tanh_laplace_014.json,gate5a_minimum_repair/cache/certificates/tanh_laplace_014.json
tanh_laplace_015,tanh_laplace,tanh,laplace,1.0,15,850055,1000,500,500,10,gate5a_minimum_repair/cache/datasets/tanh_laplace_015.npz,gate5a_minimum_repair/cache/raw_predictions/tanh_laplace_015.npz,gate5a_minimum_repair/cache/witnesses/tanh_laplace_015.json,gate5a_minimum_repair/cache/certificates/tanh_laplace_015.json
tanh_laplace_016,tanh_laplace,tanh,laplace,1.0,16,850056,1000,500,500,10,gate5a_minimum_repair/cache/datasets/tanh_laplace_016.npz,gate5a_minimum_repair/cache/raw_predictions/tanh_laplace_016.npz,gate5a_minimum_repair/cache/witnesses/tanh_laplace_016.json,gate5a_minimum_repair/cache/certificates/tanh_laplace_016.json
tanh_laplace_017,tanh_laplace,tanh,laplace,1.0,17,850057,1000,500,500,10,gate5a_minimum_repair/cache/datasets/tanh_laplace_017.npz,gate5a_minimum_repair/cache/raw_predictions/tanh_laplace_017.npz,gate5a_minimum_repair/cache/witnesses/tanh_laplace_017.json,gate5a_minimum_repair/cache/certificates/tanh_laplace_017.json
tanh_laplace_018,tanh_laplace,tanh,laplace,1.0,18,850058,1000,500,500,10,gate5a_minimum_repair/cache/datasets/tanh_laplace_018.npz,gate5a_minimum_repair/cache/raw_predictions/tanh_laplace_018.npz,gate5a_minimum_repair/cache/witnesses/tanh_laplace_018.json,gate5a_minimum_repair/cache/certificates/tanh_laplace_018.json
tanh_laplace_019,tanh_laplace,tanh,laplace,1.0,19,850059,1000,500,500,10,gate5a_minimum_repair/cache/datasets/tanh_laplace_019.npz,gate5a_minimum_repair/cache/raw_predictions/tanh_laplace_019.npz,gate5a_minimum_repair/cache/witnesses/tanh_laplace_019.json,gate5a_minimum_repair/cache/certificates/tanh_laplace_019.json
softsign_studentt8_000,softsign_studentt8,softsign,student_t8,1.0,0,850060,1000,500,500,10,gate5a_minimum_repair/cache/datasets/softsign_studentt8_000.npz,gate5a_minimum_repair/cache/raw_predictions/softsign_studentt8_000.npz,gate5a_minimum_repair/cache/witnesses/softsign_studentt8_000.json,gate5a_minimum_repair/cache/certificates/softsign_studentt8_000.json
softsign_studentt8_001,softsign_studentt8,softsign,student_t8,1.0,1,850061,1000,500,500,10,gate5a_minimum_repair/cache/datasets/softsign_studentt8_001.npz,gate5a_minimum_repair/cache/raw_predictions/softsign_studentt8_001.npz,gate5a_minimum_repair/cache/witnesses/softsign_studentt8_001.json,gate5a_minimum_repair/cache/certificates/softsign_studentt8_001.json
softsign_studentt8_002,softsign_studentt8,softsign,student_t8,1.0,2,850062,1000,500,500,10,gate5a_minimum_repair/cache/datasets/softsign_studentt8_002.npz,gate5a_minimum_repair/cache/raw_predictions/softsign_studentt8_002.npz,gate5a_minimum_repair/cache/witnesses/softsign_studentt8_002.json,gate5a_minimum_repair/cache/certificates/softsign_studentt8_002.json
softsign_studentt8_003,softsign_studentt8,softsign,student_t8,1.0,3,850063,1000,500,500,10,gate5a_minimum_repair/cache/datasets/softsign_studentt8_003.npz,gate5a_minimum_repair/cache/raw_predictions/softsign_studentt8_003.npz,gate5a_minimum_repair/cache/witnesses/softsign_studentt8_003.json,gate5a_minimum_repair/cache/certificates/softsign_studentt8_003.json
softsign_studentt8_004,softsign_studentt8,softsign,student_t8,1.0,4,850064,1000,500,500,10,gate5a_minimum_repair/cache/datasets/softsign_studentt8_004.npz,gate5a_minimum_repair/cache/raw_predictions/softsign_studentt8_004.npz,gate5a_minimum_repair/cache/witnesses/softsign_studentt8_004.json,gate5a_minimum_repair/cache/certificates/softsign_studentt8_004.json
softsign_studentt8_005,softsign_studentt8,softsign,student_t8,1.0,5,850065,1000,500,500,10,gate5a_minimum_repair/cache/datasets/softsign_studentt8_005.npz,gate5a_minimum_repair/cache/raw_predictions/softsign_studentt8_005.npz,gate5a_minimum_repair/cache/witnesses/softsign_studentt8_005.json,gate5a_minimum_repair/cache/certificates/softsign_studentt8_005.json
softsign_studentt8_006,softsign_studentt8,softsign,student_t8,1.0,6,850066,1000,500,500,10,gate5a_minimum_repair/cache/datasets/softsign_studentt8_006.npz,gate5a_minimum_repair/cache/raw_predictions/softsign_studentt8_006.npz,gate5a_minimum_repair/cache/witnesses/softsign_studentt8_006.json,gate5a_minimum_repair/cache/certificates/softsign_studentt8_006.json
softsign_studentt8_007,softsign_studentt8,softsign,student_t8,1.0,7,850067,1000,500,500,10,gate5a_minimum_repair/cache/datasets/softsign_studentt8_007.npz,gate5a_minimum_repair/cache/raw_predictions/softsign_studentt8_007.npz,gate5a_minimum_repair/cache/witnesses/softsign_studentt8_007.json,gate5a_minimum_repair/cache/certificates/softsign_studentt8_007.json
softsign_studentt8_008,softsign_studentt8,softsign,student_t8,1.0,8,850068,1000,500,500,10,gate5a_minimum_repair/cache/datasets/softsign_studentt8_008.npz,gate5a_minimum_repair/cache/raw_predictions/softsign_studentt8_008.npz,gate5a_minimum_repair/cache/witnesses/softsign_studentt8_008.json,gate5a_minimum_repair/cache/certificates/softsign_studentt8_008.json
softsign_studentt8_009,softsign_studentt8,softsign,student_t8,1.0,9,850069,1000,500,500,10,gate5a_minimum_repair/cache/datasets/softsign_studentt8_009.npz,gate5a_minimum_repair/cache/raw_predictions/softsign_studentt8_009.npz,gate5a_minimum_repair/cache/witnesses/softsign_studentt8_009.json,gate5a_minimum_repair/cache/certificates/softsign_studentt8_009.json
softsign_studentt8_010,softsign_studentt8,softsign,student_t8,1.0,10,850070,1000,500,500,10,gate5a_minimum_repair/cache/datasets/softsign_studentt8_010.npz,gate5a_minimum_repair/cache/raw_predictions/softsign_studentt8_010.npz,gate5a_minimum_repair/cache/witnesses/softsign_studentt8_010.json,gate5a_minimum_repair/cache/certificates/softsign_studentt8_010.json
softsign_studentt8_011,softsign_studentt8,softsign,student_t8,1.0,11,850071,1000,500,500,10,gate5a_minimum_repair/cache/datasets/softsign_studentt8_011.npz,gate5a_minimum_repair/cache/raw_predictions/softsign_studentt8_011.npz,gate5a_minimum_repair/cache/witnesses/softsign_studentt8_011.json,gate5a_minimum_repair/cache/certificates/softsign_studentt8_011.json
softsign_studentt8_012,softsign_studentt8,softsign,student_t8,1.0,12,850072,1000,500,500,10,gate5a_minimum_repair/cache/datasets/softsign_studentt8_012.npz,gate5a_minimum_repair/cache/raw_predictions/softsign_studentt8_012.npz,gate5a_minimum_repair/cache/witnesses/softsign_studentt8_012.json,gate5a_minimum_repair/cache/certificates/softsign_studentt8_012.json
softsign_studentt8_013,softsign_studentt8,softsign,student_t8,1.0,13,850073,1000,500,500,10,gate5a_minimum_repair/cache/datasets/softsign_studentt8_013.npz,gate5a_minimum_repair/cache/raw_predictions/softsign_studentt8_013.npz,gate5a_minimum_repair/cache/witnesses/softsign_studentt8_013.json,gate5a_minimum_repair/cache/certificates/softsign_studentt8_013.json
softsign_studentt8_014,softsign_studentt8,softsign,student_t8,1.0,14,850074,1000,500,500,10,gate5a_minimum_repair/cache/datasets/softsign_studentt8_014.npz,gate5a_minimum_repair/cache/raw_predictions/softsign_studentt8_014.npz,gate5a_minimum_repair/cache/witnesses/softsign_studentt8_014.json,gate5a_minimum_repair/cache/certificates/softsign_studentt8_014.json
softsign_studentt8_015,softsign_studentt8,softsign,student_t8,1.0,15,850075,1000,500,500,10,gate5a_minimum_repair/cache/datasets/softsign_studentt8_015.npz,gate5a_minimum_repair/cache/raw_predictions/softsign_studentt8_015.npz,gate5a_minimum_repair/cache/witnesses/softsign_studentt8_015.json,gate5a_minimum_repair/cache/certificates/softsign_studentt8_015.json
softsign_studentt8_016,softsign_studentt8,softsign,student_t8,1.0,16,850076,1000,500,500,10,gate5a_minimum_repair/cache/datasets/softsign_studentt8_016.npz,gate5a_minimum_repair/cache/raw_predictions/softsign_studentt8_016.npz,gate5a_minimum_repair/cache/witnesses/softsign_studentt8_016.json,gate5a_minimum_repair/cache/certificates/softsign_studentt8_016.json
softsign_studentt8_017,softsign_studentt8,softsign,student_t8,1.0,17,850077,1000,500,500,10,gate5a_minimum_repair/cache/datasets/softsign_studentt8_017.npz,gate5a_minimum_repair/cache/raw_predictions/softsign_studentt8_017.npz,gate5a_minimum_repair/cache/witnesses/softsign_studentt8_017.json,gate5a_minimum_repair/cache/certificates/softsign_studentt8_017.json
softsign_studentt8_018,softsign_studentt8,softsign,student_t8,1.0,18,850078,1000,500,500,10,gate5a_minimum_repair/cache/datasets/softsign_studentt8_018.npz,gate5a_minimum_repair/cache/raw_predictions/softsign_studentt8_018.npz,gate5a_minimum_repair/cache/witnesses/softsign_studentt8_018.json,gate5a_minimum_repair/cache/certificates/softsign_studentt8_018.json
softsign_studentt8_019,softsign_studentt8,softsign,student_t8,1.0,19,850079,1000,500,500,10,gate5a_minimum_repair/cache/datasets/softsign_studentt8_019.npz,gate5a_minimum_repair/cache/raw_predictions/softsign_studentt8_019.npz,gate5a_minimum_repair/cache/witnesses/softsign_studentt8_019.json,gate5a_minimum_repair/cache/certificates/softsign_studentt8_019.json
interaction_gaussian_000,interaction_gaussian,interaction,gaussian,1.0,0,850080,1000,500,500,10,gate5a_minimum_repair/cache/datasets/interaction_gaussian_000.npz,gate5a_minimum_repair/cache/raw_predictions/interaction_gaussian_000.npz,gate5a_minimum_repair/cache/witnesses/interaction_gaussian_000.json,gate5a_minimum_repair/cache/certificates/interaction_gaussian_000.json
interaction_gaussian_001,interaction_gaussian,interaction,gaussian,1.0,1,850081,1000,500,500,10,gate5a_minimum_repair/cache/datasets/interaction_gaussian_001.npz,gate5a_minimum_repair/cache/raw_predictions/interaction_gaussian_001.npz,gate5a_minimum_repair/cache/witnesses/interaction_gaussian_001.json,gate5a_minimum_repair/cache/certificates/interaction_gaussian_001.json
interaction_gaussian_002,interaction_gaussian,interaction,gaussian,1.0,2,850082,1000,500,500,10,gate5a_minimum_repair/cache/datasets/interaction_gaussian_002.npz,gate5a_minimum_repair/cache/raw_predictions/interaction_gaussian_002.npz,gate5a_minimum_repair/cache/witnesses/interaction_gaussian_002.json,gate5a_minimum_repair/cache/certificates/interaction_gaussian_002.json
interaction_gaussian_003,interaction_gaussian,interaction,gaussian,1.0,3,850083,1000,500,500,10,gate5a_minimum_repair/cache/datasets/interaction_gaussian_003.npz,gate5a_minimum_repair/cache/raw_predictions/interaction_gaussian_003.npz,gate5a_minimum_repair/cache/witnesses/interaction_gaussian_003.json,gate5a_minimum_repair/cache/certificates/interaction_gaussian_003.json
interaction_gaussian_004,interaction_gaussian,interaction,gaussian,1.0,4,850084,1000,500,500,10,gate5a_minimum_repair/cache/datasets/interaction_gaussian_004.npz,gate5a_minimum_repair/cache/raw_predictions/interaction_gaussian_004.npz,gate5a_minimum_repair/cache/witnesses/interaction_gaussian_004.json,gate5a_minimum_repair/cache/certificates/interaction_gaussian_004.json
interaction_gaussian_005,interaction_gaussian,interaction,gaussian,1.0,5,850085,1000,500,500,10,gate5a_minimum_repair/cache/datasets/interaction_gaussian_005.npz,gate5a_minimum_repair/cache/raw_predictions/interaction_gaussian_005.npz,gate5a_minimum_repair/cache/witnesses/interaction_gaussian_005.json,gate5a_minimum_repair/cache/certificates/interaction_gaussian_005.json
interaction_gaussian_006,interaction_gaussian,interaction,gaussian,1.0,6,850086,1000,500,500,10,gate5a_minimum_repair/cache/datasets/interaction_gaussian_006.npz,gate5a_minimum_repair/cache/raw_predictions/interaction_gaussian_006.npz,gate5a_minimum_repair/cache/witnesses/interaction_gaussian_006.json,gate5a_minimum_repair/cache/certificates/interaction_gaussian_006.json
interaction_gaussian_007,interaction_gaussian,interaction,gaussian,1.0,7,850087,1000,500,500,10,gate5a_minimum_repair/cache/datasets/interaction_gaussian_007.npz,gate5a_minimum_repair/cache/raw_predictions/interaction_gaussian_007.npz,gate5a_minimum_repair/cache/witnesses/interaction_gaussian_007.json,gate5a_minimum_repair/cache/certificates/interaction_gaussian_007.json
interaction_gaussian_008,interaction_gaussian,interaction,gaussian,1.0,8,850088,1000,500,500,10,gate5a_minimum_repair/cache/datasets/interaction_gaussian_008.npz,gate5a_minimum_repair/cache/raw_predictions/interaction_gaussian_008.npz,gate5a_minimum_repair/cache/witnesses/interaction_gaussian_008.json,gate5a_minimum_repair/cache/certificates/interaction_gaussian_008.json
interaction_gaussian_009,interaction_gaussian,interaction,gaussian,1.0,9,850089,1000,500,500,10,gate5a_minimum_repair/cache/datasets/interaction_gaussian_009.npz,gate5a_minimum_repair/cache/raw_predictions/interaction_gaussian_009.npz,gate5a_minimum_repair/cache/witnesses/interaction_gaussian_009.json,gate5a_minimum_repair/cache/certificates/interaction_gaussian_009.json
interaction_gaussian_010,interaction_gaussian,interaction,gaussian,1.0,10,850090,1000,500,500,10,gate5a_minimum_repair/cache/datasets/interaction_gaussian_010.npz,gate5a_minimum_repair/cache/raw_predictions/interaction_gaussian_010.npz,gate5a_minimum_repair/cache/witnesses/interaction_gaussian_010.json,gate5a_minimum_repair/cache/certificates/interaction_gaussian_010.json
interaction_gaussian_011,interaction_gaussian,interaction,gaussian,1.0,11,850091,1000,500,500,10,gate5a_minimum_repair/cache/datasets/interaction_gaussian_011.npz,gate5a_minimum_repair/cache/raw_predictions/interaction_gaussian_011.npz,gate5a_minimum_repair/cache/witnesses/interaction_gaussian_011.json,gate5a_minimum_repair/cache/certificates/interaction_gaussian_011.json
interaction_gaussian_012,interaction_gaussian,interaction,gaussian,1.0,12,850092,1000,500,500,10,gate5a_minimum_repair/cache/datasets/interaction_gaussian_012.npz,gate5a_minimum_repair/cache/raw_predictions/interaction_gaussian_012.npz,gate5a_minimum_repair/cache/witnesses/interaction_gaussian_012.json,gate5a_minimum_repair/cache/certificates/interaction_gaussian_012.json
interaction_gaussian_013,interaction_gaussian,interaction,gaussian,1.0,13,850093,1000,500,500,10,gate5a_minimum_repair/cache/datasets/interaction_gaussian_013.npz,gate5a_minimum_repair/cache/raw_predictions/interaction_gaussian_013.npz,gate5a_minimum_repair/cache/witnesses/interaction_gaussian_013.json,gate5a_minimum_repair/cache/certificates/interaction_gaussian_013.json
interaction_gaussian_014,interaction_gaussian,interaction,gaussian,1.0,14,850094,1000,500,500,10,gate5a_minimum_repair/cache/datasets/interaction_gaussian_014.npz,gate5a_minimum_repair/cache/raw_predictions/interaction_gaussian_014.npz,gate5a_minimum_repair/cache/witnesses/interaction_gaussian_014.json,gate5a_minimum_repair/cache/certificates/interaction_gaussian_014.json
interaction_gaussian_015,interaction_gaussian,interaction,gaussian,1.0,15,850095,1000,500,500,10,gate5a_minimum_repair/cache/datasets/interaction_gaussian_015.npz,gate5a_minimum_repair/cache/raw_predictions/interaction_gaussian_015.npz,gate5a_minimum_repair/cache/witnesses/interaction_gaussian_015.json,gate5a_minimum_repair/cache/certificates/interaction_gaussian_015.json
interaction_gaussian_016,interaction_gaussian,interaction,gaussian,1.0,16,850096,1000,500,500,10,gate5a_minimum_repair/cache/datasets/interaction_gaussian_016.npz,gate5a_minimum_repair/cache/raw_predictions/interaction_gaussian_016.npz,gate5a_minimum_repair/cache/witnesses/interaction_gaussian_016.json,gate5a_minimum_repair/cache/certificates/interaction_gaussian_016.json
interaction_gaussian_017,interaction_gaussian,interaction,gaussian,1.0,17,850097,1000,500,500,10,gate5a_minimum_repair/cache/datasets/interaction_gaussian_017.npz,gate5a_minimum_repair/cache/raw_predictions/interaction_gaussian_017.npz,gate5a_minimum_repair/cache/witnesses/interaction_gaussian_017.json,gate5a_minimum_repair/cache/certificates/interaction_gaussian_017.json
interaction_gaussian_018,interaction_gaussian,interaction,gaussian,1.0,18,850098,1000,500,500,10,gate5a_minimum_repair/cache/datasets/interaction_gaussian_018.npz,gate5a_minimum_repair/cache/raw_predictions/interaction_gaussian_018.npz,gate5a_minimum_repair/cache/witnesses/interaction_gaussian_018.json,gate5a_minimum_repair/cache/certificates/interaction_gaussian_018.json
interaction_gaussian_019,interaction_gaussian,interaction,gaussian,1.0,19,850099,1000,500,500,10,gate5a_minimum_repair/cache/datasets/interaction_gaussian_019.npz,gate5a_minimum_repair/cache/raw_predictions/interaction_gaussian_019.npz,gate5a_minimum_repair/cache/witnesses/interaction_gaussian_019.json,gate5a_minimum_repair/cache/certificates/interaction_gaussian_019.json
sine_exponential_000,sine_exponential,sine,exponential,1.0,0,850100,1000,500,500,10,gate5a_minimum_repair/cache/datasets/sine_exponential_000.npz,gate5a_minimum_repair/cache/raw_predictions/sine_exponential_000.npz,gate5a_minimum_repair/cache/witnesses/sine_exponential_000.json,gate5a_minimum_repair/cache/certificates/sine_exponential_000.json
sine_exponential_001,sine_exponential,sine,exponential,1.0,1,850101,1000,500,500,10,gate5a_minimum_repair/cache/datasets/sine_exponential_001.npz,gate5a_minimum_repair/cache/raw_predictions/sine_exponential_001.npz,gate5a_minimum_repair/cache/witnesses/sine_exponential_001.json,gate5a_minimum_repair/cache/certificates/sine_exponential_001.json
sine_exponential_002,sine_exponential,sine,exponential,1.0,2,850102,1000,500,500,10,gate5a_minimum_repair/cache/datasets/sine_exponential_002.npz,gate5a_minimum_repair/cache/raw_predictions/sine_exponential_002.npz,gate5a_minimum_repair/cache/witnesses/sine_exponential_002.json,gate5a_minimum_repair/cache/certificates/sine_exponential_002.json
sine_exponential_003,sine_exponential,sine,exponential,1.0,3,850103,1000,500,500,10,gate5a_minimum_repair/cache/datasets/sine_exponential_003.npz,gate5a_minimum_repair/cache/raw_predictions/sine_exponential_003.npz,gate5a_minimum_repair/cache/witnesses/sine_exponential_003.json,gate5a_minimum_repair/cache/certificates/sine_exponential_003.json
sine_exponential_004,sine_exponential,sine,exponential,1.0,4,850104,1000,500,500,10,gate5a_minimum_repair/cache/datasets/sine_exponential_004.npz,gate5a_minimum_repair/cache/raw_predictions/sine_exponential_004.npz,gate5a_minimum_repair/cache/witnesses/sine_exponential_004.json,gate5a_minimum_repair/cache/certificates/sine_exponential_004.json
sine_exponential_005,sine_exponential,sine,exponential,1.0,5,850105,1000,500,500,10,gate5a_minimum_repair/cache/datasets/sine_exponential_005.npz,gate5a_minimum_repair/cache/raw_predictions/sine_exponential_005.npz,gate5a_minimum_repair/cache/witnesses/sine_exponential_005.json,gate5a_minimum_repair/cache/certificates/sine_exponential_005.json
sine_exponential_006,sine_exponential,sine,exponential,1.0,6,850106,1000,500,500,10,gate5a_minimum_repair/cache/datasets/sine_exponential_006.npz,gate5a_minimum_repair/cache/raw_predictions/sine_exponential_006.npz,gate5a_minimum_repair/cache/witnesses/sine_exponential_006.json,gate5a_minimum_repair/cache/certificates/sine_exponential_006.json
sine_exponential_007,sine_exponential,sine,exponential,1.0,7,850107,1000,500,500,10,gate5a_minimum_repair/cache/datasets/sine_exponential_007.npz,gate5a_minimum_repair/cache/raw_predictions/sine_exponential_007.npz,gate5a_minimum_repair/cache/witnesses/sine_exponential_007.json,gate5a_minimum_repair/cache/certificates/sine_exponential_007.json
sine_exponential_008,sine_exponential,sine,exponential,1.0,8,850108,1000,500,500,10,gate5a_minimum_repair/cache/datasets/sine_exponential_008.npz,gate5a_minimum_repair/cache/raw_predictions/sine_exponential_008.npz,gate5a_minimum_repair/cache/witnesses/sine_exponential_008.json,gate5a_minimum_repair/cache/certificates/sine_exponential_008.json
sine_exponential_009,sine_exponential,sine,exponential,1.0,9,850109,1000,500,500,10,gate5a_minimum_repair/cache/datasets/sine_exponential_009.npz,gate5a_minimum_repair/cache/raw_predictions/sine_exponential_009.npz,gate5a_minimum_repair/cache/witnesses/sine_exponential_009.json,gate5a_minimum_repair/cache/certificates/sine_exponential_009.json
sine_exponential_010,sine_exponential,sine,exponential,1.0,10,850110,1000,500,500,10,gate5a_minimum_repair/cache/datasets/sine_exponential_010.npz,gate5a_minimum_repair/cache/raw_predictions/sine_exponential_010.npz,gate5a_minimum_repair/cache/witnesses/sine_exponential_010.json,gate5a_minimum_repair/cache/certificates/sine_exponential_010.json
sine_exponential_011,sine_exponential,sine,exponential,1.0,11,850111,1000,500,500,10,gate5a_minimum_repair/cache/datasets/sine_exponential_011.npz,gate5a_minimum_repair/cache/raw_predictions/sine_exponential_011.npz,gate5a_minimum_repair/cache/witnesses/sine_exponential_011.json,gate5a_minimum_repair/cache/certificates/sine_exponential_011.json
sine_exponential_012,sine_exponential,sine,exponential,1.0,12,850112,1000,500,500,10,gate5a_minimum_repair/cache/datasets/sine_exponential_012.npz,gate5a_minimum_repair/cache/raw_predictions/sine_exponential_012.npz,gate5a_minimum_repair/cache/witnesses/sine_exponential_012.json,gate5a_minimum_repair/cache/certificates/sine_exponential_012.json
sine_exponential_013,sine_exponential,sine,exponential,1.0,13,850113,1000,500,500,10,gate5a_minimum_repair/cache/datasets/sine_exponential_013.npz,gate5a_minimum_repair/cache/raw_predictions/sine_exponential_013.npz,gate5a_minimum_repair/cache/witnesses/sine_exponential_013.json,gate5a_minimum_repair/cache/certificates/sine_exponential_013.json
sine_exponential_014,sine_exponential,sine,exponential,1.0,14,850114,1000,500,500,10,gate5a_minimum_repair/cache/datasets/sine_exponential_014.npz,gate5a_minimum_repair/cache/raw_predictions/sine_exponential_014.npz,gate5a_minimum_repair/cache/witnesses/sine_exponential_014.json,gate5a_minimum_repair/cache/certificates/sine_exponential_014.json
sine_exponential_015,sine_exponential,sine,exponential,1.0,15,850115,1000,500,500,10,gate5a_minimum_repair/cache/datasets/sine_exponential_015.npz,gate5a_minimum_repair/cache/raw_predictions/sine_exponential_015.npz,gate5a_minimum_repair/cache/witnesses/sine_exponential_015.json,gate5a_minimum_repair/cache/certificates/sine_exponential_015.json
sine_exponential_016,sine_exponential,sine,exponential,1.0,16,850116,1000,500,500,10,gate5a_minimum_repair/cache/datasets/sine_exponential_016.npz,gate5a_minimum_repair/cache/raw_predictions/sine_exponential_016.npz,gate5a_minimum_repair/cache/witnesses/sine_exponential_016.json,gate5a_minimum_repair/cache/certificates/sine_exponential_016.json
sine_exponential_017,sine_exponential,sine,exponential,1.0,17,850117,1000,500,500,10,gate5a_minimum_repair/cache/datasets/sine_exponential_017.npz,gate5a_minimum_repair/cache/raw_predictions/sine_exponential_017.npz,gate5a_minimum_repair/cache/witnesses/sine_exponential_017.json,gate5a_minimum_repair/cache/certificates/sine_exponential_017.json
sine_exponential_018,sine_exponential,sine,exponential,1.0,18,850118,1000,500,500,10,gate5a_minimum_repair/cache/datasets/sine_exponential_018.npz,gate5a_minimum_repair/cache/raw_predictions/sine_exponential_018.npz,gate5a_minimum_repair/cache/witnesses/sine_exponential_018.json,gate5a_minimum_repair/cache/certificates/sine_exponential_018.json
sine_exponential_019,sine_exponential,sine,exponential,1.0,19,850119,1000,500,500,10,gate5a_minimum_repair/cache/datasets/sine_exponential_019.npz,gate5a_minimum_repair/cache/raw_predictions/sine_exponential_019.npz,gate5a_minimum_repair/cache/witnesses/sine_exponential_019.json,gate5a_minimum_repair/cache/certificates/sine_exponential_019.json
