task_id,domain,mechanism,noise,graph_seed,predicted__constant,scale__constant,upper__constant,predicted__entropy,scale__entropy,upper__entropy,predicted__ood,scale__ood,upper__ood,predicted__self_compatibility,scale__self_compatibility,upper__self_compatibility,predicted__lovo,scale__lovo,upper__lovo,predicted__ordinary_risk_regression,scale__ordinary_risk_regression,upper__ordinary_risk_regression,predicted__threshold_aware,scale__threshold_aware,upper__threshold_aware,predicted__proposed_blpc,scale__proposed_blpc,upper__proposed_blpc,true_risk
dev_softsign_laplace_000,softsign_laplace,softsign,laplace,500000,0.29239654326888254,0.13729742233989856,0.5,0.3533702988239046,0.12474430101288997,0.5158642187506686,0.30041475462714207,0.1703243807790229,0.5125262672423647,0.3094222723258803,0.12154125869415593,0.4485432717990712,0.29595934970408627,0.1382544893206497,0.4413898283895638,0.3122688220968423,0.11735883086527935,0.4652716089031487,0.2947066277425724,0.09943014470304475,0.4868801831429238,0.32204387507070914,0.10173818030240349,0.5079759157308208,0.2727272727272727
dev_softsign_laplace_001,softsign_laplace,softsign,laplace,500001,0.29239654326888254,0.13729742233989856,0.5,0.3880181774103363,0.12474430101288997,0.5505120973371003,0.30422445548669463,0.1703243807790229,0.5163359681019173,0.3938910056319162,0.12154125869415593,0.533012005105107,0.32277241490092506,0.1382544893206497,0.4682028935864026,0.4160174740748697,0.11735883086527935,0.5690202608811761,0.4337322289504736,0.09943014470304475,0.625905784350825,0.4453245304477479,0.10173818030240349,0.6312565711078595,0.2777777777777778
dev_softsign_laplace_002,softsign_laplace,softsign,laplace,500002,0.29239654326888254,0.13729742233989856,0.5,0.34119734669702306,0.12474430101288997,0.5036912666237869,0.29882097183081263,0.1703243807790229,0.5109324844460353,0.37439822102283105,0.12154125869415593,0.5135192204960219,0.31466674470095984,0.1382544893206497,0.4600972233864374,0.37401752099335717,0.11735883086527935,0.5270203077996636,0.4293992260568188,0.09943014470304475,0.6215727814571702,0.407419570993235,0.10173818030240349,0.5933516116533466,0.2682926829268293
dev_softsign_laplace_003,softsign_laplace,softsign,laplace,500003,0.29239654326888254,0.13729742233989856,0.5,0.24968961250537497,0.12474430101288997,0.4121835324321389,0.30017259539774305,0.1703243807790229,0.5122841080129658,0.19246556467136908,0.12154125869415593,0.33158656414456,0.20252275891958285,0.1382544893206497,0.34795323760506036,0.1779200442347096,0.11735883086527935,0.33092283104101605,0.1683484603728561,0.09943014470304475,0.3605220157732075,0.1695929805782875,0.10173818030240349,0.35552502123839913,0.07692307692307698
dev_softsign_laplace_004,softsign_laplace,softsign,laplace,500004,0.29239654326888254,0.13729742233989856,0.5,0.3719570316943962,0.12474430101288997,0.5344509516211602,0.29713618900803507,0.1703243807790229,0.5092477016232577,0.285056291564524,0.12154125869415593,0.4241772910377149,0.2439529390231804,0.1382544893206497,0.3893834177086579,0.3637519712092367,0.11735883086527935,0.5167547580155432,0.3263907896206162,0.09943014470304475,0.5185643450209676,0.31771088995374897,0.10173818030240349,0.5036429306138606,0.36363636363636365
dev_softsign_laplace_005,softsign_laplace,softsign,laplace,500005,0.29239654326888254,0.13729742233989856,0.5,0.20850005399954866,0.12474430101288997,0.3709939739263126,0.3007097909062503,0.1703243807790229,0.512821303521473,0.20546075441075934,0.12154125869415593,0.34458175388395024,0.13777275957826432,0.1382544893206497,0.28320323826374183,0.1323500169849429,0.11735883086527935,0.2853528037912493,0.17760813690875435,0.09943014470304475,0.36978169230910574,0.18538588644447931,0.10173818030240349,0.371317927104591,0.1428571428571429
dev_softsign_laplace_006,softsign_laplace,softsign,laplace,500006,0.29239654326888254,0.13729742233989856,0.5,0.1645720299890895,0.12474430101288997,0.32706594991585347,0.30182710031008636,0.1703243807790229,0.5139386129253091,0.28180749412967643,0.12154125869415593,0.4209284936028673,0.21986777447354994,0.1382544893206497,0.3652982531590275,0.16727616082274058,0.11735883086527935,0.32027894762904696,0.19447987177183262,0.09943014470304475,0.38665342717218404,0.21131290365988992,0.10173818030240349,0.39724494432000157,0.23809523809523803
dev_softsign_laplace_007,softsign_laplace,softsign,laplace,500007,0.29239654326888254,0.13729742233989856,0.5,0.22173099258952242,0.12474430101288997,0.3842249125162863,0.298256293937809,0.1703243807790229,0.5103678065530317,0.25744151336831983,0.12154125869415593,0.39656251284151073,0.3095927188890814,0.1382544893206497,0.45502319757455895,0.20933158573764765,0.11735883086527935,0.36233437254395406,0.19772389205315427,0.09943014470304475,0.3898974474535057,0.20926682215739778,0.10173818030240349,0.39519886281750943,0.09090909090909094
dev_softsign_laplace_008,softsign_laplace,softsign,laplace,500008,0.29239654326888254,0.13729742233989856,0.5,0.31821174129035157,0.12474430101288997,0.4807056612171155,0.30131651349657484,0.1703243807790229,0.5134280261117976,0.31104667104330425,0.12154125869415593,0.45016767051649514,0.26727102109173806,0.1382544893206497,0.4127014997772156,0.29610144076827344,0.11735883086527935,0.44910422757457985,0.3359945011175661,0.09943014470304475,0.5281680565179175,0.335149317827733,0.10173818030240349,0.5210813584878446,0.4
dev_softsign_laplace_009,softsign_laplace,softsign,laplace,500009,0.29239654326888254,0.13729742233989856,0.5,0.3566603983059478,0.12474430101288997,0.5191543182327117,0.2943234180779087,0.1703243807790229,0.5064349306931314,0.29480268386906644,0.12154125869415593,0.43392368334225734,0.28276165151979876,0.1382544893206497,0.4281921302052763,0.3339621507492636,0.11735883086527935,0.48696493755557,0.3148513829533398,0.09943014470304475,0.5070249383536912,0.31538822325819077,0.10173818030240349,0.5013202639183024,0.2592592592592592
dev_softsign_gaussian_000,softsign_gaussian,softsign,gaussian,500010,0.29239654326888254,0.13729742233989856,0.5,0.3851279802698041,0.12474430101288997,0.5476219001965681,0.2974701203309775,0.1703243807790229,0.5095816329462002,0.37602261974025497,0.12154125869415593,0.5151436192134459,0.40423311235196036,0.1382544893206497,0.5496635910374379,0.41422085608644454,0.11735883086527935,0.567223642892751,0.3907608344977059,0.09943014470304475,0.5829343898980572,0.38993048486240345,0.10173818030240349,0.5758625255225152,0.33333333333333326
dev_softsign_gaussian_001,softsign_gaussian,softsign,gaussian,500011,0.29239654326888254,0.13729742233989856,0.5,0.3327778904585116,0.12474430101288997,0.4952718103852755,0.2953516634398803,0.1703243807790229,0.5074631760551029,0.28180749412967643,0.12154125869415593,0.4209284936028673,0.3353139396310565,0.1382544893206497,0.48074441831653403,0.3151259689855504,0.11735883086527935,0.4681287557918568,0.2587169347286102,0.09943014470304475,0.4508904901289616,0.26247784734059665,0.10173818030240349,0.4484098880007083,0.26315789473684215
dev_softsign_gaussian_002,softsign_gaussian,softsign,gaussian,500012,0.29239654326888254,0.13729742233989856,0.5,0.3934074604671033,0.12474430101288997,0.5559013803938673,0.29990381774030533,0.1703243807790229,0.512015330355528,0.32241746206527055,0.12154125869415593,0.46153846153846145,0.38871181987433834,0.1382544893206497,0.5341422985598159,0.38418321021257107,0.11735883086527935,0.5371859970188775,0.3984640743992549,0.09943014470304475,0.5906376297996063,0.3900633968084929,0.10173818030240349,0.5759954374686045,0.46153846153846145
dev_softsign_gaussian_003,softsign_gaussian,softsign,gaussian,500013,0.29239654326888254,0.13729742233989856,0.5,0.3354716683166139,0.12474430101288997,0.49796558824337783,0.29794920967013766,0.1703243807790229,0.5100607222853604,0.39226660691449255,0.12154125869415593,0.5313876063876835,0.3354899951214317,0.1382544893206497,0.4809204738069092,0.35796849967094974,0.11735883086527935,0.5109712864772562,0.42712502888525405,0.09943014470304475,0.6192985842856055,0.4305597449734602,0.10173818030240349,0.6164917856335719,0.52
dev_softsign_gaussian_004,softsign_gaussian,softsign,gaussian,500014,0.29239654326888254,0.13729742233989856,0.5,0.3766047317597112,0.12474430101288997,0.5390986516864751,0.2926336084553669,0.1703243807790229,0.5047451210705896,0.39876420178418764,0.12154125869415593,0.5378852012573785,0.38100879334993865,0.1382544893206497,0.5264392720354162,0.40622970401125713,0.11735883086527935,0.5592324908175635,0.4278641217450597,0.09943014470304475,0.6200376771454111,0.44627435611978594,0.10173818030240349,0.6322063967798977,0.3125000000000001
dev_softsign_gaussian_005,softsign_gaussian,softsign,gaussian,500015,0.29239654326888254,0.13729742233989856,0.5,0.3169756394207713,0.12474430101288997,0.4794695593475352,0.2989508041388488,0.1703243807790229,0.5110623167540715,0.2087095518456069,0.12154125869415593,0.3478305513187978,0.3024555327903871,0.1382544893206497,0.44788601147586465,0.26192189468656807,0.11735883086527935,0.4149246814928745,0.2541737416987962,0.09943014470304475,0.4463472970991476,0.23980894921542575,0.10173818030240349,0.42574098987553743,0.3846153846153847
dev_softsign_gaussian_006,softsign_gaussian,softsign,gaussian,500016,0.29239654326888254,0.13729742233989856,0.5,0.40267578156578376,0.12474430101288997,0.5651697014925476,0.30550416644237904,0.1703243807790229,0.5176156790576018,0.3500322402614747,0.12154125869415593,0.4891532397346656,0.3836350317547481,0.1382544893206497,0.5290655104402257,0.4107395762263223,0.11735883086527935,0.5637423630326287,0.4106331583847339,0.09943014470304475,0.6028067137850853,0.38360930046888475,0.10173818030240349,0.5695413411289965,0.4666666666666667
dev_softsign_gaussian_007,softsign_gaussian,softsign,gaussian,500017,0.29239654326888254,0.13729742233989856,0.5,0.3934252395360957,0.12474430101288997,0.5559191594628596,0.2803260013213298,0.1703243807790229,0.4924375139365525,0.32404186078269426,0.12154125869415593,0.46316286025588516,0.41686544130810393,0.1382544893206497,0.5622959199935815,0.3894335767305772,0.11735883086527935,0.5424363635368836,0.39634284200013514,0.09943014470304475,0.5885163974004866,0.38018436707050385,0.10173818030240349,0.5661164077306156,0.3939393939393939
dev_softsign_gaussian_008,softsign_gaussian,softsign,gaussian,500018,0.29239654326888254,0.13729742233989856,0.5,0.333529701427194,0.12474430101288997,0.49602362135395794,0.2642701246296985,0.1703243807790229,0.4763816372449212,0.36790062615313596,0.12154125869415593,0.5070216256263269,0.3480898793215485,0.1382544893206497,0.49352035800702604,0.3148525620224176,0.11735883086527935,0.46785534882872404,0.33891172300394196,0.09943014470304475,0.5310852784042934,0.35788546877429317,0.10173818030240349,0.5438175094344049,0.4193548387096774
dev_softsign_gaussian_009,softsign_gaussian,softsign,gaussian,500019,0.29239654326888254,0.13729742233989856,0.5,0.4270355286872287,0.12474430101288997,0.5895294486139926,0.2975592242746868,0.1703243807790229,0.5096707368899095,0.5936920478750396,0.12154125869415593,0.7328130473482305,0.40596039686674845,0.1382544893206497,0.551390875552226,0.4437934894638561,0.11735883086527935,0.5967962762701625,0.566782936087322,0.09943014470304475,0.7589564914876734,0.5715253241555888,0.10173818030240349,0.7574573648157004,0.5
dev_softsign_student_t8_000,softsign_student_t8,softsign,student_t8,500020,0.29239654326888254,0.13729742233989856,0.5,0.44379070767804574,0.12474430101288997,0.6062846276048097,0.29981410889821924,0.1703243807790229,0.511925621513442,0.5384624914826316,0.12154125869415593,0.6775834909558225,0.38001940615311197,0.1382544893206497,0.5254498848385896,0.4478153711171956,0.11735883086527935,0.600818157923502,0.5012181270808279,0.09943014470304475,0.6933916824811793,0.4774168710760579,0.10173818030240349,0.6633489117361695,0.4893617021276595
dev_softsign_student_t8_001,softsign_student_t8,softsign,student_t8,500021,0.29239654326888254,0.13729742233989856,0.5,0.34471803747940577,0.12474430101288997,0.5072119574061698,0.30002995745454375,0.1703243807790229,0.5121414700697664,0.28668069028194765,0.12154125869415593,0.42580168975513855,0.37002739554258657,0.1382544893206497,0.5154578742280641,0.31237892448759164,0.11735883086527935,0.46538171129389805,0.2842781650938327,0.09943014470304475,0.4764517204941841,0.2952380313621203,0.10173818030240349,0.48117007202223194,0.30434782608695654
dev_softsign_student_t8_002,softsign_student_t8,softsign,student_t8,500022,0.29239654326888254,0.13729742233989856,0.5,0.34361883504295476,0.12474430101288997,0.5061127549697186,0.29763288701650154,0.1703243807790229,0.5097443996317242,0.36790062615313596,0.12154125869415593,0.5070216256263269,0.3376774086989104,0.1382544893206497,0.4831078873843879,0.34199292477994153,0.11735883086527935,0.49499571158624794,0.3622516940428128,0.09943014470304475,0.5544252494431643,0.38352360250634715,0.10173818030240349,0.5694556431664588,0.29032258064516125
dev_softsign_student_t8_003,softsign_student_t8,softsign,student_t8,500023,0.29239654326888254,0.13729742233989856,0.5,0.38654701617940057,0.12474430101288997,0.5490409361061646,0.3047476024101174,0.1703243807790229,0.5168591150253401,0.2996758800213379,0.12154125869415593,0.4387968794945288,0.3285940083173843,0.1382544893206497,0.4740244870028618,0.374160187753531,0.11735883086527935,0.5271629745598374,0.3705721318088957,0.09943014470304475,0.5627456872092471,0.3539287585169058,0.10173818030240349,0.5398607991770175,0.36
dev_softsign_student_t8_004,softsign_student_t8,softsign,student_t8,500024,0.29239654326888254,0.13729742233989856,0.5,0.3066863517648371,0.12474430101288997,0.46918027169160104,0.30676576005210165,0.1703243807790229,0.5188772726673243,0.24931951978120104,0.12154125869415593,0.38844051925439194,0.3521017504818901,0.1382544893206497,0.4975322291673676,0.28484997856796807,0.11735883086527935,0.4378527653742745,0.3114077668959412,0.09943014470304475,0.5035813222962926,0.3033048976312251,0.10173818030240349,0.48923693829133674,0.15384615384615385
dev_softsign_student_t8_005,softsign_student_t8,softsign,student_t8,500025,0.29239654326888254,0.13729742233989856,0.5,0.26286348791925307,0.12474430101288997,0.425357407846017,0.2748371694726527,0.1703243807790229,0.4869486820878754,0.3662762274357123,0.12154125869415593,0.5053972269089032,0.4099180028241635,0.1382544893206497,0.555348481509641,0.3034304941793886,0.11735883086527935,0.456433280985695,0.31505242631733466,0.09943014470304475,0.5072259817176861,0.33202643945777455,0.10173818030240349,0.5179584801178863,0.31034482758620685
dev_softsign_student_t8_006,softsign_student_t8,softsign,student_t8,500026,0.29239654326888254,0.13729742233989856,0.5,0.3920372666429014,0.12474430101288997,0.5545311865696654,0.2934056663482122,0.1703243807790229,0.505517178963435,0.39064220819706885,0.12154125869415593,0.5297632076702598,0.3951745676281721,0.1382544893206497,0.5406050463136496,0.38934190956503195,0.11735883086527935,0.5423446963713383,0.3868708784299667,0.09943014470304475,0.5790444338303181,0.405054008341735,0.10173818030240349,0.5909860490018466,0.4545454545454545
dev_softsign_student_t8_007,softsign_student_t8,softsign,student_t8,500027,0.29239654326888254,0.13729742233989856,0.5,0.3869300749400462,0.12474430101288997,0.5494239948668102,0.3006545558683236,0.1703243807790229,0.5127660684835463,0.5043501184167326,0.12154125869415593,0.6434711178899235,0.35625964029655477,0.1382544893206497,0.5016901189820323,0.4220516922575852,0.11735883086527935,0.5750544790638916,0.5014066239359352,0.09943014470304475,0.6935801793362866,0.49327479670061336,0.10173818030240349,0.679206837360725,0.4999999999999999
dev_softsign_student_t8_008,softsign_student_t8,softsign,student_t8,500028,0.29239654326888254,0.13729742233989856,0.5,0.2822372256412087,0.12474430101288997,0.4447311455679726,0.3062154486861142,0.1703243807790229,0.5183269613013369,0.21845594415014935,0.12154125869415593,0.35757694362334025,0.3173101883699314,0.1382544893206497,0.46274066705540895,0.2435260908189566,0.11735883086527935,0.396528877625263,0.2048411439709709,0.09943014470304475,0.3970146993713223,0.20181274689969353,0.10173818030240349,0.3877447875598052,0.0
dev_softsign_student_t8_009,softsign_student_t8,softsign,student_t8,500029,0.29239654326888254,0.13729742233989856,0.5,0.35105398258051174,0.12474430101288997,0.5135479025072757,0.29765066733944456,0.1703243807790229,0.5097621799546672,0.3695250248705598,0.12154125869415593,0.5086460243437507,0.3899641698238776,0.1382544893206497,0.5353946485093551,0.37045902978647727,0.11735883086527935,0.5234618165927837,0.3630907714473065,0.09943014470304475,0.5552643268476579,0.38591280890192714,0.10173818030240349,0.5718448495620387,0.3939393939393939
dev_softsign_student_t3_000,softsign_student_t3,softsign,student_t3,500030,0.29239654326888254,0.13729742233989856,0.5,0.2250906479622263,0.12474430101288997,0.3875845678889902,0.275338391937718,0.1703243807790229,0.4874499045529407,0.23469993132438716,0.12154125869415593,0.37382093079757805,0.21535310802426177,0.1382544893206497,0.3607835867097393,0.1814460212135613,0.11735883086527935,0.3344488080198677,0.21447567984088492,0.09943014470304475,0.4066492352412363,0.20558141623663923,0.10173818030240349,0.3915134568967509,0.23809523809523803
dev_softsign_student_t3_001,softsign_student_t3,softsign,student_t3,500031,0.29239654326888254,0.13729742233989856,0.5,0.24772479586916238,0.12474430101288997,0.4102187157959263,0.29064406115898916,0.1703243807790229,0.5027555737742119,0.23957312747665838,0.12154125869415593,0.3786941269498493,0.2212119328980545,0.1382544893206497,0.36664241158353206,0.2362837382744303,0.11735883086527935,0.3892865250807367,0.19447195882846857,0.09943014470304475,0.38664551422882,0.19915709256354816,0.10173818030240349,0.3850891332236598,0.08333333333333337
dev_softsign_student_t3_002,softsign_student_t3,softsign,student_t3,500032,0.29239654326888254,0.13729742233989856,0.5,0.26557318956001635,0.12474430101288997,0.4280671094867803,0.26364810627927493,0.1703243807790229,0.47575961889449764,0.2590659120857437,0.12154125869415593,0.3981869115589346,0.18190833836306414,0.1382544893206497,0.3273388170485417,0.21908095318721543,0.11735883086527935,0.37208373999352184,0.2245041159895009,0.09943014470304475,0.41667767138985234,0.23734322578080858,0.10173818030240349,0.42327526644092023,0.26315789473684215
dev_softsign_student_t3_003,softsign_student_t3,softsign,student_t3,500033,0.29239654326888254,0.13729742233989856,0.5,0.2675407909714644,0.12474430101288997,0.4300347108982283,0.29741557710463834,0.1703243807790229,0.509527089719861,0.2087095518456069,0.12154125869415593,0.3478305513187978,0.14519504309343842,0.1382544893206497,0.290625521778916,0.15643345694823768,0.11735883086527935,0.3094362437545441,0.30755831021418556,0.09943014470304475,0.499731865614537,0.3018589710084489,0.10173818030240349,0.48779101166856054,0.19999999999999996
dev_softsign_student_t3_004,softsign_student_t3,softsign,student_t3,500034,0.29239654326888254,0.13729742233989856,0.5,0.23750608007323598,0.12474430101288997,0.3999999999999999,0.26570388324919403,0.1703243807790229,0.47781539586441674,0.34678344282662715,0.12154125869415593,0.48590444229981805,0.32739153517415753,0.1382544893206497,0.47282201385963507,0.2592939538335549,0.11735883086527935,0.4122967406398613,0.28837131952512807,0.09943014470304475,0.4805448749254795,0.29272313455500726,0.10173818030240349,0.4786551752151189,0.3999999999999999
dev_softsign_student_t3_005,softsign_student_t3,softsign,student_t3,500035,0.29239654326888254,0.13729742233989856,0.5,0.27609723569926264,0.12474430101288997,0.4385911556260266,0.28531757429256943,0.1703243807790229,0.49742908690779214,0.19084116595394543,0.12154125869415593,0.3299621654271363,0.11653305806389433,0.1382544893206497,0.2619635367493719,0.19349592064886656,0.11735883086527935,0.34649870745517297,0.2001073436183949,0.09943014470304475,0.3922808990187463,0.19231448714650784,0.10173818030240349,0.3782465278066195,0.07692307692307698
dev_softsign_student_t3_006,softsign_student_t3,softsign,student_t3,500036,0.29239654326888254,0.13729742233989856,0.5,0.23327821719344366,0.12474430101288997,0.3957721371202076,0.2800297938361312,0.1703243807790229,0.4921413064513539,0.25744151336831983,0.12154125869415593,0.39656251284151073,0.31762030008442677,0.1382544893206497,0.4630507787699043,0.23142173795363863,0.11735883086527935,0.38442452475994504,0.2488965854928841,0.09943014470304475,0.4410701408932355,0.24364990848343626,0.10173818030240349,0.4295819491435479,0.2142857142857144
dev_softsign_student_t3_007,softsign_student_t3,softsign,student_t3,500037,0.29239654326888254,0.13729742233989856,0.5,0.2571633183785292,0.12474430101288997,0.4196572383052931,0.27151619778657593,0.1703243807790229,0.48362771040179864,0.20546075441075934,0.12154125869415593,0.34458175388395024,0.22512688372660863,0.1382544893206497,0.37055736241208614,0.2038454179035788,0.11735883086527935,0.3568482047098852,0.22077209644029233,0.09943014470304475,0.41294565184064375,0.2012020450023939,0.10173818030240349,0.3871340856625055,0.1428571428571428
dev_softsign_student_t3_008,softsign_student_t3,softsign,student_t3,500038,0.29239654326888254,0.13729742233989856,0.5,0.25371177539541195,0.12474430101288997,0.4162056953221759,0.2814914266656225,0.1703243807790229,0.4936029392808452,0.2379487287592347,0.12154125869415593,0.37706972823242557,0.2362787717855507,0.1382544893206497,0.3817092504710282,0.24226736649099334,0.11735883086527935,0.39527015329729975,0.18909549661880828,0.09943014470304475,0.3812690520191597,0.19278174806711024,0.10173818030240349,0.3787137887272219,0.0
dev_softsign_student_t3_009,softsign_student_t3,softsign,student_t3,500039,0.29239654326888254,0.13729742233989856,0.5,0.19518291085354078,0.12474430101288997,0.3576768307803047,0.2685699874989631,0.1703243807790229,0.4806815001141858,0.35977863256601716,0.12154125869415593,0.49889963203920806,0.3254822874734487,0.1382544893206497,0.47091276615892624,0.24052055995004712,0.11735883086527935,0.39352334675635353,0.2585656814507362,0.09943014470304475,0.45073923685108763,0.2801836743557987,0.10173818030240349,0.46611571501591037,0.2142857142857143
dev_sine_laplace_000,sine_laplace,sine,laplace,500040,0.29239654326888254,0.13729742233989856,0.5,0.26764669855836043,0.12474430101288997,0.43014061848512436,0.28660573359495467,0.1703243807790229,0.4987172462101774,0.2233291403024208,0.12154125869415593,0.3624501397756117,0.29680957068939967,0.1382544893206497,0.4422400493748772,0.28700728258804453,0.11735883086527935,0.44001006939435094,0.2589992303023321,0.09943014470304475,0.4511727857026835,0.24731735255824872,0.10173818030240349,0.43324939321836037,0.29999999999999993
dev_sine_laplace_001,sine_laplace,sine,laplace,500041,0.29239654326888254,0.13729742233989856,0.5,0.2525003438373782,0.12474430101288997,0.4149942637641421,0.28801353493388904,0.1703243807790229,0.5001250475491117,0.2688123043902862,0.12154125869415593,0.4079333038634771,0.28708788693110576,0.1382544893206497,0.4325183656165833,0.2458983889077171,0.11735883086527935,0.3989011757140235,0.2132470581681203,0.09943014470304475,0.4054206135684717,0.23957468515623426,0.10173818030240349,0.4255067258163459,0.33333333333333337
dev_sine_laplace_002,sine_laplace,sine,laplace,500042,0.29239654326888254,0.13729742233989856,0.5,0.3273795146316377,0.12474430101288997,0.48987343455840165,0.2934956592910119,0.1703243807790229,0.5056071719062346,0.3207930633478467,0.12154125869415593,0.4599140628210376,0.2998669340588047,0.1382544893206497,0.44529741274428225,0.36789052643947223,0.11735883086527935,0.5208933132457787,0.3290476483710148,0.09943014470304475,0.5212212037713662,0.3334904191019538,0.10173818030240349,0.5194224597620655,0.2413793103448275
dev_sine_laplace_003,sine_laplace,sine,laplace,500043,0.29239654326888254,0.13729742233989856,0.5,0.25665291436339865,0.12474430101288997,0.4191468342901626,0.28959525666923264,0.1703243807790229,0.5017067692844553,0.24931951978120104,0.12154125869415593,0.38844051925439194,0.18340555091699284,0.1382544893206497,0.3288360296024704,0.23978535523850625,0.11735883086527935,0.39278814204481266,0.26515387896261094,0.09943014470304475,0.45732743436296236,0.25873579173346745,0.10173818030240349,0.4446678323935791,0.41176470588235303
dev_sine_laplace_004,sine_laplace,sine,laplace,500044,0.29239654326888254,0.13729742233989856,0.5,0.32892210622536555,0.12474430101288997,0.4914160261521295,0.28942231719460876,0.1703243807790229,0.5015338298098315,0.34678344282662693,0.12154125869415593,0.48590444229981783,0.3109451304038112,0.1382544893206497,0.45637560908928876,0.33479055043633715,0.11735883086527935,0.48779333724264357,0.3147483070720696,0.09943014470304475,0.506921862472421,0.3171341817552926,0.10173818030240349,0.5030662224154043,0.33333333333333326
dev_sine_laplace_005,sine_laplace,sine,laplace,500045,0.29239654326888254,0.13729742233989856,0.5,0.3556169898755244,0.12474430101288997,0.5181109098022884,0.28746672956636254,0.1703243807790229,0.49957824218158525,0.4020129992190352,0.12154125869415593,0.5411339986922261,0.35875431298152577,0.1382544893206497,0.5041847916670033,0.3948742002383514,0.11735883086527935,0.5478769870446578,0.40683313161184914,0.09943014470304475,0.5990066870122006,0.4032127505417735,0.10173818030240349,0.5891447912018852,0.29729729729729726
dev_sine_laplace_006,sine_laplace,sine,laplace,500046,0.29239654326888254,0.13729742233989856,0.5,0.24114577959321098,0.12474430101288997,0.4036396995199749,0.28575648373010026,0.1703243807790229,0.49786799634532297,0.2525683172160486,0.12154125869415593,0.3916893166892395,0.25976157758458934,0.1382544893206497,0.4051920562700669,0.253753420604435,0.11735883086527935,0.4067562074107414,0.21554662094683277,0.09943014470304475,0.40772017634718416,0.21643838595327886,0.10173818030240349,0.4023704266133905,0.1578947368421052
dev_sine_laplace_007,sine_laplace,sine,laplace,500047,0.29239654326888254,0.13729742233989856,0.5,0.35936404830055046,0.12474430101288997,0.5218579682273143,0.2911438085268391,0.1703243807790229,0.5032553211420618,0.21195834928045443,0.12154125869415593,0.3510793487536453,0.1504011642829516,0.1382544893206497,0.2958316429684291,0.3766757839119549,0.11735883086527935,0.5296785707182613,0.35148038750744887,0.09943014470304475,0.5436539429078002,0.3306839837732467,0.10173818030240349,0.5166160244333584,0.26315789473684215
dev_sine_laplace_008,sine_laplace,sine,laplace,500048,0.29239654326888254,0.13729742233989856,0.5,0.26251723736020005,0.12474430101288997,0.425011157286964,0.2800903684606544,0.1703243807790229,0.4922018810758771,0.2688123043902862,0.12154125869415593,0.4079333038634771,0.3299576476238565,0.1382544893206497,0.475388126309334,0.2618414879599673,0.11735883086527935,0.4148442747662737,0.18608063438954664,0.09943014470304475,0.37825418978989805,0.20774500568033083,0.10173818030240349,0.3936770463404425,0.1428571428571428
dev_sine_laplace_009,sine_laplace,sine,laplace,500049,0.29239654326888254,0.13729742233989856,0.5,0.32806941275088997,0.12474430101288997,0.4905633326776539,0.29202519135017957,0.1703243807790229,0.5041367039654023,0.2996758800213379,0.12154125869415593,0.4387968794945288,0.3212222508568202,0.1382544893206497,0.46665272954229775,0.3370776861276655,0.11735883086527935,0.4900804729339719,0.3374635709621385,0.09943014470304475,0.5296371263624899,0.33527019443750095,0.10173818030240349,0.5212022350976127,0.3846153846153847
dev_sine_gaussian_000,sine_gaussian,sine,gaussian,500050,0.29239654326888254,0.13729742233989856,0.5,0.32141725775187824,0.12474430101288997,0.48391117767864217,0.2894444211843052,0.1703243807790229,0.5015559337995279,0.3175442659129991,0.12154125869415593,0.45666526538619,0.32240865906739113,0.1382544893206497,0.4678391377528687,0.33448253115281973,0.11735883086527935,0.48748531795912614,0.28906958798188576,0.09943014470304475,0.48124314338223717,0.30760077837101524,0.10173818030240349,0.4935328190311269,0.368421052631579
dev_sine_gaussian_001,sine_gaussian,sine,gaussian,500051,0.29239654326888254,0.13729742233989856,0.5,0.3208634085036112,0.12474430101288997,0.48335732843037515,0.2860467806905545,0.1703243807790229,0.4981582933057772,0.24444632362892982,0.12154125869415593,0.3835673231021207,0.30184744358920795,0.1382544893206497,0.4472779222746855,0.31300736943481117,0.11735883086527935,0.4660101562411176,0.22385221744458955,0.09943014470304475,0.41602577284494097,0.2349468635540508,0.10173818030240349,0.42087890421416246,0.2857142857142857
dev_sine_gaussian_002,sine_gaussian,sine,gaussian,500052,0.29239654326888254,0.13729742233989856,0.5,0.3244949204272409,0.12474430101288997,0.4869888403540048,0.29493056079777263,0.1703243807790229,0.5070420734129953,0.3419102466743557,0.12154125869415593,0.4810312461475466,0.3818163187996218,0.1382544893206497,0.5272467974850994,0.3778616576894068,0.11735883086527935,0.5308644444957132,0.3225998863681969,0.09943014470304475,0.5147734417685483,0.32794166234590766,0.10173818030240349,0.5138737030060193,0.24137931034482762
dev_sine_gaussian_003,sine_gaussian,sine,gaussian,500053,0.29239654326888254,0.13729742233989856,0.5,0.2746901410221294,0.12474430101288997,0.43718406094889334,0.28487130984738185,0.1703243807790229,0.49698282246260456,0.4588669543288672,0.12154125869415593,0.597987953802058,0.39696023802610425,0.1382544893206497,0.5423907167115818,0.38017863577281835,0.11735883086527935,0.5331814225791247,0.34449683399148334,0.09943014470304475,0.5366703893918348,0.36342360939713914,0.10173818030240349,0.5493556500572507,0.38095238095238093
dev_sine_gaussian_004,sine_gaussian,sine,gaussian,500054,0.29239654326888254,0.13729742233989856,0.5,0.32454712011126297,0.12474430101288997,0.4870410400380269,0.30318901103203294,0.1703243807790229,0.5153005236472556,0.4003886005016113,0.12154125869415593,0.5395095999748022,0.37411410953313595,0.1382544893206497,0.5195445882186135,0.3947811167288588,0.11735883086527935,0.5477839035351653,0.37596600910145994,0.09943014470304475,0.5681395645018114,0.3847499693884532,0.10173818030240349,0.5706820100485648,0.3529411764705882
dev_sine_gaussian_005,sine_gaussian,sine,gaussian,500055,0.29239654326888254,0.13729742233989856,0.5,0.3919139302310342,0.12474430101288997,0.5544078501577981,0.29306282476447293,0.1703243807790229,0.5051743373796956,0.3354126518046606,0.12154125869415593,0.4745336512778515,0.3252795085242421,0.1382544893206497,0.4707099872097196,0.3987853904253863,0.11735883086527935,0.5517881772316927,0.3196513844661612,0.09943014470304475,0.5118249398665127,0.35097898325144,0.10173818030240349,0.5369110239115517,0.4444444444444444
dev_sine_gaussian_006,sine_gaussian,sine,gaussian,500056,0.29239654326888254,0.13729742233989856,0.5,0.3267036280496869,0.12474430101288997,0.4891975479764508,0.2931820811818249,0.1703243807790229,0.5052935937970476,0.36790062615313596,0.12154125869415593,0.5070216256263269,0.37310807941900465,0.1382544893206497,0.5185385581044821,0.3923509100769354,0.11735883086527935,0.5453536968832418,0.35976921144353935,0.09943014470304475,0.5519427668438908,0.36708108819278784,0.10173818030240349,0.5530131288528994,0.29032258064516125
dev_sine_gaussian_007,sine_gaussian,sine,gaussian,500057,0.29239654326888254,0.13729742233989856,0.5,0.36065590173319484,0.12474430101288997,0.5231498216599588,0.2926853009940287,0.1703243807790229,0.5047968136092513,0.31754426591299934,0.12154125869415593,0.45666526538619023,0.3628534625361516,0.1382544893206497,0.5082839412216291,0.41468298974295165,0.11735883086527935,0.567685776549258,0.3750005378919225,0.09943014470304475,0.567174093292274,0.38382476645476593,0.10173818030240349,0.5697568071148775,0.3076923076923077
dev_sine_gaussian_008,sine_gaussian,sine,gaussian,500058,0.29239654326888254,0.13729742233989856,0.5,0.36290086151718304,0.12474430101288997,0.525394781443947,0.2878884873847772,0.1703243807790229,0.4999999999999999,0.6375508132454815,0.12154125869415593,0.7766718127186724,0.3964718583176861,0.1382544893206497,0.5419023370031637,0.4822765669856747,0.11735883086527935,0.6352793537919812,0.5005964253647838,0.09943014470304475,0.6927699807651352,0.5250407038929024,0.10173818030240349,0.7109727445530141,0.4999999999999999
dev_sine_gaussian_009,sine_gaussian,sine,gaussian,500059,0.29239654326888254,0.13729742233989856,0.5,0.29374126016853863,0.12474430101288997,0.45623518009530256,0.28717800174557917,0.1703243807790229,0.4992895143608019,0.3435346453917796,0.12154125869415593,0.4826556448649705,0.34721023189168965,0.1382544893206497,0.4926407105771672,0.34244929091248166,0.11735883086527935,0.4954520777187881,0.3146438933357621,0.09943014470304475,0.5068174487361135,0.3378848480388146,0.10173818030240349,0.5238168886989263,0.20000000000000007
dev_sine_student_t8_000,sine_student_t8,sine,student_t8,500060,0.29239654326888254,0.13729742233989856,0.5,0.3061675157511657,0.12474430101288997,0.4686614356779296,0.2973085320429395,0.1703243807790229,0.5094200446581623,0.31916866463042304,0.12154125869415593,0.45828966410361394,0.3485490089877653,0.1382544893206497,0.49397948767324285,0.32411069242468715,0.11735883086527935,0.47711347923099356,0.2823443650182189,0.09943014470304475,0.4745179204185703,0.2963564406713016,0.10173818030240349,0.4822884813314133,0.36
dev_sine_student_t8_001,sine_student_t8,sine,student_t8,500061,0.29239654326888254,0.13729742233989856,0.5,0.3353015411775445,0.12474430101288997,0.49779546110430845,0.2883418707799013,0.1703243807790229,0.500453383395124,0.2964270825864903,0.12154125869415593,0.4355480820596812,0.26867123699615564,0.1382544893206497,0.4141017156816332,0.3548769366665506,0.11735883086527935,0.507879723472857,0.4158128673739032,0.09943014470304475,0.6079864227742546,0.40454253502980553,0.10173818030240349,0.5904745756899172,0.3913043478260869
dev_sine_student_t8_002,sine_student_t8,sine,student_t8,500062,0.29239654326888254,0.13729742233989856,0.5,0.3678516519399151,0.12474430101288997,0.530345571866679,0.2998756108354746,0.1703243807790229,0.5119871234506973,0.28668069028194765,0.12154125869415593,0.42580168975513855,0.3156097562433493,0.1382544893206497,0.46104023492882684,0.3871091581243804,0.11735883086527935,0.5401119449306868,0.3653508187925755,0.09943014470304475,0.557524374192927,0.3548063708637139,0.10173818030240349,0.5407384115238256,0.4193548387096774
dev_sine_student_t8_003,sine_student_t8,sine,student_t8,500063,0.29239654326888254,0.13729742233989856,0.5,0.3172515978102859,0.12474430101288997,0.4797455177370498,0.2974447830012969,0.1703243807790229,0.5095562956165196,0.31916866463042304,0.12154125869415593,0.45828966410361394,0.30648225905026155,0.1382544893206497,0.4519127377357391,0.34557341015804316,0.11735883086527935,0.49857619696434957,0.34136447960921296,0.09943014470304475,0.5335380350095644,0.32743336276140944,0.10173818030240349,0.5133654034215211,0.3793103448275862
dev_sine_student_t8_004,sine_student_t8,sine,student_t8,500064,0.29239654326888254,0.13729742233989856,0.5,0.2604017894790129,0.12474430101288997,0.4228957094057768,0.2848399483416024,0.1703243807790229,0.49695146095682513,0.2639391082380149,0.12154125869415593,0.4030601077112058,0.3305594208844168,0.1382544893206497,0.47598989956989435,0.2611868887047848,0.11735883086527935,0.4141896755110912,0.21485569946330746,0.09943014470304475,0.4070292548636589,0.2078605313474633,0.10173818030240349,0.39379257200757495,0.30434782608695654
dev_sine_student_t8_005,sine_student_t8,sine,student_t8,500065,0.29239654326888254,0.13729742233989856,0.5,0.39901817697337816,0.12474430101288997,0.5615120969001421,0.29766889538961666,0.1703243807790229,0.5097804080048394,0.26231470952059105,0.12154125869415593,0.40143570899378195,0.2948479583137092,0.1382544893206497,0.44027843699918673,0.40569939214086154,0.11735883086527935,0.558702178947168,0.4316437237421904,0.09943014470304475,0.6238172791425418,0.40275391143932515,0.10173818030240349,0.5886859520994367,0.33333333333333337
dev_sine_student_t8_006,sine_student_t8,sine,student_t8,500066,0.29239654326888254,0.13729742233989856,0.5,0.34525286555660617,0.12474430101288997,0.5077467854833702,0.2848285851836263,0.1703243807790229,0.496940097798849,0.38739341076222134,0.12154125869415593,0.5265144102354122,0.37491691666264837,0.1382544893206497,0.5203473953481259,0.3838445944624965,0.11735883086527935,0.5368473812688029,0.42717139395675807,0.09943014470304475,0.6193449493571095,0.44939495735849033,0.10173818030240349,0.635326998018602,0.4666666666666667
dev_sine_student_t8_007,sine_student_t8,sine,student_t8,500067,0.29239654326888254,0.13729742233989856,0.5,0.3193993717853801,0.12474430101288997,0.481893291712144,0.2921532360816277,0.1703243807790229,0.5042647486968503,0.23957312747665838,0.12154125869415593,0.3786941269498493,0.2990139657589669,0.1382544893206497,0.4444444444444444,0.2928412166759552,0.11735883086527935,0.4458440034822616,0.252270889044093,0.09943014470304475,0.4444444444444444,0.25851240378433277,0.10173818030240349,0.4444444444444444,0.4444444444444444
dev_sine_student_t8_008,sine_student_t8,sine,student_t8,500068,0.29239654326888254,0.13729742233989856,0.5,0.29017154315061255,0.12474430101288997,0.4526654630773765,0.28607352356405935,0.1703243807790229,0.49818503617928206,0.3451590441092033,0.12154125869415593,0.4842800435823942,0.29199922412763746,0.1382544893206497,0.437429702813115,0.3445112749364429,0.11735883086527935,0.4975140617427493,0.26874563715362937,0.09943014470304475,0.4609191925539808,0.27750159982713013,0.10173818030240349,0.4634336404872418,0.4814814814814814
dev_sine_student_t8_009,sine_student_t8,sine,student_t8,500069,0.29239654326888254,0.13729742233989856,0.5,0.2854505259521379,0.12474430101288997,0.4479444458789018,0.28576434573291926,0.1703243807790229,0.49787585834814196,0.33866144923950814,0.12154125869415593,0.47778244871269904,0.3308340378238718,0.1382544893206497,0.4762645165093493,0.318028141043815,0.11735883086527935,0.4710309278501214,0.30253739856324374,0.09943014470304475,0.49471095396359516,0.308840812082506,0.10173818030240349,0.4947728527426177,0.40740740740740744
dev_sine_student_t3_000,sine_student_t3,sine,student_t3,500070,0.29239654326888254,0.13729742233989856,0.5,0.34197586748279807,0.12474430101288997,0.504469787409562,0.3002897207607486,0.1703243807790229,0.5124012333759713,0.39226660691449255,0.12154125869415593,0.5313876063876835,0.29016284259810804,0.1382544893206497,0.4355933212835856,0.36991092626788197,0.11735883086527935,0.5229137130741883,0.37486937739530446,0.09943014470304475,0.5670429327956559,0.3933407036168684,0.10173818030240349,0.5792727442769801,0.2432432432432432
dev_sine_student_t3_001,sine_student_t3,sine,student_t3,500071,0.29239654326888254,0.13729742233989856,0.5,0.3514686786157767,0.12474430101288997,0.5139625985425407,0.2896494116527598,0.1703243807790229,0.5017609242679826,0.3695250248705598,0.12154125869415593,0.5086460243437507,0.2583782831585888,0.1382544893206497,0.40380876184406633,0.37972916191773765,0.11735883086527935,0.5327319487240441,0.370626953731641,0.09943014470304475,0.5628005091319924,0.39057471159280577,0.10173818030240349,0.5765067522529175,0.3793103448275862
dev_sine_student_t3_002,sine_student_t3,sine,student_t3,500072,0.29239654326888254,0.13729742233989856,0.5,0.2319400081394574,0.12474430101288997,0.39443392806622135,0.28917774430661813,0.1703243807790229,0.5012892569218408,0.27855869669482886,0.12154125869415593,0.41767969616801975,0.2317792128883728,0.1382544893206497,0.3772096915738503,0.197958858874695,0.11735883086527935,0.3509616456810014,0.233922219834236,0.09943014470304475,0.4260957752345874,0.23740443087639718,0.10173818030240349,0.42333647153650883,0.33333333333333337
dev_sine_student_t3_003,sine_student_t3,sine,student_t3,500073,0.29239654326888254,0.13729742233989856,0.5,0.2876927675641596,0.12474430101288997,0.45018668749092355,0.2862470916239179,0.1703243807790229,0.49835860423914063,0.27206110182513377,0.12154125869415593,0.41118210129832466,0.2754270799441553,0.1382544893206497,0.4208575586296328,0.2861491367704555,0.11735883086527935,0.4391519235767619,0.25760897028002855,0.09943014470304475,0.44978252568037996,0.25598888121239816,0.10173818030240349,0.4419209218725098,0.4545454545454546
dev_sine_student_t3_004,sine_student_t3,sine,student_t3,500074,0.29239654326888254,0.13729742233989856,0.5,0.26249197012955133,0.12474430101288997,0.42498589005631526,0.28130587930679374,0.1703243807790229,0.49341739192201645,0.2558171146508962,0.12154125869415593,0.3949381141240871,0.2351593569542228,0.1382544893206497,0.38058983563970034,0.2526114694941147,0.11735883086527935,0.40561425630042114,0.22120032557114178,0.09943014470304475,0.4133738809714932,0.21252165405234452,0.10173818030240349,0.3984536947124562,0.19999999999999996
dev_sine_student_t3_005,sine_student_t3,sine,student_t3,500075,0.29239654326888254,0.13729742233989856,0.5,0.3575654897153023,0.12474430101288997,0.5200594096420662,0.2854148366004603,0.1703243807790229,0.497526349215683,0.25744151336831983,0.12154125869415593,0.39656251284151073,0.20513786353884578,0.1382544893206497,0.3505683422243233,0.30488219787432896,0.11735883086527935,0.4578849846806354,0.3048506133208028,0.09943014470304475,0.49702416872115424,0.2977861391346756,0.10173818030240349,0.48371817979478726,0.23809523809523803
dev_sine_student_t3_006,sine_student_t3,sine,student_t3,500076,0.29239654326888254,0.13729742233989856,0.5,0.15982152285546575,0.12474430101288997,0.3223154427822297,0.28572460212724576,0.1703243807790229,0.49783611474246847,0.2379487287592347,0.12154125869415593,0.37706972823242557,0.24661347799553682,0.1382544893206497,0.3920439566810143,0.1327114989079793,0.11735883086527935,0.2857142857142857,0.1903041186256837,0.09943014470304475,0.3824776740260351,0.21333855484359082,0.10173818030240349,0.3992705955037025,0.2857142857142857
dev_sine_student_t3_007,sine_student_t3,sine,student_t3,500077,0.29239654326888254,0.13729742233989856,0.5,0.31334056079008216,0.12474430101288997,0.4758344807168461,0.27937479889289984,0.1703243807790229,0.49148631150812255,0.3175442659129991,0.12154125869415593,0.45666526538619,0.23203078743383848,0.1382544893206497,0.377461266119316,0.27859341286014927,0.11735883086527935,0.4315961996664557,0.3027650025263597,0.09943014470304475,0.4949385579267111,0.32363621922291186,0.10173818030240349,0.5095682598830236,0.33333333333333326
dev_sine_student_t3_008,sine_student_t3,sine,student_t3,500078,0.29239654326888254,0.13729742233989856,0.5,0.2773360538075142,0.12474430101288997,0.4398299737342781,0.28448116229628095,0.1703243807790229,0.49659267491150366,0.2590659120857435,0.12154125869415593,0.3981869115589344,0.23406345209147877,0.1382544893206497,0.3794939307769563,0.190790623266988,0.11735883086527935,0.34379341007329445,0.20547298597337652,0.09943014470304475,0.3976465413737279,0.22353193567399818,0.10173818030240349,0.4094639763341098,0.2727272727272726
dev_sine_student_t3_009,sine_student_t3,sine,student_t3,500079,0.29239654326888254,0.13729742233989856,0.5,0.32785309705211324,0.12474430101288997,0.49034701697887717,0.27781946180408884,0.1703243807790229,0.48993097441931155,0.23145113388953958,0.12154125869415593,0.3705721333627305,0.17418417962729202,0.1382544893206497,0.3196146583127696,0.2571339350796654,0.11735883086527935,0.41013672188597183,0.28070767678036923,0.09943014470304475,0.47288123218072065,0.2782680497481197,0.10173818030240349,0.46420009040823135,0.04761904761904767
