split,domain,method,n_tasks,exceedance_rate,calibration_error,absolute_calibration_error,mean_upper,safe_coverage,false_safe_rate,aurc,risk_at_50_upper_order,mean_true_risk,bad_auroc,bad_auprc,exceedance_upper_95,macro_exceedance_rate,macro_calibration_error,macro_aurc,macro_safe_coverage,macro_false_safe_rate,macro_exceedance_ci_low,macro_exceedance_ci_high
FINAL,arctan_centered_lognormal,constant,30,0.0,-0.1,0.1,0.5,0.0,0.0,0.17605983701935596,0.1900262791531553,0.2107367508933317,0.5,0.2,0.09211405994732372,,,,,,,
FINAL,arctan_centered_lognormal,entropy,30,0.0,-0.1,0.1,0.38624452812588206,0.13333333333333333,0.0,0.124833233665566,0.11322562882309324,0.2107367508933317,0.7916666666666667,0.4089285714285714,0.09211405994732372,,,,,,,
FINAL,arctan_centered_lognormal,ood,30,0.2,0.1,0.1,0.37101596658647956,0.0,0.0,0.17738370065995968,0.19736807522778863,0.2107367508933317,0.375,0.20719897386564054,0.34665254378880717,,,,,,,
FINAL,arctan_centered_lognormal,self_compatibility,30,0.0,-0.1,0.1,0.4164884704419089,0.0,0.0,0.115096998341272,0.12366239612260564,0.2107367508933317,0.7534722222222222,0.3885082023239918,0.09211405994732372,,,,,,,
FINAL,arctan_centered_lognormal,lovo,30,0.2,0.1,0.1,0.34033883898444495,0.26666666666666666,0.25,0.14241735813823697,0.16478666915092666,0.2107367508933317,0.4861111111111111,0.2301802967563837,0.34665254378880717,,,,,,,
FINAL,arctan_centered_lognormal,ordinary_risk_regression,30,0.3,0.19999999999999998,0.19999999999999998,0.23770779388521593,0.8,0.20833333333333334,0.122857593540819,0.1249444474046569,0.2107367508933317,0.6180555555555556,0.30696248196248194,0.4519044172193686,,,,,,,
FINAL,arctan_centered_lognormal,threshold_aware,30,0.0,-0.1,0.1,0.4352732855226493,0.0,0.0,0.11436999763494962,0.13006937781694364,0.2107367508933317,0.7847222222222223,0.5017620723503077,0.09211405994732372,,,,,,,
FINAL,arctan_centered_lognormal,proposed_blpc,30,0.0,-0.1,0.1,0.43150927315159987,0.0,0.0,0.11458188094455589,0.13006937781694364,0.2107367508933317,0.7708333333333333,0.4064153439153439,0.09211405994732372,,,,,,,
FINAL,arctan_gaussian,constant,30,0.23333333333333334,0.13333333333333333,0.13333333333333333,0.5,0.0,0.0,0.37355759242023207,0.42169243177986415,0.41222060080122847,0.5,0.8333333333333334,0.38261023091698204,,,,,,,
FINAL,arctan_gaussian,entropy,30,0.16666666666666666,0.06666666666666665,0.06666666666666665,0.5256269300522971,0.0,0.0,0.3242687314825079,0.3580691472133027,0.41222060080122847,0.784,0.9541391784760611,0.30964351535764695,,,,,,,
FINAL,arctan_gaussian,ood,30,0.23333333333333334,0.13333333333333333,0.13333333333333333,0.5113687814619914,0.0,0.0,0.3912984071044139,0.42624947754191733,0.41222060080122847,0.46399999999999997,0.8551574603810251,0.38261023091698204,,,,,,,
FINAL,arctan_gaussian,self_compatibility,30,0.23333333333333334,0.13333333333333333,0.13333333333333333,0.4961923008435018,0.0,0.0,0.3205490941909398,0.3355239364327977,0.41222060080122847,0.9,0.981821396993811,0.38261023091698204,,,,,,,
FINAL,arctan_gaussian,lovo,30,0.2,0.1,0.1,0.514770571563309,0.0,0.0,0.3346110159546569,0.36171475768883643,0.41222060080122847,0.872,0.9726958134619315,0.34665254378880717,,,,,,,
FINAL,arctan_gaussian,ordinary_risk_regression,30,0.2,0.1,0.1,0.5191024283322772,0.0,0.0,0.3270567851076928,0.3684252573341187,0.41222060080122847,0.8720000000000001,0.9770213969938111,0.34665254378880717,,,,,,,
FINAL,arctan_gaussian,threshold_aware,30,0.1,0.0,0.0,0.5687129227969046,0.0,0.0,0.3188553025070133,0.33594190926456374,0.41222060080122847,0.88,0.9769569734613215,0.23150297514336826,,,,,,,
FINAL,arctan_gaussian,proposed_blpc,30,0.13333333333333333,0.033333333333333326,0.033333333333333326,0.5586647446366718,0.0,0.0,0.3239988150628743,0.34360474451360584,0.41222060080122847,0.8560000000000001,0.9721257843775009,0.2713711815575147,,,,,,,
FINAL,arctan_student_t3,constant,30,0.0,-0.1,0.1,0.5,0.0,0.0,0.16231265559966263,0.19642894258218171,0.1885349624831095,0.5,0.16666666666666666,0.09211405994732372,,,,,,,
FINAL,arctan_student_t3,entropy,30,0.0,-0.1,0.1,0.4017852069967127,0.06666666666666667,0.0,0.15324328432691176,0.16228586709701262,0.1885349624831095,0.808,0.513095238095238,0.09211405994732372,,,,,,,
FINAL,arctan_student_t3,ood,30,0.0,-0.1,0.1,0.4898814668371755,0.0,0.0,0.19618562491016772,0.20817579916407664,0.1885349624831095,0.32,0.1556017316017316,0.09211405994732372,,,,,,,
FINAL,arctan_student_t3,self_compatibility,30,0.0,-0.1,0.1,0.39407176814146083,0.0,0.0,0.13749052506378479,0.1597573901746738,0.1885349624831095,0.8,0.500093370681606,0.09211405994732372,,,,,,,
FINAL,arctan_student_t3,lovo,30,0.06666666666666667,-0.03333333333333334,0.03333333333333334,0.36679436530414633,0.16666666666666666,0.2,0.17701782395879292,0.19540297339698334,0.1885349624831095,0.568,0.42648275862068963,0.1894644674255387,,,,,,,
FINAL,arctan_student_t3,ordinary_risk_regression,30,0.03333333333333333,-0.06666666666666668,0.06666666666666668,0.37349734872593476,0.13333333333333333,0.0,0.15044734908353444,0.15313384265087046,0.1885349624831095,0.912,0.6644444444444444,0.14409039131834475,,,,,,,
FINAL,arctan_student_t3,threshold_aware,30,0.0,-0.1,0.1,0.42631416784742326,0.0,0.0,0.13196642942517287,0.14061769213471997,0.1885349624831095,0.8480000000000001,0.5888888888888888,0.09211405994732372,,,,,,,
FINAL,arctan_student_t3,proposed_blpc,30,0.0,-0.1,0.1,0.41806987163843423,0.0,0.0,0.130639236837692,0.13883197784900567,0.1885349624831095,0.8800000000000001,0.607936507936508,0.09211405994732372,,,,,,,
FINAL,cubic_centered_lognormal,constant,30,0.06666666666666667,-0.03333333333333334,0.03333333333333334,0.5,0.0,0.0,0.31892608095954,0.3527499160554537,0.33552813630595557,0.5,0.7,0.1894644674255387,,,,,,,
FINAL,cubic_centered_lognormal,entropy,30,0.1,0.0,0.0,0.46892461627716425,0.0,0.0,0.2537695394182977,0.268382682144292,0.33552813630595557,0.7936507936507937,0.9049557196616023,0.23150297514336826,,,,,,,
FINAL,cubic_centered_lognormal,ood,30,0.5666666666666667,0.4666666666666667,0.4666666666666667,0.3199166186496448,0.16666666666666666,0.4,0.30562696250424615,0.3634889243338346,0.33552813630595557,0.5132275132275133,0.7221814634206709,0.7025127599090644,,,,,,,
FINAL,cubic_centered_lognormal,self_compatibility,30,0.16666666666666666,0.06666666666666665,0.06666666666666665,0.4489222981664703,0.0,0.0,0.25223682795179225,0.2758367175949174,0.33552813630595557,0.8359788359788359,0.9346099265353924,0.30964351535764695,,,,,,,
FINAL,cubic_centered_lognormal,lovo,30,0.8666666666666667,0.7666666666666667,0.7666666666666667,0.15282381782166757,1.0,0.7,0.31623909338683454,0.3574919181568798,0.33552813630595557,0.3703703703703704,0.6871679679458,0.9342195294539822,,,,,,,
FINAL,cubic_centered_lognormal,ordinary_risk_regression,30,0.2,0.1,0.1,0.43585030052531876,0.16666666666666666,0.0,0.26259697505676627,0.2926417074700827,0.33552813630595557,0.7566137566137566,0.8081241734397322,0.34665254378880717,,,,,,,
FINAL,cubic_centered_lognormal,threshold_aware,30,0.06666666666666667,-0.03333333333333334,0.03333333333333334,0.49963291097989304,0.0,0.0,0.24949916397971195,0.27958253699291075,0.33552813630595557,0.8677248677248677,0.9506033895039501,0.1894644674255387,,,,,,,
FINAL,cubic_centered_lognormal,proposed_blpc,30,0.03333333333333333,-0.06666666666666668,0.06666666666666668,0.4963257248957025,0.0,0.0,0.2554956257079157,0.26977861542428333,0.33552813630595557,0.8306878306878307,0.93942494097861,0.14409039131834475,,,,,,,
FINAL,cubic_gaussian,constant,30,0.16666666666666666,0.06666666666666665,0.06666666666666665,0.5,0.0,0.0,0.37915235794332613,0.4217680598144801,0.40058466783841457,0.5,0.8,0.30964351535764695,,,,,,,
FINAL,cubic_gaussian,entropy,30,0.23333333333333334,0.13333333333333333,0.13333333333333333,0.47660518747565206,0.0,0.0,0.31496605022939916,0.35840293272326484,0.40058466783841457,0.9583333333333333,0.990562678062678,0.38261023091698204,,,,,,,
FINAL,cubic_gaussian,ood,30,0.3,0.19999999999999998,0.19999999999999998,0.49279146708466826,0.0,0.0,0.38349175030503724,0.43813372666728884,0.40058466783841457,0.2777777777777778,0.7615501498336691,0.4519044172193686,,,,,,,
FINAL,cubic_gaussian,self_compatibility,30,0.2,0.1,0.1,0.46289212713631456,0.0,0.0,0.3188167595198464,0.35388313153679696,0.40058466783841457,0.9652777777777778,0.9920370370370368,0.34665254378880717,,,,,,,
FINAL,cubic_gaussian,lovo,30,0.4,0.30000000000000004,0.30000000000000004,0.43797873672143656,0.03333333333333333,1.0,0.36140684198701667,0.3944669679863847,0.40058466783841457,0.6180555555555556,0.8971162526020786,0.5504433740305475,,,,,,,
FINAL,cubic_gaussian,ordinary_risk_regression,30,0.26666666666666666,0.16666666666666666,0.16666666666666666,0.4790061594257074,0.0,0.0,0.31265925740104145,0.35594355635084496,0.40058466783841457,1.0,0.9999999999999998,0.4176603337442609,,,,,,,
FINAL,cubic_gaussian,threshold_aware,30,0.1,0.0,0.0,0.5339482369412587,0.0,0.0,0.3113652003277778,0.3538831315367969,0.40058466783841457,0.9791666666666667,0.9953703703703702,0.23150297514336826,,,,,,,
FINAL,cubic_gaussian,proposed_blpc,30,0.1,0.0,0.0,0.5207364765192292,0.0,0.0,0.3113765096228437,0.3538831315367969,0.40058466783841457,0.9583333333333334,0.9897560048647003,0.23150297514336826,,,,,,,
FINAL,cubic_student_t3,constant,30,0.3,0.19999999999999998,0.19999999999999998,0.5,0.0,0.0,0.4252521795073487,0.43486747820081145,0.43850650506703365,0.5,0.7333333333333333,0.4519044172193686,,,,,,,
FINAL,cubic_student_t3,entropy,30,0.6,0.5,0.5,0.3788891685561462,0.1,0.6666666666666666,0.3602614501728379,0.36249873583206915,0.43850650506703365,0.7102272727272727,0.887872166820667,0.7311737237767726,,,,,,,
FINAL,cubic_student_t3,ood,30,0.5666666666666667,0.4666666666666667,0.4666666666666667,0.40713199512247406,0.03333333333333333,1.0,0.47384838386365735,0.5170426101636673,0.43850650506703365,0.26136363636363635,0.6286308527229517,0.7025127599090644,,,,,,,
FINAL,cubic_student_t3,self_compatibility,30,0.5,0.4,0.4,0.40316840095903406,0.0,0.0,0.3752397322211344,0.42885426120720244,0.43850650506703365,0.7386363636363636,0.8816431368639555,0.6434278630383422,,,,,,,
FINAL,cubic_student_t3,lovo,30,0.9666666666666667,0.8666666666666667,0.8666666666666667,0.15632078146676312,1.0,0.7333333333333333,0.47115008945434095,0.5130246528123765,0.43850650506703365,0.36931818181818177,0.722798562733137,0.9884146841385564,,,,,,,
FINAL,cubic_student_t3,ordinary_risk_regression,30,0.7,0.6,0.6,0.3403747918652371,0.36666666666666664,0.5454545454545454,0.40127555826267935,0.4270713527576272,0.43850650506703365,0.6590909090909092,0.7981304625024842,0.8133783644295347,,,,,,,
FINAL,cubic_student_t3,threshold_aware,30,0.4666666666666667,0.3666666666666667,0.3666666666666667,0.41627541462490286,0.0,0.0,0.3650830629475107,0.414988714988715,0.43850650506703365,0.7670454545454546,0.8913550020392074,0.6130177450552665,,,,,,,
FINAL,cubic_student_t3,proposed_blpc,30,0.5,0.4,0.4,0.42040102489957737,0.0,0.0,0.36899619043551735,0.40899224232557574,0.43850650506703365,0.75,0.8760619617461671,0.6434278630383422,,,,,,,
FINAL,MACRO,constant,180,0.12777777777777777,0.027777777777777762,0.027777777777777762,0.5,0.0,0.0,0.2874585417741482,0.27049743805922327,0.33101860389817894,0.5,0.5722222222222222,0.17520024828917133,0.12777777777777777,0.027777777777777773,0.30587678390824424,0.0,0.0,0.08333333333333333,0.17777777777777778
FINAL,MACRO,entropy,180,0.18333333333333332,0.08333333333333331,0.08333333333333331,0.43967927291397585,0.05,0.2222222222222222,0.24476646271940544,0.2618526746865403,0.33101860389817894,0.8021687050813264,0.8531810674220811,0.23610399323987644,0.18333333333333335,0.08333333333333333,0.2552237148825867,0.05000000000000001,0.1111111111111111,0.13319444444444445,0.23888888888888885
FINAL,MACRO,ood,180,0.3111111111111111,0.2111111111111111,0.2111111111111111,0.4320177159570723,0.03333333333333333,0.5,0.2999141050783835,0.3323488048471143,0.33101860389817894,0.533097969991174,0.6587366092789708,0.3707478427789151,0.3111111111111111,0.2111111111111111,0.321305804891247,0.03333333333333333,0.2333333333333333,0.25,0.37222222222222223
FINAL,MACRO,self_compatibility,180,0.18333333333333332,0.08333333333333331,0.08333333333333331,0.4369558942814485,0.0,0.0,0.24544549676686597,0.2651201653329233,0.33101860389817894,0.8027991426049678,0.8519243063566999,0.23610399323987644,0.18333333333333335,0.08333333333333333,0.25323832288146164,0.0,0.0,0.13874999999999998,0.23888888888888885
FINAL,MACRO,lovo,180,0.45,0.35,0.35,0.32817118531029454,0.4111111111111111,0.6351351351351351,0.31215118151494814,0.3266750415335967,0.33101860389817894,0.5318370949438911,0.7163914690131483,0.5113787856734527,0.45,0.35000000000000003,0.3004737038133132,0.41111111111111115,0.48055555555555557,0.3998611111111111,0.5055555555555555
FINAL,MACRO,ordinary_risk_regression,180,0.2833333333333333,0.18333333333333332,0.18333333333333332,0.3975898037932819,0.24444444444444444,0.25,0.24951954054355174,0.26987512431373895,0.33101860389817894,0.8070861177657294,0.8277504105447252,0.341974917618159,0.2833333333333333,0.18333333333333335,0.2628155864087556,0.24444444444444446,0.12563131313131312,0.22222222222222224,0.33888888888888885
FINAL,MACRO,threshold_aware,180,0.12222222222222222,0.022222222222222213,0.022222222222222213,0.4800261564521719,0.0,0.0,0.2386680061488129,0.26418441930504827,0.33101860389817894,0.8348253688059515,0.8865816544803895,0.16899443738152084,0.12222222222222223,0.022222222222222227,0.24852319280368937,0.0,0.0,0.08333333333333333,0.16666666666666666
FINAL,MACRO,proposed_blpc,180,0.12777777777777777,0.027777777777777762,0.027777777777777762,0.47428451929020243,0.0,0.0,0.23566635064020386,0.2563692920757984,0.33101860389817894,0.8331862312444838,0.8806221977988428,0.17520024828917133,0.12777777777777777,0.027777777777777776,0.2508480431018998,0.0,0.0,0.08888888888888889,0.1722222222222222
