certificate,scope,method,coverage,mean_risk,aurc
90%,POOLED,constant,0.1,0.4240162990891594,0.2874585417741482
90%,POOLED,constant,0.2,0.36447127361455034,0.2874585417741482
90%,POOLED,constant,0.30000000000000004,0.31270482791045495,0.2874585417741482
90%,POOLED,constant,0.4,0.2830253193137413,0.2874585417741482
90%,POOLED,constant,0.5,0.27049743805922327,0.2874585417741482
90%,POOLED,constant,0.6,0.29284786954079467,0.2874585417741482
90%,POOLED,constant,0.7000000000000001,0.31388475560265366,0.2874585417741482
90%,POOLED,constant,0.8,0.3272756858761524,0.2874585417741482
90%,POOLED,constant,0.9,0.3323607963302423,0.2874585417741482
90%,POOLED,constant,1.0,0.33101860389817894,0.2874585417741482
90%,POOLED,entropy,0.1,0.24779281373484274,0.24476646271940544
90%,POOLED,entropy,0.2,0.22209209719933462,0.24476646271940544
90%,POOLED,entropy,0.30000000000000004,0.23169204784382025,0.24476646271940544
90%,POOLED,entropy,0.4,0.2528648825312582,0.24476646271940544
90%,POOLED,entropy,0.5,0.2618526746865403,0.24476646271940544
90%,POOLED,entropy,0.6,0.270913335025717,0.24476646271940544
90%,POOLED,entropy,0.7000000000000001,0.2966536002190019,0.24476646271940544
90%,POOLED,entropy,0.8,0.30589756767750975,0.24476646271940544
90%,POOLED,entropy,0.9,0.31629271319436136,0.24476646271940544
90%,POOLED,entropy,1.0,0.33101860389817894,0.24476646271940544
90%,POOLED,ood,0.1,0.3998573280124003,0.2999141050783835
90%,POOLED,ood,0.2,0.35507490901369104,0.2999141050783835
90%,POOLED,ood,0.30000000000000004,0.3328088737354507,0.2999141050783835
90%,POOLED,ood,0.4,0.3205127653023189,0.2999141050783835
90%,POOLED,ood,0.5,0.3323488048471143,0.2999141050783835
90%,POOLED,ood,0.6,0.3252836667315474,0.2999141050783835
90%,POOLED,ood,0.7000000000000001,0.3231071700131672,0.2999141050783835
90%,POOLED,ood,0.8,0.31985903611629735,0.2999141050783835
90%,POOLED,ood,0.9,0.3247078590689588,0.2999141050783835
90%,POOLED,ood,1.0,0.3310186038981789,0.2999141050783835
90%,POOLED,self_compatibility,0.1,0.21535177785177784,0.24544549676686597
90%,POOLED,self_compatibility,0.2,0.21801811998535425,0.24544549676686597
90%,POOLED,self_compatibility,0.30000000000000004,0.2450390888441403,0.24544549676686597
90%,POOLED,self_compatibility,0.4,0.26533985535477433,0.24544549676686597
90%,POOLED,self_compatibility,0.5,0.2651201653329233,0.24544549676686597
90%,POOLED,self_compatibility,0.6,0.2782497634943561,0.24544549676686597
90%,POOLED,self_compatibility,0.7000000000000001,0.2899880485398387,0.24544549676686597
90%,POOLED,self_compatibility,0.8,0.3044300752350183,0.24544549676686597
90%,POOLED,self_compatibility,0.9,0.3150846600072762,0.24544549676686597
90%,POOLED,self_compatibility,1.0,0.3310186038981789,0.24544549676686597
90%,POOLED,lovo,0.1,0.4603586131719124,0.31215118151494814
90%,POOLED,lovo,0.2,0.4216310642081928,0.31215118151494814
90%,POOLED,lovo,0.30000000000000004,0.38472485600031847,0.31215118151494814
90%,POOLED,lovo,0.4,0.35014882589402413,0.31215118151494814
90%,POOLED,lovo,0.5,0.3266750415335967,0.31215118151494814
90%,POOLED,lovo,0.6,0.31146770714475513,0.31215118151494814
90%,POOLED,lovo,0.7000000000000001,0.3061161140814745,0.31215118151494814
90%,POOLED,lovo,0.8,0.3073314868960448,0.31215118151494814
90%,POOLED,lovo,0.9,0.31772811085602903,0.31215118151494814
90%,POOLED,lovo,1.0,0.3310186038981789,0.31215118151494814
90%,POOLED,ordinary_risk_regression,0.1,0.18371375315523208,0.24951954054355174
90%,POOLED,ordinary_risk_regression,0.2,0.22522554137464562,0.24951954054355174
90%,POOLED,ordinary_risk_regression,0.30000000000000004,0.26721985468672815,0.24951954054355174
90%,POOLED,ordinary_risk_regression,0.4,0.27151322971859637,0.24951954054355174
90%,POOLED,ordinary_risk_regression,0.5,0.26987512431373895,0.24951954054355174
90%,POOLED,ordinary_risk_regression,0.6,0.2805642041884811,0.24951954054355174
90%,POOLED,ordinary_risk_regression,0.7000000000000001,0.2956587678441209,0.24951954054355174
90%,POOLED,ordinary_risk_regression,0.8,0.3058847256494843,0.24951954054355174
90%,POOLED,ordinary_risk_regression,0.9,0.3218877791330166,0.24951954054355174
90%,POOLED,ordinary_risk_regression,1.0,0.33101860389817883,0.24951954054355174
90%,POOLED,threshold_aware,0.1,0.210359393692727,0.2386680061488129
90%,POOLED,threshold_aware,0.2,0.19959430309017512,0.2386680061488129
90%,POOLED,threshold_aware,0.30000000000000004,0.2265999318846881,0.2386680061488129
90%,POOLED,threshold_aware,0.4,0.24587550394077645,0.2386680061488129
90%,POOLED,threshold_aware,0.5,0.26418441930504827,0.2386680061488129
90%,POOLED,threshold_aware,0.6,0.27718629373483866,0.2386680061488129
90%,POOLED,threshold_aware,0.7000000000000001,0.2889360885353401,0.2386680061488129
90%,POOLED,threshold_aware,0.8,0.3000946577099456,0.2386680061488129
90%,POOLED,threshold_aware,0.9,0.3135198644918634,0.2386680061488129
90%,POOLED,threshold_aware,1.0,0.33101860389817894,0.2386680061488129
90%,POOLED,proposed_blpc,0.1,0.15480383813717147,0.23566635064020386
90%,POOLED,proposed_blpc,0.2,0.1986094414755181,0.23566635064020386
90%,POOLED,proposed_blpc,0.30000000000000004,0.22553584455317832,0.23566635064020386
90%,POOLED,proposed_blpc,0.4,0.24952045672904521,0.23566635064020386
90%,POOLED,proposed_blpc,0.5,0.2563692920757984,0.23566635064020386
90%,POOLED,proposed_blpc,0.6,0.2760412614895885,0.23566635064020386
90%,POOLED,proposed_blpc,0.7000000000000001,0.292161325106155,0.23566635064020386
90%,POOLED,proposed_blpc,0.8,0.30083481793286443,0.23566635064020386
90%,POOLED,proposed_blpc,0.9,0.3146798460222153,0.23566635064020386
90%,POOLED,proposed_blpc,1.0,0.33101860389817894,0.23566635064020386
90%,arctan_centered_lognormal,constant,0.1,0.11564865340609043,0.17605983701935596
90%,arctan_centered_lognormal,constant,0.2,0.16896514666739457,0.17605983701935596
90%,arctan_centered_lognormal,constant,0.30000000000000004,0.20398851560986433,0.17605983701935596
90%,arctan_centered_lognormal,constant,0.4,0.19626300767160287,0.17605983701935596
90%,arctan_centered_lognormal,constant,0.5,0.1900262791531553,0.17605983701935596
90%,arctan_centered_lognormal,constant,0.6,0.19056811778169105,0.17605983701935596
90%,arctan_centered_lognormal,constant,0.7000000000000001,0.21617040581573582,0.17605983701935596
90%,arctan_centered_lognormal,constant,0.8,0.21968398310886897,0.17605983701935596
90%,arctan_centered_lognormal,constant,0.9,0.2117402122355356,0.17605983701935596
90%,arctan_centered_lognormal,constant,1.0,0.2107367508933317,0.17605983701935596
90%,arctan_centered_lognormal,entropy,0.1,0.09810479375696768,0.124833233665566
90%,arctan_centered_lognormal,entropy,0.2,0.08801343583952281,0.124833233665566
90%,arctan_centered_lognormal,entropy,0.30000000000000004,0.10573846443411661,0.124833233665566
90%,arctan_centered_lognormal,entropy,0.4,0.1079334507061433,0.124833233665566
90%,arctan_centered_lognormal,entropy,0.5,0.11322562882309324,0.124833233665566
90%,arctan_centered_lognormal,entropy,0.6,0.13450823820057875,0.124833233665566
90%,arctan_centered_lognormal,entropy,0.7000000000000001,0.16544435175412772,0.124833233665566
90%,arctan_centered_lognormal,entropy,0.8,0.18127333551317917,0.124833233665566
90%,arctan_centered_lognormal,entropy,0.9,0.19777465905974886,0.124833233665566
90%,arctan_centered_lognormal,entropy,1.0,0.21073675089333171,0.124833233665566
90%,arctan_centered_lognormal,ood,0.1,0.14141414141414146,0.17738370065995968
90%,arctan_centered_lognormal,ood,0.2,0.14674597433218126,0.17738370065995968
90%,arctan_centered_lognormal,ood,0.30000000000000004,0.2041124933214183,0.17738370065995968
90%,arctan_centered_lognormal,ood,0.4,0.19733733417810498,0.17738370065995968
90%,arctan_centered_lognormal,ood,0.5,0.19736807522778863,0.17738370065995968
90%,arctan_centered_lognormal,ood,0.6,0.22174495329471444,0.17738370065995968
90%,arctan_centered_lognormal,ood,0.7000000000000001,0.21415623502315187,0.17738370065995968
90%,arctan_centered_lognormal,ood,0.8,0.215729188288568,0.17738370065995968
90%,arctan_centered_lognormal,ood,0.9,0.20056730677993276,0.17738370065995968
90%,arctan_centered_lognormal,ood,1.0,0.2107367508933317,0.17738370065995968
90%,arctan_centered_lognormal,self_compatibility,0.1,0.025641025641025633,0.115096998341272
90%,arctan_centered_lognormal,self_compatibility,0.2,0.04079254079254078,0.115096998341272
90%,arctan_centered_lognormal,self_compatibility,0.30000000000000004,0.0758171137428103,0.115096998341272
90%,arctan_centered_lognormal,self_compatibility,0.4,0.10286346780154827,0.115096998341272
90%,arctan_centered_lognormal,self_compatibility,0.5,0.12366239612260564,0.115096998341272
90%,arctan_centered_lognormal,self_compatibility,0.6,0.13602163623752872,0.115096998341272
90%,arctan_centered_lognormal,self_compatibility,0.7000000000000001,0.16895036230881977,0.115096998341272
90%,arctan_centered_lognormal,self_compatibility,0.8,0.18853290600804376,0.115096998341272
90%,arctan_centered_lognormal,self_compatibility,0.9,0.19614067213164427,0.115096998341272
90%,arctan_centered_lognormal,self_compatibility,1.0,0.2107367508933317,0.115096998341272
90%,arctan_centered_lognormal,lovo,0.1,0.052525252525252496,0.14241735813823697
90%,arctan_centered_lognormal,lovo,0.2,0.05190365190365188,0.14241735813823697
90%,arctan_centered_lognormal,lovo,0.30000000000000004,0.15259582522740417,0.14241735813823697
90%,arctan_centered_lognormal,lovo,0.4,0.14153100378145753,0.14241735813823697
90%,arctan_centered_lognormal,lovo,0.5,0.16478666915092666,0.14241735813823697
90%,arctan_centered_lognormal,lovo,0.6,0.17962827714836382,0.14241735813823697
90%,arctan_centered_lognormal,lovo,0.7000000000000001,0.1907582535386177,0.14241735813823697
90%,arctan_centered_lognormal,lovo,0.8,0.20183822813689534,0.14241735813823697
90%,arctan_centered_lognormal,lovo,0.9,0.20950067078576057,0.14241735813823697
90%,arctan_centered_lognormal,lovo,1.0,0.21073675089333171,0.14241735813823697
90%,arctan_centered_lognormal,ordinary_risk_regression,0.1,0.025641025641025633,0.122857593540819
90%,arctan_centered_lognormal,ordinary_risk_regression,0.2,0.04079254079254078,0.122857593540819
90%,arctan_centered_lognormal,ordinary_risk_regression,0.30000000000000004,0.08735772998930892,0.122857593540819
90%,arctan_centered_lognormal,ordinary_risk_regression,0.4,0.11167572833794674,0.122857593540819
90%,arctan_centered_lognormal,ordinary_risk_regression,0.5,0.1249444474046569,0.122857593540819
90%,arctan_centered_lognormal,ordinary_risk_regression,0.6,0.16023590481481506,0.122857593540819
90%,arctan_centered_lognormal,ordinary_risk_regression,0.7000000000000001,0.19092653876382892,0.122857593540819
90%,arctan_centered_lognormal,ordinary_risk_regression,0.8,0.19667949797816517,0.122857593540819
90%,arctan_centered_lognormal,ordinary_risk_regression,0.9,0.19777465905974884,0.122857593540819
90%,arctan_centered_lognormal,ordinary_risk_regression,1.0,0.2107367508933317,0.122857593540819
90%,arctan_centered_lognormal,threshold_aware,0.1,0.025641025641025633,0.11436999763494962
90%,arctan_centered_lognormal,threshold_aware,0.2,0.04079254079254078,0.11436999763494962
90%,arctan_centered_lognormal,threshold_aware,0.30000000000000004,0.060691063322642236,0.11436999763494962
90%,arctan_centered_lognormal,threshold_aware,0.4,0.08792259736195661,0.11436999763494962
90%,arctan_centered_lognormal,threshold_aware,0.5,0.13006937781694364,0.11436999763494962
90%,arctan_centered_lognormal,threshold_aware,0.6,0.15667157146120966,0.11436999763494962
90%,arctan_centered_lognormal,threshold_aware,0.7000000000000001,0.17024742072162777,0.11436999763494962
90%,arctan_centered_lognormal,threshold_aware,0.8,0.18297584447375262,0.11436999763494962
90%,arctan_centered_lognormal,threshold_aware,0.9,0.19614067213164427,0.11436999763494962
90%,arctan_centered_lognormal,threshold_aware,1.0,0.2107367508933317,0.11436999763494962
90%,arctan_centered_lognormal,proposed_blpc,0.1,0.025641025641025633,0.11458188094455589
90%,arctan_centered_lognormal,proposed_blpc,0.2,0.04079254079254078,0.11458188094455589
90%,arctan_centered_lognormal,proposed_blpc,0.30000000000000004,0.06948227211385102,0.11458188094455589
90%,arctan_centered_lognormal,proposed_blpc,0.4,0.08792259736195661,0.11458188094455589
90%,arctan_centered_lognormal,proposed_blpc,0.5,0.13006937781694364,0.11458188094455589
90%,arctan_centered_lognormal,proposed_blpc,0.6,0.14733450330061207,0.11458188094455589
90%,arctan_centered_lognormal,proposed_blpc,0.7000000000000001,0.17167344567706447,0.11458188094455589
90%,arctan_centered_lognormal,proposed_blpc,0.8,0.18258052505566283,0.11458188094455589
90%,arctan_centered_lognormal,proposed_blpc,0.9,0.19777465905974886,0.11458188094455589
90%,arctan_centered_lognormal,proposed_blpc,1.0,0.21073675089333171,0.11458188094455589
90%,arctan_gaussian,constant,0.1,0.3791120312859444,0.37355759242023207
90%,arctan_gaussian,constant,0.2,0.42127816186580236,0.37355759242023207
90%,arctan_gaussian,constant,0.30000000000000004,0.4239320368892724,0.37355759242023207
90%,arctan_gaussian,constant,0.4,0.44039790952893915,0.37355759242023207
90%,arctan_gaussian,constant,0.5,0.42169243177986415,0.37355759242023207
90%,arctan_gaussian,constant,0.6,0.4240162990891594,0.37355759242023207
90%,arctan_gaussian,constant,0.7000000000000001,0.40168467055306095,0.37355759242023207
90%,arctan_gaussian,constant,0.8,0.3955900017018157,0.37355759242023207
90%,arctan_gaussian,constant,0.9,0.41131809675082026,0.37355759242023207
90%,arctan_gaussian,constant,1.0,0.41222060080122847,0.37355759242023207
90%,arctan_gaussian,entropy,0.1,0.3203463203463204,0.3242687314825079
90%,arctan_gaussian,entropy,0.2,0.32808415417111075,0.3242687314825079
90%,arctan_gaussian,entropy,0.30000000000000004,0.3381662819763506,0.3242687314825079
90%,arctan_gaussian,entropy,0.4,0.3445238756599524,0.3242687314825079
90%,arctan_gaussian,entropy,0.5,0.3580691472133027,0.3242687314825079
90%,arctan_gaussian,entropy,0.6,0.355398944391623,0.3242687314825079
90%,arctan_gaussian,entropy,0.7000000000000001,0.37024161669017186,0.3242687314825079
90%,arctan_gaussian,entropy,0.8,0.381426839108848,0.3242687314825079
90%,arctan_gaussian,entropy,0.9,0.4004929950399456,0.3242687314825079
90%,arctan_gaussian,entropy,1.0,0.41222060080122847,0.3242687314825079
90%,arctan_gaussian,ood,0.1,0.4827688651218063,0.3912984071044139
90%,arctan_gaussian,ood,0.2,0.5032589921098812,0.3912984071044139
90%,arctan_gaussian,ood,0.30000000000000004,0.4319355032511519,0.3912984071044139
90%,arctan_gaussian,ood,0.4,0.4235427439373634,0.3912984071044139
90%,arctan_gaussian,ood,0.5,0.42624947754191733,0.3912984071044139
90%,arctan_gaussian,ood,0.6,0.4282328332953737,0.3912984071044139
90%,arctan_gaussian,ood,0.7000000000000001,0.41973388751232965,0.3912984071044139
90%,arctan_gaussian,ood,0.8,0.42166339113917567,0.3912984071044139
90%,arctan_gaussian,ood,0.9,0.41087250929542884,0.3912984071044139
90%,arctan_gaussian,ood,1.0,0.41222060080122847,0.3912984071044139
90%,arctan_gaussian,self_compatibility,0.1,0.38771929824561396,0.3205490941909398
90%,arctan_gaussian,self_compatibility,0.2,0.3199419002050581,0.3205490941909398
90%,arctan_gaussian,self_compatibility,0.30000000000000004,0.3059748019587837,0.3205490941909398
90%,arctan_gaussian,self_compatibility,0.4,0.3106200272733453,0.3205490941909398
90%,arctan_gaussian,self_compatibility,0.5,0.3355239364327977,0.3205490941909398
90%,arctan_gaussian,self_compatibility,0.6,0.3743796151369996,0.3205490941909398
90%,arctan_gaussian,self_compatibility,0.7000000000000001,0.3815364490077314,0.3205490941909398
90%,arctan_gaussian,self_compatibility,0.8,0.3822385274205364,0.3205490941909398
90%,arctan_gaussian,self_compatibility,0.9,0.39530573495072474,0.3205490941909398
90%,arctan_gaussian,self_compatibility,1.0,0.4122206008012284,0.3205490941909398
90%,arctan_gaussian,lovo,0.1,0.268671679197995,0.3346110159546569
90%,arctan_gaussian,lovo,0.2,0.33622076023391817,0.3346110159546569
90%,arctan_gaussian,lovo,0.30000000000000004,0.36721704717816533,0.3346110159546569
90%,arctan_gaussian,lovo,0.4,0.36195826192586034,0.3346110159546569
90%,arctan_gaussian,lovo,0.5,0.36171475768883643,0.3346110159546569
90%,arctan_gaussian,lovo,0.6,0.37872365073103514,0.3346110159546569
90%,arctan_gaussian,lovo,0.7000000000000001,0.39372291113823044,0.3346110159546569
90%,arctan_gaussian,lovo,0.8,0.40047495810566747,0.3346110159546569
90%,arctan_gaussian,lovo,0.9,0.4056316725452443,0.3346110159546569
90%,arctan_gaussian,lovo,1.0,0.41222060080122847,0.3346110159546569
90%,arctan_gaussian,ordinary_risk_regression,0.1,0.3324675324675325,0.3270567851076928
90%,arctan_gaussian,ordinary_risk_regression,0.2,0.34721019721019725,0.3270567851076928
90%,arctan_gaussian,ordinary_risk_regression,0.30000000000000004,0.32099456480463345,0.3270567851076928
90%,arctan_gaussian,ordinary_risk_regression,0.4,0.3228577895111076,0.3270567851076928
90%,arctan_gaussian,ordinary_risk_regression,0.5,0.3684252573341187,0.3270567851076928
90%,arctan_gaussian,ordinary_risk_regression,0.6,0.3791711199285044,0.3270567851076928
90%,arctan_gaussian,ordinary_risk_regression,0.7000000000000001,0.3815364490077314,0.3270567851076928
90%,arctan_gaussian,ordinary_risk_regression,0.8,0.3822385274205364,0.3270567851076928
90%,arctan_gaussian,ordinary_risk_regression,0.9,0.39578987922571873,0.3270567851076928
90%,arctan_gaussian,ordinary_risk_regression,1.0,0.4122206008012285,0.3270567851076928
90%,arctan_gaussian,threshold_aware,0.1,0.3203463203463204,0.3188553025070133
90%,arctan_gaussian,threshold_aware,0.2,0.3244031796663376,0.3188553025070133
90%,arctan_gaussian,threshold_aware,0.30000000000000004,0.3292071251911069,0.3188553025070133
90%,arctan_gaussian,threshold_aware,0.4,0.3228577895111076,0.3188553025070133
90%,arctan_gaussian,threshold_aware,0.5,0.33594190926456374,0.3188553025070133
90%,arctan_gaussian,threshold_aware,0.6,0.3463491706359668,0.3188553025070133
90%,arctan_gaussian,threshold_aware,0.7000000000000001,0.3815364490077314,0.3188553025070133
90%,arctan_gaussian,threshold_aware,0.8,0.38666820626881987,0.3188553025070133
90%,arctan_gaussian,threshold_aware,0.9,0.3953057349507248,0.3188553025070133
90%,arctan_gaussian,threshold_aware,1.0,0.41222060080122847,0.3188553025070133
90%,arctan_gaussian,proposed_blpc,0.1,0.3658008658008658,0.3239988150628743
90%,arctan_gaussian,proposed_blpc,0.2,0.3244031796663375,0.3239988150628743
90%,arctan_gaussian,proposed_blpc,0.30000000000000004,0.3292071251911069,0.3239988150628743
90%,arctan_gaussian,proposed_blpc,0.4,0.3479900646433827,0.3239988150628743
90%,arctan_gaussian,proposed_blpc,0.5,0.34360474451360584,0.3239988150628743
90%,arctan_gaussian,proposed_blpc,0.6,0.35060743960011814,0.3239988150628743
90%,arctan_gaussian,proposed_blpc,0.7000000000000001,0.37762060134188374,0.3239988150628743
90%,arctan_gaussian,proposed_blpc,0.8,0.3822385274205364,0.3239988150628743
90%,arctan_gaussian,proposed_blpc,0.9,0.39530573495072474,0.3239988150628743
90%,arctan_gaussian,proposed_blpc,1.0,0.4122206008012284,0.3239988150628743
90%,arctan_student_t3,constant,0.1,0.19033816425120767,0.16231265559966263
90%,arctan_student_t3,constant,0.2,0.12572463768115935,0.16231265559966263
90%,arctan_student_t3,constant,0.30000000000000004,0.1604297876037006,0.16231265559966263
90%,arctan_student_t3,constant,0.4,0.17691095136747306,0.16231265559966263
90%,arctan_student_t3,constant,0.5,0.19642894258218171,0.16231265559966263
90%,arctan_student_t3,constant,0.6,0.2063926488391887,0.16231265559966263
90%,arctan_student_t3,constant,0.7000000000000001,0.19024912928961377,0.16231265559966263
90%,arctan_student_t3,constant,0.8,0.18967281295992375,0.16231265559966263
90%,arctan_student_t3,constant,0.9,0.18788108230622652,0.16231265559966263
90%,arctan_student_t3,constant,1.0,0.1885349624831095,0.16231265559966263
90%,arctan_student_t3,entropy,0.1,0.18650793650793654,0.15324328432691176
90%,arctan_student_t3,entropy,0.2,0.14472455648926238,0.15324328432691176
90%,arctan_student_t3,entropy,0.30000000000000004,0.16898935120606948,0.15324328432691176
90%,arctan_student_t3,entropy,0.4,0.17383311734704923,0.15324328432691176
90%,arctan_student_t3,entropy,0.5,0.16228586709701262,0.15324328432691176
90%,arctan_student_t3,entropy,0.6,0.16914626855785533,0.15324328432691176
90%,arctan_student_t3,entropy,0.7000000000000001,0.1679683722518235,0.15324328432691176
90%,arctan_student_t3,entropy,0.8,0.17670963858216251,0.15324328432691176
90%,arctan_student_t3,entropy,0.9,0.18125422224235946,0.15324328432691176
90%,arctan_student_t3,entropy,1.0,0.1885349624831095,0.15324328432691176
90%,arctan_student_t3,ood,0.1,0.29668737060041406,0.19618562491016772
90%,arctan_student_t3,ood,0.2,0.2905941390207152,0.19618562491016772
90%,arctan_student_t3,ood,0.30000000000000004,0.22494726517968142,0.19618562491016772
90%,arctan_student_t3,ood,0.4,0.21823256946791633,0.19618562491016772
90%,arctan_student_t3,ood,0.5,0.20817579916407664,0.19618562491016772
90%,arctan_student_t3,ood,0.6,0.19791182765696083,0.19618562491016772
90%,arctan_student_t3,ood,0.7000000000000001,0.19109374141881083,0.19618562491016772
90%,arctan_student_t3,ood,0.8,0.1939192629672433,0.19618562491016772
90%,arctan_student_t3,ood,0.9,0.19437047768451077,0.19618562491016772
90%,arctan_student_t3,ood,1.0,0.1885349624831095,0.19618562491016772
90%,arctan_student_t3,self_compatibility,0.1,0.08333333333333333,0.13749052506378479
90%,arctan_student_t3,self_compatibility,0.2,0.13480392156862747,0.13749052506378479
90%,arctan_student_t3,self_compatibility,0.30000000000000004,0.13859979889391655,0.13749052506378479
90%,arctan_student_t3,self_compatibility,0.4,0.1440712609830257,0.13749052506378479
90%,arctan_student_t3,self_compatibility,0.5,0.1597573901746738,0.13749052506378479
90%,arctan_student_t3,self_compatibility,0.6,0.1562943378920742,0.13749052506378479
90%,arctan_student_t3,self_compatibility,0.7000000000000001,0.16109798773438014,0.13749052506378479
90%,arctan_student_t3,self_compatibility,0.8,0.16793007241922922,0.13749052506378479
90%,arctan_student_t3,self_compatibility,0.9,0.1764163330636995,0.13749052506378479
90%,arctan_student_t3,self_compatibility,1.0,0.1885349624831095,0.13749052506378479
90%,arctan_student_t3,lovo,0.1,0.2436061381074169,0.17701782395879292
90%,arctan_student_t3,lovo,0.2,0.252655911863073,0.17701782395879292
90%,arctan_student_t3,lovo,0.30000000000000004,0.19557113815425836,0.17701782395879292
90%,arctan_student_t3,lovo,0.4,0.20005728817480062,0.17701782395879292
90%,arctan_student_t3,lovo,0.5,0.19540297339698334,0.17701782395879292
90%,arctan_student_t3,lovo,0.6,0.17337891729549418,0.17701782395879292
90%,arctan_student_t3,lovo,0.7000000000000001,0.17599744473551357,0.17701782395879292
90%,arctan_student_t3,lovo,0.8,0.17716432434088744,0.17701782395879292
90%,arctan_student_t3,lovo,0.9,0.1838796913316554,0.17701782395879292
90%,arctan_student_t3,lovo,1.0,0.1885349624831095,0.17701782395879292
90%,arctan_student_t3,ordinary_risk_regression,0.1,0.13888888888888895,0.15044734908353444
90%,arctan_student_t3,ordinary_risk_regression,0.2,0.19843229869545662,0.15044734908353444
90%,arctan_student_t3,ordinary_risk_regression,0.30000000000000004,0.15867189088860917,0.15044734908353444
90%,arctan_student_t3,ordinary_risk_regression,0.4,0.16972657574050762,0.15044734908353444
90%,arctan_student_t3,ordinary_risk_regression,0.5,0.15313384265087046,0.15044734908353444
90%,arctan_student_t3,ordinary_risk_regression,0.6,0.15336911129996783,0.15044734908353444
90%,arctan_student_t3,ordinary_risk_regression,0.7000000000000001,0.16189750606848347,0.15044734908353444
90%,arctan_student_t3,ordinary_risk_regression,0.8,0.17001577807830445,0.15044734908353444
90%,arctan_student_t3,ordinary_risk_regression,0.9,0.17551456172714555,0.15044734908353444
90%,arctan_student_t3,ordinary_risk_regression,1.0,0.18853496248310947,0.15044734908353444
90%,arctan_student_t3,threshold_aware,0.1,0.10317460317460318,0.13196642942517287
90%,arctan_student_t3,threshold_aware,0.2,0.12843915343915344,0.13196642942517287
90%,arctan_student_t3,threshold_aware,0.30000000000000004,0.11604108309990661,0.13196642942517287
90%,arctan_student_t3,threshold_aware,0.4,0.11946000622471209,0.13196642942517287
90%,arctan_student_t3,threshold_aware,0.5,0.14061769213471997,0.13196642942517287
90%,arctan_student_t3,threshold_aware,0.6,0.1600618448948753,0.13196642942517287
90%,arctan_student_t3,threshold_aware,0.7000000000000001,0.16418049346394467,0.13196642942517287
90%,arctan_student_t3,threshold_aware,0.8,0.16849120991770686,0.13196642942517287
90%,arctan_student_t3,threshold_aware,0.9,0.17651802824785343,0.13196642942517287
90%,arctan_student_t3,threshold_aware,1.0,0.18853496248310947,0.13196642942517287
90%,arctan_student_t3,proposed_blpc,0.1,0.10317460317460318,0.130639236837692
90%,arctan_student_t3,proposed_blpc,0.2,0.11972455648926235,0.130639236837692
90%,arctan_student_t3,proposed_blpc,0.30000000000000004,0.11716153127917832,0.130639236837692
90%,arctan_student_t3,proposed_blpc,0.4,0.11675437851908438,0.130639236837692
90%,arctan_student_t3,proposed_blpc,0.5,0.13883197784900567,0.130639236837692
90%,arctan_student_t3,proposed_blpc,0.6,0.15129088723644968,0.130639236837692
90%,arctan_student_t3,proposed_blpc,0.7000000000000001,0.1675642487460957,0.130639236837692
90%,arctan_student_t3,proposed_blpc,0.8,0.17269197718113402,0.130639236837692
90%,arctan_student_t3,proposed_blpc,0.9,0.17651802824785345,0.130639236837692
90%,arctan_student_t3,proposed_blpc,1.0,0.1885349624831095,0.130639236837692
90%,cubic_centered_lognormal,constant,0.1,0.35519495154383596,0.31892608095954
90%,cubic_centered_lognormal,constant,0.2,0.3665952971226805,0.31892608095954
90%,cubic_centered_lognormal,constant,0.30000000000000004,0.33224381273415576,0.31892608095954
90%,cubic_centered_lognormal,constant,0.4,0.3604120327504765,0.31892608095954
90%,cubic_centered_lognormal,constant,0.5,0.3527499160554537,0.31892608095954
90%,cubic_centered_lognormal,constant,0.6,0.36042250089641376,0.31892608095954
90%,cubic_centered_lognormal,constant,0.7000000000000001,0.36493176596122406,0.31892608095954
90%,cubic_centered_lognormal,constant,0.8,0.3566768701205401,0.31892608095954
90%,cubic_centered_lognormal,constant,0.9,0.34986707002955936,0.31892608095954
90%,cubic_centered_lognormal,constant,1.0,0.33552813630595557,0.31892608095954
90%,cubic_centered_lognormal,entropy,0.1,0.1745661745661745,0.2537695394182977
90%,cubic_centered_lognormal,entropy,0.2,0.22682351443793083,0.2537695394182977
90%,cubic_centered_lognormal,entropy,0.30000000000000004,0.26960028452187557,0.2537695394182977
90%,cubic_centered_lognormal,entropy,0.4,0.26434944345076933,0.2537695394182977
90%,cubic_centered_lognormal,entropy,0.5,0.268382682144292,0.2537695394182977
90%,cubic_centered_lognormal,entropy,0.6,0.2873116210018514,0.2537695394182977
90%,cubic_centered_lognormal,entropy,0.7000000000000001,0.31700524744079484,0.2537695394182977
90%,cubic_centered_lognormal,entropy,0.8,0.3216338951213822,0.2537695394182977
90%,cubic_centered_lognormal,entropy,0.9,0.3275415506280165,0.2537695394182977
90%,cubic_centered_lognormal,entropy,1.0,0.3355281363059556,0.2537695394182977
90%,cubic_centered_lognormal,ood,0.1,0.24720171469397478,0.30562696250424615
90%,cubic_centered_lognormal,ood,0.2,0.2916231858956317,0.30562696250424615
90%,cubic_centered_lognormal,ood,0.30000000000000004,0.3463807294959211,0.30562696250424615
90%,cubic_centered_lognormal,ood,0.4,0.35230801532067496,0.30562696250424615
90%,cubic_centered_lognormal,ood,0.5,0.3634889243338346,0.30562696250424615
90%,cubic_centered_lognormal,ood,0.6,0.3699941314825372,0.30562696250424615
90%,cubic_centered_lognormal,ood,0.7000000000000001,0.35547506104997373,0.30562696250424615
90%,cubic_centered_lognormal,ood,0.8,0.34631997555311916,0.30562696250424615
90%,cubic_centered_lognormal,ood,0.9,0.339314676410804,0.30562696250424615
90%,cubic_centered_lognormal,ood,1.0,0.3355281363059555,0.30562696250424615
90%,cubic_centered_lognormal,self_compatibility,0.1,0.21466861598440543,0.25223682795179225
90%,cubic_centered_lognormal,self_compatibility,0.2,0.219605370263265,0.25223682795179225
90%,cubic_centered_lognormal,self_compatibility,0.30000000000000004,0.273373528116091,0.25223682795179225
90%,cubic_centered_lognormal,self_compatibility,0.4,0.2561206833184331,0.25223682795179225
90%,cubic_centered_lognormal,self_compatibility,0.5,0.2758367175949174,0.25223682795179225
90%,cubic_centered_lognormal,self_compatibility,0.6,0.28123269139351004,0.25223682795179225
90%,cubic_centered_lognormal,self_compatibility,0.7000000000000001,0.3065757368511476,0.25223682795179225
90%,cubic_centered_lognormal,self_compatibility,0.8,0.31207351041420556,0.25223682795179225
90%,cubic_centered_lognormal,self_compatibility,0.9,0.3224516654211722,0.25223682795179225
90%,cubic_centered_lognormal,self_compatibility,1.0,0.3355281363059556,0.25223682795179225
90%,cubic_centered_lognormal,lovo,0.1,0.34761904761904766,0.31623909338683454
90%,cubic_centered_lognormal,lovo,0.2,0.35655108890403014,0.31623909338683454
90%,cubic_centered_lognormal,lovo,0.30000000000000004,0.3637719231836879,0.31623909338683454
90%,cubic_centered_lognormal,lovo,0.4,0.3566877640407053,0.31623909338683454
90%,cubic_centered_lognormal,lovo,0.5,0.3574919181568798,0.31623909338683454
90%,cubic_centered_lognormal,lovo,0.6,0.361421000337204,0.31623909338683454
90%,cubic_centered_lognormal,lovo,0.7000000000000001,0.3463672379539717,0.31623909338683454
90%,cubic_centered_lognormal,lovo,0.8,0.3495545835090894,0.31623909338683454
90%,cubic_centered_lognormal,lovo,0.9,0.32897182582027545,0.31623909338683454
90%,cubic_centered_lognormal,lovo,1.0,0.3355281363059556,0.31623909338683454
90%,cubic_centered_lognormal,ordinary_risk_regression,0.1,0.16085668717247661,0.26259697505676627
90%,cubic_centered_lognormal,ordinary_risk_regression,0.2,0.227151990309885,0.26259697505676627
90%,cubic_centered_lognormal,ordinary_risk_regression,0.30000000000000004,0.2500593101279599,0.26259697505676627
90%,cubic_centered_lognormal,ordinary_risk_regression,0.4,0.2833827584399666,0.26259697505676627
90%,cubic_centered_lognormal,ordinary_risk_regression,0.5,0.2926417074700827,0.26259697505676627
90%,cubic_centered_lognormal,ordinary_risk_regression,0.6,0.3155461272452118,0.26259697505676627
90%,cubic_centered_lognormal,ordinary_risk_regression,0.7000000000000001,0.3284457864503666,0.26259697505676627
90%,cubic_centered_lognormal,ordinary_risk_regression,0.8,0.33520747563324277,0.26259697505676627
90%,cubic_centered_lognormal,ordinary_risk_regression,0.9,0.34534218315173115,0.26259697505676627
90%,cubic_centered_lognormal,ordinary_risk_regression,1.0,0.3355281363059555,0.26259697505676627
90%,cubic_centered_lognormal,threshold_aware,0.1,0.22525062656641603,0.24949916397971195
90%,cubic_centered_lognormal,threshold_aware,0.2,0.2121714997859162,0.24949916397971195
90%,cubic_centered_lognormal,threshold_aware,0.30000000000000004,0.24529973141529204,0.24949916397971195
90%,cubic_centered_lognormal,threshold_aware,0.4,0.24608310951274334,0.24949916397971195
90%,cubic_centered_lognormal,threshold_aware,0.5,0.27958253699291075,0.24949916397971195
90%,cubic_centered_lognormal,threshold_aware,0.6,0.29532833336638986,0.24949916397971195
90%,cubic_centered_lognormal,threshold_aware,0.7000000000000001,0.30530487351131874,0.24949916397971195
90%,cubic_centered_lognormal,threshold_aware,0.8,0.3095562873087472,0.24949916397971195
90%,cubic_centered_lognormal,threshold_aware,0.9,0.3212758864676155,0.24949916397971195
90%,cubic_centered_lognormal,threshold_aware,1.0,0.3355281363059557,0.24949916397971195
90%,cubic_centered_lognormal,proposed_blpc,0.1,0.27908085430968727,0.2554956257079157
90%,cubic_centered_lognormal,proposed_blpc,0.2,0.2485351361495526,0.2554956257079157
90%,cubic_centered_lognormal,proposed_blpc,0.30000000000000004,0.2395026299660167,0.2554956257079157
90%,cubic_centered_lognormal,proposed_blpc,0.4,0.2571942206238545,0.2554956257079157
90%,cubic_centered_lognormal,proposed_blpc,0.5,0.26977861542428333,0.2554956257079157
90%,cubic_centered_lognormal,proposed_blpc,0.6,0.29532833336638986,0.2554956257079157
90%,cubic_centered_lognormal,proposed_blpc,0.7000000000000001,0.30530487351131874,0.2554956257079157
90%,cubic_centered_lognormal,proposed_blpc,0.8,0.3095562873087471,0.2554956257079157
90%,cubic_centered_lognormal,proposed_blpc,0.9,0.3224516654211722,0.2554956257079157
90%,cubic_centered_lognormal,proposed_blpc,1.0,0.3355281363059556,0.2554956257079157
90%,cubic_gaussian,constant,0.1,0.4140857811834822,0.37915235794332613
90%,cubic_gaussian,constant,0.2,0.47535790890675944,0.37915235794332613
90%,cubic_gaussian,constant,0.30000000000000004,0.455702155597873,0.37915235794332613
90%,cubic_gaussian,constant,0.4,0.41066967072769606,0.37915235794332613
90%,cubic_gaussian,constant,0.5,0.4217680598144801,0.37915235794332613
90%,cubic_gaussian,constant,0.6,0.40460002694865205,0.37915235794332613
90%,cubic_gaussian,constant,0.7000000000000001,0.4061488701000707,0.37915235794332613
90%,cubic_gaussian,constant,0.8,0.41215820338883297,0.37915235794332613
90%,cubic_gaussian,constant,0.9,0.39778345943794924,0.37915235794332613
90%,cubic_gaussian,constant,1.0,0.40058466783841457,0.37915235794332613
90%,cubic_gaussian,entropy,0.1,0.20798073615411075,0.31496605022939916
90%,cubic_gaussian,entropy,0.2,0.28963564067884967,0.31496605022939916
90%,cubic_gaussian,entropy,0.30000000000000004,0.29908052970645516,0.31496605022939916
90%,cubic_gaussian,entropy,0.4,0.3390888472191474,0.31496605022939916
90%,cubic_gaussian,entropy,0.5,0.35840293272326484,0.31496605022939916
90%,cubic_gaussian,entropy,0.6,0.37277711832725346,0.31496605022939916
90%,cubic_gaussian,entropy,0.7000000000000001,0.3927727688888414,0.31496605022939916
90%,cubic_gaussian,entropy,0.8,0.3956354969875108,0.31496605022939916
90%,cubic_gaussian,entropy,0.9,0.39798446576640667,0.31496605022939916
90%,cubic_gaussian,entropy,1.0,0.4005846678384147,0.31496605022939916
90%,cubic_gaussian,ood,0.1,0.4753753753753754,0.38349175030503724
90%,cubic_gaussian,ood,0.2,0.4463237559728788,0.38349175030503724
90%,cubic_gaussian,ood,0.30000000000000004,0.4272559513062946,0.38349175030503724
90%,cubic_gaussian,ood,0.4,0.42501758568453846,0.38349175030503724
90%,cubic_gaussian,ood,0.5,0.43813372666728884,0.38349175030503724
90%,cubic_gaussian,ood,0.6,0.43800190098043035,0.38349175030503724
90%,cubic_gaussian,ood,0.7000000000000001,0.40967350906235933,0.38349175030503724
90%,cubic_gaussian,ood,0.8,0.41456104810267197,0.38349175030503724
90%,cubic_gaussian,ood,0.9,0.3979700036670147,0.38349175030503724
90%,cubic_gaussian,ood,1.0,0.4005846678384145,0.38349175030503724
90%,cubic_gaussian,self_compatibility,0.1,0.26735138499844385,0.3188167595198464
90%,cubic_gaussian,self_compatibility,0.2,0.3276927865163159,0.3188167595198464
90%,cubic_gaussian,self_compatibility,0.30000000000000004,0.31241386303978846,0.3188167595198464
90%,cubic_gaussian,self_compatibility,0.4,0.34268615570776023,0.3188167595198464
90%,cubic_gaussian,self_compatibility,0.5,0.35388313153679696,0.3188167595198464
90%,cubic_gaussian,self_compatibility,0.6,0.37159275916287887,0.3188167595198464
90%,cubic_gaussian,self_compatibility,0.7000000000000001,0.37785290308319863,0.3188167595198464
90%,cubic_gaussian,self_compatibility,0.8,0.3784624498358348,0.3188167595198464
90%,cubic_gaussian,self_compatibility,0.9,0.38961551989746074,0.3188167595198464
90%,cubic_gaussian,self_compatibility,1.0,0.40058466783841457,0.3188167595198464
90%,cubic_gaussian,lovo,0.1,0.4754696725711218,0.36140684198701667
90%,cubic_gaussian,lovo,0.2,0.4087558573065819,0.36140684198701667
90%,cubic_gaussian,lovo,0.30000000000000004,0.4156986489595186,0.36140684198701667
90%,cubic_gaussian,lovo,0.4,0.3987031224989452,0.36140684198701667
90%,cubic_gaussian,lovo,0.5,0.3944669679863847,0.36140684198701667
90%,cubic_gaussian,lovo,0.6,0.3938576305624077,0.36140684198701667
90%,cubic_gaussian,lovo,0.7000000000000001,0.37919353437553743,0.36140684198701667
90%,cubic_gaussian,lovo,0.8,0.39156488730968037,0.36140684198701667
90%,cubic_gaussian,lovo,0.9,0.3938006006663426,0.36140684198701667
90%,cubic_gaussian,lovo,1.0,0.40058466783841457,0.36140684198701667
90%,cubic_gaussian,ordinary_risk_regression,0.1,0.21549953314659195,0.31265925740104145
90%,cubic_gaussian,ordinary_risk_regression,0.2,0.22710799119467848,0.31265925740104145
90%,cubic_gaussian,ordinary_risk_regression,0.30000000000000004,0.3176312543441363,0.31265925740104145
90%,cubic_gaussian,ordinary_risk_regression,0.4,0.3535816008423358,0.31265925740104145
90%,cubic_gaussian,ordinary_risk_regression,0.5,0.35594355635084496,0.31265925740104145
90%,cubic_gaussian,ordinary_risk_regression,0.6,0.37414755504251773,0.31265925740104145
90%,cubic_gaussian,ordinary_risk_regression,0.7000000000000001,0.392568172285145,0.31265925740104145
90%,cubic_gaussian,ordinary_risk_regression,0.8,0.3993656521809232,0.31265925740104145
90%,cubic_gaussian,ordinary_risk_regression,0.9,0.3982046912773298,0.31265925740104145
90%,cubic_gaussian,ordinary_risk_regression,1.0,0.40058466783841457,0.31265925740104145
90%,cubic_gaussian,threshold_aware,0.1,0.19438339438339433,0.3113652003277778
90%,cubic_gaussian,threshold_aware,0.2,0.2832483420718715,0.3113652003277778
90%,cubic_gaussian,threshold_aware,0.30000000000000004,0.31241386303978846,0.3113652003277778
90%,cubic_gaussian,threshold_aware,0.4,0.3349221805524807,0.3113652003277778
90%,cubic_gaussian,threshold_aware,0.5,0.3538831315367969,0.3113652003277778
90%,cubic_gaussian,threshold_aware,0.6,0.3726144705294179,0.3113652003277778
90%,cubic_gaussian,threshold_aware,0.7000000000000001,0.375540303402178,0.3113652003277778
90%,cubic_gaussian,threshold_aware,0.8,0.3857716529783713,0.3113652003277778
90%,cubic_gaussian,threshold_aware,0.9,0.3977740280559689,0.3113652003277778
90%,cubic_gaussian,threshold_aware,1.0,0.40058466783841457,0.3113652003277778
90%,cubic_gaussian,proposed_blpc,0.1,0.19153439153439153,0.3113765096228437
90%,cubic_gaussian,proposed_blpc,0.2,0.2849533719098936,0.3113765096228437
90%,cubic_gaussian,proposed_blpc,0.30000000000000004,0.3124138630397884,0.3113765096228437
90%,cubic_gaussian,proposed_blpc,0.4,0.3349221805524807,0.3113765096228437
90%,cubic_gaussian,proposed_blpc,0.5,0.3538831315367969,0.3113765096228437
90%,cubic_gaussian,proposed_blpc,0.6,0.3726144705294179,0.3113765096228437
90%,cubic_gaussian,proposed_blpc,0.7000000000000001,0.38460221437796444,0.3113765096228437
90%,cubic_gaussian,proposed_blpc,0.8,0.3857716529783713,0.3113765096228437
90%,cubic_gaussian,proposed_blpc,0.9,0.38854468161732014,0.3113765096228437
90%,cubic_gaussian,proposed_blpc,1.0,0.40058466783841457,0.3113765096228437
90%,cubic_student_t3,constant,0.1,0.6581196581196581,0.4252521795073487
90%,cubic_student_t3,constant,0.2,0.5380545380545381,0.4252521795073487
90%,cubic_student_t3,constant,0.30000000000000004,0.49915306915306906,0.4252521795073487
90%,cubic_student_t3,constant,0.4,0.45346089096089087,0.4252521795073487
90%,cubic_student_t3,constant,0.5,0.43486747820081145,0.4252521795073487
90%,cubic_student_t3,constant,0.6,0.44731020008797784,0.4252521795073487
90%,cubic_student_t3,constant,0.7000000000000001,0.44822625186261544,0.4252521795073487
90%,cubic_student_t3,constant,0.8,0.4485578877368093,0.4252521795073487
90%,cubic_student_t3,constant,0.9,0.43457839742342913,0.4252521795073487
90%,cubic_student_t3,constant,1.0,0.43850650506703365,0.4252521795073487
90%,cubic_student_t3,entropy,0.1,0.4057239057239057,0.3602614501728379
90%,cubic_student_t3,entropy,0.2,0.4159571909571909,0.3602614501728379
90%,cubic_student_t3,entropy,0.30000000000000004,0.3977224627224627,0.3602614501728379
90%,cubic_student_t3,entropy,0.4,0.3869909411576078,0.3602614501728379
90%,cubic_student_t3,entropy,0.5,0.36249873583206915,0.3602614501728379
90%,cubic_student_t3,entropy,0.6,0.3661679526413826,0.3602614501728379
90%,cubic_student_t3,entropy,0.7000000000000001,0.41755732921740824,0.3602614501728379
90%,cubic_student_t3,entropy,0.8,0.4165604189154914,0.3602614501728379
90%,cubic_student_t3,entropy,0.9,0.41704426488929663,0.3602614501728379
90%,cubic_student_t3,entropy,1.0,0.43850650506703365,0.3602614501728379
90%,cubic_student_t3,ood,0.1,0.7288888888888888,0.47384838386365735
90%,cubic_student_t3,ood,0.2,0.598373015873016,0.47384838386365735
90%,cubic_student_t3,ood,0.30000000000000004,0.5868097064912922,0.47384838386365735
90%,cubic_student_t3,ood,0.4,0.5518588182601397,0.47384838386365735
90%,cubic_student_t3,ood,0.5,0.5170426101636673,0.47384838386365735
90%,cubic_student_t3,ood,0.6,0.5021210463885939,0.47384838386365735
90%,cubic_student_t3,ood,0.7000000000000001,0.4729641728194389,0.47384838386365735
90%,cubic_student_t3,ood,0.8,0.4653103985110592,0.47384838386365735
90%,cubic_student_t3,ood,0.9,0.4603063731514049,0.47384838386365735
90%,cubic_student_t3,ood,1.0,0.43850650506703365,0.47384838386365735
90%,cubic_student_t3,self_compatibility,0.1,0.2646982646982647,0.3752397322211344
90%,cubic_student_t3,self_compatibility,0.2,0.4144559144559145,0.3752397322211344
90%,cubic_student_t3,self_compatibility,0.30000000000000004,0.39661472514413687,0.3752397322211344
90%,cubic_student_t3,self_compatibility,0.4,0.3805122709534474,0.3752397322211344
90%,cubic_student_t3,self_compatibility,0.5,0.42885426120720244,0.3752397322211344
90%,cubic_student_t3,self_compatibility,0.6,0.4575769637044146,0.3752397322211344
90%,cubic_student_t3,self_compatibility,0.7000000000000001,0.4453893234264077,0.3752397322211344
90%,cubic_student_t3,self_compatibility,0.8,0.4400195782202389,0.3752397322211344
90%,cubic_student_t3,self_compatibility,0.9,0.43737190021693195,0.3752397322211344
90%,cubic_student_t3,self_compatibility,1.0,0.43850650506703365,0.3752397322211344
90%,cubic_student_t3,lovo,0.1,0.6761904761904763,0.47115008945434095
90%,cubic_student_t3,lovo,0.2,0.6753968253968256,0.47115008945434095
90%,cubic_student_t3,lovo,0.30000000000000004,0.5370958027479766,0.47115008945434095
90%,cubic_student_t3,lovo,0.4,0.5350308160154706,0.47115008945434095
90%,cubic_student_t3,lovo,0.5,0.5130246528123765,0.47115008945434095
90%,cubic_student_t3,lovo,0.6,0.5037992036223069,0.47115008945434095
90%,cubic_student_t3,lovo,0.7000000000000001,0.4805134417323443,0.47115008945434095
90%,cubic_student_t3,lovo,0.8,0.4646548041054648,0.47115008945434095
90%,cubic_student_t3,lovo,0.9,0.44463685748188914,0.47115008945434095
90%,cubic_student_t3,lovo,1.0,0.4385065050670336,0.47115008945434095
90%,cubic_student_t3,ordinary_risk_regression,0.1,0.5247715247715248,0.40127555826267935
90%,cubic_student_t3,ordinary_risk_regression,0.2,0.44117364117364116,0.40127555826267935
90%,cubic_student_t3,ordinary_risk_regression,0.30000000000000004,0.4178523328523328,0.40127555826267935
90%,cubic_student_t3,ordinary_risk_regression,0.4,0.44543249959916625,0.40127555826267935
90%,cubic_student_t3,ordinary_risk_regression,0.5,0.4270713527576272,0.40127555826267935
90%,cubic_student_t3,ordinary_risk_regression,0.6,0.46402771459961006,0.40127555826267935
90%,cubic_student_t3,ordinary_risk_regression,0.7000000000000001,0.4487443017813862,0.40127555826267935
90%,cubic_student_t3,ordinary_risk_regression,0.8,0.4430949750456357,0.40127555826267935
90%,cubic_student_t3,ordinary_risk_regression,0.9,0.44371974989811497,0.40127555826267935
90%,cubic_student_t3,ordinary_risk_regression,1.0,0.4385065050670336,0.40127555826267935
90%,cubic_student_t3,threshold_aware,0.1,0.4057239057239057,0.3650830629475107
90%,cubic_student_t3,threshold_aware,0.2,0.29068246568246564,0.3650830629475107
90%,cubic_student_t3,threshold_aware,0.30000000000000004,0.40367354867354865,0.3650830629475107
90%,cubic_student_t3,threshold_aware,0.4,0.3863946238946239,0.3650830629475107
90%,cubic_student_t3,threshold_aware,0.5,0.414988714988715,0.3650830629475107
90%,cubic_student_t3,threshold_aware,0.6,0.41212633944944255,0.3650830629475107
90%,cubic_student_t3,threshold_aware,0.7000000000000001,0.4283438688809532,0.3650830629475107
90%,cubic_student_t3,threshold_aware,0.8,0.45002949885515947,0.3650830629475107
90%,cubic_student_t3,threshold_aware,0.9,0.4424763636547287,0.3650830629475107
90%,cubic_student_t3,threshold_aware,1.0,0.43850650506703365,0.3650830629475107
90%,cubic_student_t3,proposed_blpc,0.1,0.4057239057239057,0.36899619043551735
90%,cubic_student_t3,proposed_blpc,0.2,0.29703167203167197,0.36899619043551735
90%,cubic_student_t3,proposed_blpc,0.30000000000000004,0.4036735486735486,0.36899619043551735
90%,cubic_student_t3,proposed_blpc,0.4,0.38639462389462387,0.36899619043551735
90%,cubic_student_t3,proposed_blpc,0.5,0.40899224232557574,0.36899619043551735
90%,cubic_student_t3,proposed_blpc,0.6,0.43902170209359753,0.36899619043551735
90%,cubic_student_t3,proposed_blpc,0.7000000000000001,0.44782438836147276,0.36899619043551735
90%,cubic_student_t3,proposed_blpc,0.8,0.45002949885515947,0.36899619043551735
90%,cubic_student_t3,proposed_blpc,0.9,0.4348790227240545,0.36899619043551735
90%,cubic_student_t3,proposed_blpc,1.0,0.43850650506703365,0.36899619043551735
95%,POOLED,constant,0.1,0.4240162990891594,0.2874585417741482
95%,POOLED,constant,0.2,0.36447127361455034,0.2874585417741482
95%,POOLED,constant,0.30000000000000004,0.31270482791045495,0.2874585417741482
95%,POOLED,constant,0.4,0.2830253193137413,0.2874585417741482
95%,POOLED,constant,0.5,0.27049743805922327,0.2874585417741482
95%,POOLED,constant,0.6,0.29284786954079467,0.2874585417741482
95%,POOLED,constant,0.7000000000000001,0.31388475560265366,0.2874585417741482
95%,POOLED,constant,0.8,0.3272756858761524,0.2874585417741482
95%,POOLED,constant,0.9,0.3323607963302423,0.2874585417741482
95%,POOLED,constant,1.0,0.33101860389817894,0.2874585417741482
95%,POOLED,entropy,0.1,0.24779281373484274,0.24476646271940544
95%,POOLED,entropy,0.2,0.22209209719933462,0.24476646271940544
95%,POOLED,entropy,0.30000000000000004,0.23169204784382025,0.24476646271940544
95%,POOLED,entropy,0.4,0.2528648825312582,0.24476646271940544
95%,POOLED,entropy,0.5,0.2618526746865403,0.24476646271940544
95%,POOLED,entropy,0.6,0.270913335025717,0.24476646271940544
95%,POOLED,entropy,0.7000000000000001,0.2966536002190019,0.24476646271940544
95%,POOLED,entropy,0.8,0.30589756767750975,0.24476646271940544
95%,POOLED,entropy,0.9,0.31629271319436136,0.24476646271940544
95%,POOLED,entropy,1.0,0.33101860389817894,0.24476646271940544
95%,POOLED,ood,0.1,0.3998573280124003,0.2999141050783835
95%,POOLED,ood,0.2,0.35507490901369104,0.2999141050783835
95%,POOLED,ood,0.30000000000000004,0.3328088737354507,0.2999141050783835
95%,POOLED,ood,0.4,0.3205127653023189,0.2999141050783835
95%,POOLED,ood,0.5,0.3323488048471143,0.2999141050783835
95%,POOLED,ood,0.6,0.3252836667315474,0.2999141050783835
95%,POOLED,ood,0.7000000000000001,0.3231071700131672,0.2999141050783835
95%,POOLED,ood,0.8,0.31985903611629735,0.2999141050783835
95%,POOLED,ood,0.9,0.3247078590689588,0.2999141050783835
95%,POOLED,ood,1.0,0.3310186038981789,0.2999141050783835
95%,POOLED,self_compatibility,0.1,0.21535177785177784,0.24544549676686597
95%,POOLED,self_compatibility,0.2,0.21801811998535425,0.24544549676686597
95%,POOLED,self_compatibility,0.30000000000000004,0.2450390888441403,0.24544549676686597
95%,POOLED,self_compatibility,0.4,0.26533985535477433,0.24544549676686597
95%,POOLED,self_compatibility,0.5,0.2651201653329233,0.24544549676686597
95%,POOLED,self_compatibility,0.6,0.2782497634943561,0.24544549676686597
95%,POOLED,self_compatibility,0.7000000000000001,0.2899880485398387,0.24544549676686597
95%,POOLED,self_compatibility,0.8,0.3044300752350183,0.24544549676686597
95%,POOLED,self_compatibility,0.9,0.3150846600072762,0.24544549676686597
95%,POOLED,self_compatibility,1.0,0.3310186038981789,0.24544549676686597
95%,POOLED,lovo,0.1,0.4603586131719124,0.31215118151494814
95%,POOLED,lovo,0.2,0.4216310642081928,0.31215118151494814
95%,POOLED,lovo,0.30000000000000004,0.38472485600031847,0.31215118151494814
95%,POOLED,lovo,0.4,0.35014882589402413,0.31215118151494814
95%,POOLED,lovo,0.5,0.3266750415335967,0.31215118151494814
95%,POOLED,lovo,0.6,0.31146770714475513,0.31215118151494814
95%,POOLED,lovo,0.7000000000000001,0.3061161140814745,0.31215118151494814
95%,POOLED,lovo,0.8,0.3073314868960448,0.31215118151494814
95%,POOLED,lovo,0.9,0.31772811085602903,0.31215118151494814
95%,POOLED,lovo,1.0,0.3310186038981789,0.31215118151494814
95%,POOLED,ordinary_risk_regression,0.1,0.18371375315523208,0.24951954054355174
95%,POOLED,ordinary_risk_regression,0.2,0.22522554137464562,0.24951954054355174
95%,POOLED,ordinary_risk_regression,0.30000000000000004,0.26721985468672815,0.24951954054355174
95%,POOLED,ordinary_risk_regression,0.4,0.27151322971859637,0.24951954054355174
95%,POOLED,ordinary_risk_regression,0.5,0.26987512431373895,0.24951954054355174
95%,POOLED,ordinary_risk_regression,0.6,0.2805642041884811,0.24951954054355174
95%,POOLED,ordinary_risk_regression,0.7000000000000001,0.2956587678441209,0.24951954054355174
95%,POOLED,ordinary_risk_regression,0.8,0.3058847256494843,0.24951954054355174
95%,POOLED,ordinary_risk_regression,0.9,0.3218877791330166,0.24951954054355174
95%,POOLED,ordinary_risk_regression,1.0,0.33101860389817883,0.24951954054355174
95%,POOLED,threshold_aware,0.1,0.210359393692727,0.2386680061488129
95%,POOLED,threshold_aware,0.2,0.19959430309017512,0.2386680061488129
95%,POOLED,threshold_aware,0.30000000000000004,0.2265999318846881,0.2386680061488129
95%,POOLED,threshold_aware,0.4,0.24587550394077645,0.2386680061488129
95%,POOLED,threshold_aware,0.5,0.26418441930504827,0.2386680061488129
95%,POOLED,threshold_aware,0.6,0.27718629373483866,0.2386680061488129
95%,POOLED,threshold_aware,0.7000000000000001,0.2889360885353401,0.2386680061488129
95%,POOLED,threshold_aware,0.8,0.3000946577099456,0.2386680061488129
95%,POOLED,threshold_aware,0.9,0.3135198644918634,0.2386680061488129
95%,POOLED,threshold_aware,1.0,0.33101860389817894,0.2386680061488129
95%,POOLED,proposed_blpc,0.1,0.15480383813717147,0.23566635064020386
95%,POOLED,proposed_blpc,0.2,0.1986094414755181,0.23566635064020386
95%,POOLED,proposed_blpc,0.30000000000000004,0.22553584455317832,0.23566635064020386
95%,POOLED,proposed_blpc,0.4,0.24952045672904521,0.23566635064020386
95%,POOLED,proposed_blpc,0.5,0.2563692920757984,0.23566635064020386
95%,POOLED,proposed_blpc,0.6,0.2760412614895885,0.23566635064020386
95%,POOLED,proposed_blpc,0.7000000000000001,0.292161325106155,0.23566635064020386
95%,POOLED,proposed_blpc,0.8,0.30083481793286443,0.23566635064020386
95%,POOLED,proposed_blpc,0.9,0.3146798460222153,0.23566635064020386
95%,POOLED,proposed_blpc,1.0,0.33101860389817894,0.23566635064020386
95%,arctan_centered_lognormal,constant,0.1,0.11564865340609043,0.17605983701935596
95%,arctan_centered_lognormal,constant,0.2,0.16896514666739457,0.17605983701935596
95%,arctan_centered_lognormal,constant,0.30000000000000004,0.20398851560986433,0.17605983701935596
95%,arctan_centered_lognormal,constant,0.4,0.19626300767160287,0.17605983701935596
95%,arctan_centered_lognormal,constant,0.5,0.1900262791531553,0.17605983701935596
95%,arctan_centered_lognormal,constant,0.6,0.19056811778169105,0.17605983701935596
95%,arctan_centered_lognormal,constant,0.7000000000000001,0.21617040581573582,0.17605983701935596
95%,arctan_centered_lognormal,constant,0.8,0.21968398310886897,0.17605983701935596
95%,arctan_centered_lognormal,constant,0.9,0.2117402122355356,0.17605983701935596
95%,arctan_centered_lognormal,constant,1.0,0.2107367508933317,0.17605983701935596
95%,arctan_centered_lognormal,entropy,0.1,0.09810479375696768,0.124833233665566
95%,arctan_centered_lognormal,entropy,0.2,0.08801343583952281,0.124833233665566
95%,arctan_centered_lognormal,entropy,0.30000000000000004,0.10573846443411661,0.124833233665566
95%,arctan_centered_lognormal,entropy,0.4,0.1079334507061433,0.124833233665566
95%,arctan_centered_lognormal,entropy,0.5,0.11322562882309324,0.124833233665566
95%,arctan_centered_lognormal,entropy,0.6,0.13450823820057875,0.124833233665566
95%,arctan_centered_lognormal,entropy,0.7000000000000001,0.16544435175412772,0.124833233665566
95%,arctan_centered_lognormal,entropy,0.8,0.18127333551317917,0.124833233665566
95%,arctan_centered_lognormal,entropy,0.9,0.19777465905974886,0.124833233665566
95%,arctan_centered_lognormal,entropy,1.0,0.21073675089333171,0.124833233665566
95%,arctan_centered_lognormal,ood,0.1,0.14141414141414146,0.17738370065995968
95%,arctan_centered_lognormal,ood,0.2,0.14674597433218126,0.17738370065995968
95%,arctan_centered_lognormal,ood,0.30000000000000004,0.2041124933214183,0.17738370065995968
95%,arctan_centered_lognormal,ood,0.4,0.19733733417810498,0.17738370065995968
95%,arctan_centered_lognormal,ood,0.5,0.19736807522778863,0.17738370065995968
95%,arctan_centered_lognormal,ood,0.6,0.22174495329471444,0.17738370065995968
95%,arctan_centered_lognormal,ood,0.7000000000000001,0.21415623502315187,0.17738370065995968
95%,arctan_centered_lognormal,ood,0.8,0.215729188288568,0.17738370065995968
95%,arctan_centered_lognormal,ood,0.9,0.20056730677993276,0.17738370065995968
95%,arctan_centered_lognormal,ood,1.0,0.2107367508933317,0.17738370065995968
95%,arctan_centered_lognormal,self_compatibility,0.1,0.025641025641025633,0.115096998341272
95%,arctan_centered_lognormal,self_compatibility,0.2,0.04079254079254078,0.115096998341272
95%,arctan_centered_lognormal,self_compatibility,0.30000000000000004,0.0758171137428103,0.115096998341272
95%,arctan_centered_lognormal,self_compatibility,0.4,0.10286346780154827,0.115096998341272
95%,arctan_centered_lognormal,self_compatibility,0.5,0.12366239612260564,0.115096998341272
95%,arctan_centered_lognormal,self_compatibility,0.6,0.13602163623752872,0.115096998341272
95%,arctan_centered_lognormal,self_compatibility,0.7000000000000001,0.16895036230881977,0.115096998341272
95%,arctan_centered_lognormal,self_compatibility,0.8,0.18853290600804376,0.115096998341272
95%,arctan_centered_lognormal,self_compatibility,0.9,0.19614067213164427,0.115096998341272
95%,arctan_centered_lognormal,self_compatibility,1.0,0.2107367508933317,0.115096998341272
95%,arctan_centered_lognormal,lovo,0.1,0.052525252525252496,0.14241735813823697
95%,arctan_centered_lognormal,lovo,0.2,0.05190365190365188,0.14241735813823697
95%,arctan_centered_lognormal,lovo,0.30000000000000004,0.15259582522740417,0.14241735813823697
95%,arctan_centered_lognormal,lovo,0.4,0.14153100378145753,0.14241735813823697
95%,arctan_centered_lognormal,lovo,0.5,0.16478666915092666,0.14241735813823697
95%,arctan_centered_lognormal,lovo,0.6,0.17962827714836382,0.14241735813823697
95%,arctan_centered_lognormal,lovo,0.7000000000000001,0.1907582535386177,0.14241735813823697
95%,arctan_centered_lognormal,lovo,0.8,0.20183822813689534,0.14241735813823697
95%,arctan_centered_lognormal,lovo,0.9,0.20950067078576057,0.14241735813823697
95%,arctan_centered_lognormal,lovo,1.0,0.21073675089333171,0.14241735813823697
95%,arctan_centered_lognormal,ordinary_risk_regression,0.1,0.025641025641025633,0.122857593540819
95%,arctan_centered_lognormal,ordinary_risk_regression,0.2,0.04079254079254078,0.122857593540819
95%,arctan_centered_lognormal,ordinary_risk_regression,0.30000000000000004,0.08735772998930892,0.122857593540819
95%,arctan_centered_lognormal,ordinary_risk_regression,0.4,0.11167572833794674,0.122857593540819
95%,arctan_centered_lognormal,ordinary_risk_regression,0.5,0.1249444474046569,0.122857593540819
95%,arctan_centered_lognormal,ordinary_risk_regression,0.6,0.16023590481481506,0.122857593540819
95%,arctan_centered_lognormal,ordinary_risk_regression,0.7000000000000001,0.19092653876382892,0.122857593540819
95%,arctan_centered_lognormal,ordinary_risk_regression,0.8,0.19667949797816517,0.122857593540819
95%,arctan_centered_lognormal,ordinary_risk_regression,0.9,0.19777465905974884,0.122857593540819
95%,arctan_centered_lognormal,ordinary_risk_regression,1.0,0.2107367508933317,0.122857593540819
95%,arctan_centered_lognormal,threshold_aware,0.1,0.025641025641025633,0.11436999763494962
95%,arctan_centered_lognormal,threshold_aware,0.2,0.04079254079254078,0.11436999763494962
95%,arctan_centered_lognormal,threshold_aware,0.30000000000000004,0.060691063322642236,0.11436999763494962
95%,arctan_centered_lognormal,threshold_aware,0.4,0.08792259736195661,0.11436999763494962
95%,arctan_centered_lognormal,threshold_aware,0.5,0.13006937781694364,0.11436999763494962
95%,arctan_centered_lognormal,threshold_aware,0.6,0.15667157146120966,0.11436999763494962
95%,arctan_centered_lognormal,threshold_aware,0.7000000000000001,0.17024742072162777,0.11436999763494962
95%,arctan_centered_lognormal,threshold_aware,0.8,0.18297584447375262,0.11436999763494962
95%,arctan_centered_lognormal,threshold_aware,0.9,0.19614067213164427,0.11436999763494962
95%,arctan_centered_lognormal,threshold_aware,1.0,0.2107367508933317,0.11436999763494962
95%,arctan_centered_lognormal,proposed_blpc,0.1,0.025641025641025633,0.11458188094455589
95%,arctan_centered_lognormal,proposed_blpc,0.2,0.04079254079254078,0.11458188094455589
95%,arctan_centered_lognormal,proposed_blpc,0.30000000000000004,0.06948227211385102,0.11458188094455589
95%,arctan_centered_lognormal,proposed_blpc,0.4,0.08792259736195661,0.11458188094455589
95%,arctan_centered_lognormal,proposed_blpc,0.5,0.13006937781694364,0.11458188094455589
95%,arctan_centered_lognormal,proposed_blpc,0.6,0.14733450330061207,0.11458188094455589
95%,arctan_centered_lognormal,proposed_blpc,0.7000000000000001,0.17167344567706447,0.11458188094455589
95%,arctan_centered_lognormal,proposed_blpc,0.8,0.18258052505566283,0.11458188094455589
95%,arctan_centered_lognormal,proposed_blpc,0.9,0.19777465905974886,0.11458188094455589
95%,arctan_centered_lognormal,proposed_blpc,1.0,0.21073675089333171,0.11458188094455589
95%,arctan_gaussian,constant,0.1,0.3791120312859444,0.37355759242023207
95%,arctan_gaussian,constant,0.2,0.42127816186580236,0.37355759242023207
95%,arctan_gaussian,constant,0.30000000000000004,0.4239320368892724,0.37355759242023207
95%,arctan_gaussian,constant,0.4,0.44039790952893915,0.37355759242023207
95%,arctan_gaussian,constant,0.5,0.42169243177986415,0.37355759242023207
95%,arctan_gaussian,constant,0.6,0.4240162990891594,0.37355759242023207
95%,arctan_gaussian,constant,0.7000000000000001,0.40168467055306095,0.37355759242023207
95%,arctan_gaussian,constant,0.8,0.3955900017018157,0.37355759242023207
95%,arctan_gaussian,constant,0.9,0.41131809675082026,0.37355759242023207
95%,arctan_gaussian,constant,1.0,0.41222060080122847,0.37355759242023207
95%,arctan_gaussian,entropy,0.1,0.3203463203463204,0.3242687314825079
95%,arctan_gaussian,entropy,0.2,0.32808415417111075,0.3242687314825079
95%,arctan_gaussian,entropy,0.30000000000000004,0.3381662819763506,0.3242687314825079
95%,arctan_gaussian,entropy,0.4,0.3445238756599524,0.3242687314825079
95%,arctan_gaussian,entropy,0.5,0.3580691472133027,0.3242687314825079
95%,arctan_gaussian,entropy,0.6,0.355398944391623,0.3242687314825079
95%,arctan_gaussian,entropy,0.7000000000000001,0.37024161669017186,0.3242687314825079
95%,arctan_gaussian,entropy,0.8,0.381426839108848,0.3242687314825079
95%,arctan_gaussian,entropy,0.9,0.4004929950399456,0.3242687314825079
95%,arctan_gaussian,entropy,1.0,0.41222060080122847,0.3242687314825079
95%,arctan_gaussian,ood,0.1,0.4827688651218063,0.3912984071044139
95%,arctan_gaussian,ood,0.2,0.5032589921098812,0.3912984071044139
95%,arctan_gaussian,ood,0.30000000000000004,0.4319355032511519,0.3912984071044139
95%,arctan_gaussian,ood,0.4,0.4235427439373634,0.3912984071044139
95%,arctan_gaussian,ood,0.5,0.42624947754191733,0.3912984071044139
95%,arctan_gaussian,ood,0.6,0.4282328332953737,0.3912984071044139
95%,arctan_gaussian,ood,0.7000000000000001,0.41973388751232965,0.3912984071044139
95%,arctan_gaussian,ood,0.8,0.42166339113917567,0.3912984071044139
95%,arctan_gaussian,ood,0.9,0.41087250929542884,0.3912984071044139
95%,arctan_gaussian,ood,1.0,0.41222060080122847,0.3912984071044139
95%,arctan_gaussian,self_compatibility,0.1,0.38771929824561396,0.3205490941909398
95%,arctan_gaussian,self_compatibility,0.2,0.3199419002050581,0.3205490941909398
95%,arctan_gaussian,self_compatibility,0.30000000000000004,0.3059748019587837,0.3205490941909398
95%,arctan_gaussian,self_compatibility,0.4,0.3106200272733453,0.3205490941909398
95%,arctan_gaussian,self_compatibility,0.5,0.3355239364327977,0.3205490941909398
95%,arctan_gaussian,self_compatibility,0.6,0.3743796151369996,0.3205490941909398
95%,arctan_gaussian,self_compatibility,0.7000000000000001,0.3815364490077314,0.3205490941909398
95%,arctan_gaussian,self_compatibility,0.8,0.3822385274205364,0.3205490941909398
95%,arctan_gaussian,self_compatibility,0.9,0.39530573495072474,0.3205490941909398
95%,arctan_gaussian,self_compatibility,1.0,0.4122206008012284,0.3205490941909398
95%,arctan_gaussian,lovo,0.1,0.268671679197995,0.3346110159546569
95%,arctan_gaussian,lovo,0.2,0.33622076023391817,0.3346110159546569
95%,arctan_gaussian,lovo,0.30000000000000004,0.36721704717816533,0.3346110159546569
95%,arctan_gaussian,lovo,0.4,0.36195826192586034,0.3346110159546569
95%,arctan_gaussian,lovo,0.5,0.36171475768883643,0.3346110159546569
95%,arctan_gaussian,lovo,0.6,0.37872365073103514,0.3346110159546569
95%,arctan_gaussian,lovo,0.7000000000000001,0.39372291113823044,0.3346110159546569
95%,arctan_gaussian,lovo,0.8,0.40047495810566747,0.3346110159546569
95%,arctan_gaussian,lovo,0.9,0.4056316725452443,0.3346110159546569
95%,arctan_gaussian,lovo,1.0,0.41222060080122847,0.3346110159546569
95%,arctan_gaussian,ordinary_risk_regression,0.1,0.3324675324675325,0.3270567851076928
95%,arctan_gaussian,ordinary_risk_regression,0.2,0.34721019721019725,0.3270567851076928
95%,arctan_gaussian,ordinary_risk_regression,0.30000000000000004,0.32099456480463345,0.3270567851076928
95%,arctan_gaussian,ordinary_risk_regression,0.4,0.3228577895111076,0.3270567851076928
95%,arctan_gaussian,ordinary_risk_regression,0.5,0.3684252573341187,0.3270567851076928
95%,arctan_gaussian,ordinary_risk_regression,0.6,0.3791711199285044,0.3270567851076928
95%,arctan_gaussian,ordinary_risk_regression,0.7000000000000001,0.3815364490077314,0.3270567851076928
95%,arctan_gaussian,ordinary_risk_regression,0.8,0.3822385274205364,0.3270567851076928
95%,arctan_gaussian,ordinary_risk_regression,0.9,0.39578987922571873,0.3270567851076928
95%,arctan_gaussian,ordinary_risk_regression,1.0,0.4122206008012285,0.3270567851076928
95%,arctan_gaussian,threshold_aware,0.1,0.3203463203463204,0.3188553025070133
95%,arctan_gaussian,threshold_aware,0.2,0.3244031796663376,0.3188553025070133
95%,arctan_gaussian,threshold_aware,0.30000000000000004,0.3292071251911069,0.3188553025070133
95%,arctan_gaussian,threshold_aware,0.4,0.3228577895111076,0.3188553025070133
95%,arctan_gaussian,threshold_aware,0.5,0.33594190926456374,0.3188553025070133
95%,arctan_gaussian,threshold_aware,0.6,0.3463491706359668,0.3188553025070133
95%,arctan_gaussian,threshold_aware,0.7000000000000001,0.3815364490077314,0.3188553025070133
95%,arctan_gaussian,threshold_aware,0.8,0.38666820626881987,0.3188553025070133
95%,arctan_gaussian,threshold_aware,0.9,0.3953057349507248,0.3188553025070133
95%,arctan_gaussian,threshold_aware,1.0,0.41222060080122847,0.3188553025070133
95%,arctan_gaussian,proposed_blpc,0.1,0.3658008658008658,0.3239988150628743
95%,arctan_gaussian,proposed_blpc,0.2,0.3244031796663375,0.3239988150628743
95%,arctan_gaussian,proposed_blpc,0.30000000000000004,0.3292071251911069,0.3239988150628743
95%,arctan_gaussian,proposed_blpc,0.4,0.3479900646433827,0.3239988150628743
95%,arctan_gaussian,proposed_blpc,0.5,0.34360474451360584,0.3239988150628743
95%,arctan_gaussian,proposed_blpc,0.6,0.35060743960011814,0.3239988150628743
95%,arctan_gaussian,proposed_blpc,0.7000000000000001,0.37762060134188374,0.3239988150628743
95%,arctan_gaussian,proposed_blpc,0.8,0.3822385274205364,0.3239988150628743
95%,arctan_gaussian,proposed_blpc,0.9,0.39530573495072474,0.3239988150628743
95%,arctan_gaussian,proposed_blpc,1.0,0.4122206008012284,0.3239988150628743
95%,arctan_student_t3,constant,0.1,0.19033816425120767,0.16231265559966263
95%,arctan_student_t3,constant,0.2,0.12572463768115935,0.16231265559966263
95%,arctan_student_t3,constant,0.30000000000000004,0.1604297876037006,0.16231265559966263
95%,arctan_student_t3,constant,0.4,0.17691095136747306,0.16231265559966263
95%,arctan_student_t3,constant,0.5,0.19642894258218171,0.16231265559966263
95%,arctan_student_t3,constant,0.6,0.2063926488391887,0.16231265559966263
95%,arctan_student_t3,constant,0.7000000000000001,0.19024912928961377,0.16231265559966263
95%,arctan_student_t3,constant,0.8,0.18967281295992375,0.16231265559966263
95%,arctan_student_t3,constant,0.9,0.18788108230622652,0.16231265559966263
95%,arctan_student_t3,constant,1.0,0.1885349624831095,0.16231265559966263
95%,arctan_student_t3,entropy,0.1,0.18650793650793654,0.15324328432691176
95%,arctan_student_t3,entropy,0.2,0.14472455648926238,0.15324328432691176
95%,arctan_student_t3,entropy,0.30000000000000004,0.16898935120606948,0.15324328432691176
95%,arctan_student_t3,entropy,0.4,0.17383311734704923,0.15324328432691176
95%,arctan_student_t3,entropy,0.5,0.16228586709701262,0.15324328432691176
95%,arctan_student_t3,entropy,0.6,0.16914626855785533,0.15324328432691176
95%,arctan_student_t3,entropy,0.7000000000000001,0.1679683722518235,0.15324328432691176
95%,arctan_student_t3,entropy,0.8,0.17670963858216251,0.15324328432691176
95%,arctan_student_t3,entropy,0.9,0.18125422224235946,0.15324328432691176
95%,arctan_student_t3,entropy,1.0,0.1885349624831095,0.15324328432691176
95%,arctan_student_t3,ood,0.1,0.29668737060041406,0.19618562491016772
95%,arctan_student_t3,ood,0.2,0.2905941390207152,0.19618562491016772
95%,arctan_student_t3,ood,0.30000000000000004,0.22494726517968142,0.19618562491016772
95%,arctan_student_t3,ood,0.4,0.21823256946791633,0.19618562491016772
95%,arctan_student_t3,ood,0.5,0.20817579916407664,0.19618562491016772
95%,arctan_student_t3,ood,0.6,0.19791182765696083,0.19618562491016772
95%,arctan_student_t3,ood,0.7000000000000001,0.19109374141881083,0.19618562491016772
95%,arctan_student_t3,ood,0.8,0.1939192629672433,0.19618562491016772
95%,arctan_student_t3,ood,0.9,0.19437047768451077,0.19618562491016772
95%,arctan_student_t3,ood,1.0,0.1885349624831095,0.19618562491016772
95%,arctan_student_t3,self_compatibility,0.1,0.08333333333333333,0.13749052506378479
95%,arctan_student_t3,self_compatibility,0.2,0.13480392156862747,0.13749052506378479
95%,arctan_student_t3,self_compatibility,0.30000000000000004,0.13859979889391655,0.13749052506378479
95%,arctan_student_t3,self_compatibility,0.4,0.1440712609830257,0.13749052506378479
95%,arctan_student_t3,self_compatibility,0.5,0.1597573901746738,0.13749052506378479
95%,arctan_student_t3,self_compatibility,0.6,0.1562943378920742,0.13749052506378479
95%,arctan_student_t3,self_compatibility,0.7000000000000001,0.16109798773438014,0.13749052506378479
95%,arctan_student_t3,self_compatibility,0.8,0.16793007241922922,0.13749052506378479
95%,arctan_student_t3,self_compatibility,0.9,0.1764163330636995,0.13749052506378479
95%,arctan_student_t3,self_compatibility,1.0,0.1885349624831095,0.13749052506378479
95%,arctan_student_t3,lovo,0.1,0.2436061381074169,0.17701782395879292
95%,arctan_student_t3,lovo,0.2,0.252655911863073,0.17701782395879292
95%,arctan_student_t3,lovo,0.30000000000000004,0.19557113815425836,0.17701782395879292
95%,arctan_student_t3,lovo,0.4,0.20005728817480062,0.17701782395879292
95%,arctan_student_t3,lovo,0.5,0.19540297339698334,0.17701782395879292
95%,arctan_student_t3,lovo,0.6,0.17337891729549418,0.17701782395879292
95%,arctan_student_t3,lovo,0.7000000000000001,0.17599744473551357,0.17701782395879292
95%,arctan_student_t3,lovo,0.8,0.17716432434088744,0.17701782395879292
95%,arctan_student_t3,lovo,0.9,0.1838796913316554,0.17701782395879292
95%,arctan_student_t3,lovo,1.0,0.1885349624831095,0.17701782395879292
95%,arctan_student_t3,ordinary_risk_regression,0.1,0.13888888888888895,0.15044734908353444
95%,arctan_student_t3,ordinary_risk_regression,0.2,0.19843229869545662,0.15044734908353444
95%,arctan_student_t3,ordinary_risk_regression,0.30000000000000004,0.15867189088860917,0.15044734908353444
95%,arctan_student_t3,ordinary_risk_regression,0.4,0.16972657574050762,0.15044734908353444
95%,arctan_student_t3,ordinary_risk_regression,0.5,0.15313384265087046,0.15044734908353444
95%,arctan_student_t3,ordinary_risk_regression,0.6,0.15336911129996783,0.15044734908353444
95%,arctan_student_t3,ordinary_risk_regression,0.7000000000000001,0.16189750606848347,0.15044734908353444
95%,arctan_student_t3,ordinary_risk_regression,0.8,0.17001577807830445,0.15044734908353444
95%,arctan_student_t3,ordinary_risk_regression,0.9,0.17551456172714555,0.15044734908353444
95%,arctan_student_t3,ordinary_risk_regression,1.0,0.18853496248310947,0.15044734908353444
95%,arctan_student_t3,threshold_aware,0.1,0.10317460317460318,0.13196642942517287
95%,arctan_student_t3,threshold_aware,0.2,0.12843915343915344,0.13196642942517287
95%,arctan_student_t3,threshold_aware,0.30000000000000004,0.11604108309990661,0.13196642942517287
95%,arctan_student_t3,threshold_aware,0.4,0.11946000622471209,0.13196642942517287
95%,arctan_student_t3,threshold_aware,0.5,0.14061769213471997,0.13196642942517287
95%,arctan_student_t3,threshold_aware,0.6,0.1600618448948753,0.13196642942517287
95%,arctan_student_t3,threshold_aware,0.7000000000000001,0.16418049346394467,0.13196642942517287
95%,arctan_student_t3,threshold_aware,0.8,0.16849120991770686,0.13196642942517287
95%,arctan_student_t3,threshold_aware,0.9,0.17651802824785343,0.13196642942517287
95%,arctan_student_t3,threshold_aware,1.0,0.18853496248310947,0.13196642942517287
95%,arctan_student_t3,proposed_blpc,0.1,0.10317460317460318,0.130639236837692
95%,arctan_student_t3,proposed_blpc,0.2,0.11972455648926235,0.130639236837692
95%,arctan_student_t3,proposed_blpc,0.30000000000000004,0.11716153127917832,0.130639236837692
95%,arctan_student_t3,proposed_blpc,0.4,0.11675437851908438,0.130639236837692
95%,arctan_student_t3,proposed_blpc,0.5,0.13883197784900567,0.130639236837692
95%,arctan_student_t3,proposed_blpc,0.6,0.15129088723644968,0.130639236837692
95%,arctan_student_t3,proposed_blpc,0.7000000000000001,0.1675642487460957,0.130639236837692
95%,arctan_student_t3,proposed_blpc,0.8,0.17269197718113402,0.130639236837692
95%,arctan_student_t3,proposed_blpc,0.9,0.17651802824785345,0.130639236837692
95%,arctan_student_t3,proposed_blpc,1.0,0.1885349624831095,0.130639236837692
95%,cubic_centered_lognormal,constant,0.1,0.35519495154383596,0.31892608095954
95%,cubic_centered_lognormal,constant,0.2,0.3665952971226805,0.31892608095954
95%,cubic_centered_lognormal,constant,0.30000000000000004,0.33224381273415576,0.31892608095954
95%,cubic_centered_lognormal,constant,0.4,0.3604120327504765,0.31892608095954
95%,cubic_centered_lognormal,constant,0.5,0.3527499160554537,0.31892608095954
95%,cubic_centered_lognormal,constant,0.6,0.36042250089641376,0.31892608095954
95%,cubic_centered_lognormal,constant,0.7000000000000001,0.36493176596122406,0.31892608095954
95%,cubic_centered_lognormal,constant,0.8,0.3566768701205401,0.31892608095954
95%,cubic_centered_lognormal,constant,0.9,0.34986707002955936,0.31892608095954
95%,cubic_centered_lognormal,constant,1.0,0.33552813630595557,0.31892608095954
95%,cubic_centered_lognormal,entropy,0.1,0.1745661745661745,0.2537695394182977
95%,cubic_centered_lognormal,entropy,0.2,0.22682351443793083,0.2537695394182977
95%,cubic_centered_lognormal,entropy,0.30000000000000004,0.26960028452187557,0.2537695394182977
95%,cubic_centered_lognormal,entropy,0.4,0.26434944345076933,0.2537695394182977
95%,cubic_centered_lognormal,entropy,0.5,0.268382682144292,0.2537695394182977
95%,cubic_centered_lognormal,entropy,0.6,0.2873116210018514,0.2537695394182977
95%,cubic_centered_lognormal,entropy,0.7000000000000001,0.31700524744079484,0.2537695394182977
95%,cubic_centered_lognormal,entropy,0.8,0.3216338951213822,0.2537695394182977
95%,cubic_centered_lognormal,entropy,0.9,0.3275415506280165,0.2537695394182977
95%,cubic_centered_lognormal,entropy,1.0,0.3355281363059556,0.2537695394182977
95%,cubic_centered_lognormal,ood,0.1,0.24720171469397478,0.30562696250424615
95%,cubic_centered_lognormal,ood,0.2,0.2916231858956317,0.30562696250424615
95%,cubic_centered_lognormal,ood,0.30000000000000004,0.3463807294959211,0.30562696250424615
95%,cubic_centered_lognormal,ood,0.4,0.35230801532067496,0.30562696250424615
95%,cubic_centered_lognormal,ood,0.5,0.3634889243338346,0.30562696250424615
95%,cubic_centered_lognormal,ood,0.6,0.3699941314825372,0.30562696250424615
95%,cubic_centered_lognormal,ood,0.7000000000000001,0.35547506104997373,0.30562696250424615
95%,cubic_centered_lognormal,ood,0.8,0.34631997555311916,0.30562696250424615
95%,cubic_centered_lognormal,ood,0.9,0.339314676410804,0.30562696250424615
95%,cubic_centered_lognormal,ood,1.0,0.3355281363059555,0.30562696250424615
95%,cubic_centered_lognormal,self_compatibility,0.1,0.21466861598440543,0.25223682795179225
95%,cubic_centered_lognormal,self_compatibility,0.2,0.219605370263265,0.25223682795179225
95%,cubic_centered_lognormal,self_compatibility,0.30000000000000004,0.273373528116091,0.25223682795179225
95%,cubic_centered_lognormal,self_compatibility,0.4,0.2561206833184331,0.25223682795179225
95%,cubic_centered_lognormal,self_compatibility,0.5,0.2758367175949174,0.25223682795179225
95%,cubic_centered_lognormal,self_compatibility,0.6,0.28123269139351004,0.25223682795179225
95%,cubic_centered_lognormal,self_compatibility,0.7000000000000001,0.3065757368511476,0.25223682795179225
95%,cubic_centered_lognormal,self_compatibility,0.8,0.31207351041420556,0.25223682795179225
95%,cubic_centered_lognormal,self_compatibility,0.9,0.3224516654211722,0.25223682795179225
95%,cubic_centered_lognormal,self_compatibility,1.0,0.3355281363059556,0.25223682795179225
95%,cubic_centered_lognormal,lovo,0.1,0.34761904761904766,0.31623909338683454
95%,cubic_centered_lognormal,lovo,0.2,0.35655108890403014,0.31623909338683454
95%,cubic_centered_lognormal,lovo,0.30000000000000004,0.3637719231836879,0.31623909338683454
95%,cubic_centered_lognormal,lovo,0.4,0.3566877640407053,0.31623909338683454
95%,cubic_centered_lognormal,lovo,0.5,0.3574919181568798,0.31623909338683454
95%,cubic_centered_lognormal,lovo,0.6,0.361421000337204,0.31623909338683454
95%,cubic_centered_lognormal,lovo,0.7000000000000001,0.3463672379539717,0.31623909338683454
95%,cubic_centered_lognormal,lovo,0.8,0.3495545835090894,0.31623909338683454
95%,cubic_centered_lognormal,lovo,0.9,0.32897182582027545,0.31623909338683454
95%,cubic_centered_lognormal,lovo,1.0,0.3355281363059556,0.31623909338683454
95%,cubic_centered_lognormal,ordinary_risk_regression,0.1,0.16085668717247661,0.26259697505676627
95%,cubic_centered_lognormal,ordinary_risk_regression,0.2,0.227151990309885,0.26259697505676627
95%,cubic_centered_lognormal,ordinary_risk_regression,0.30000000000000004,0.2500593101279599,0.26259697505676627
95%,cubic_centered_lognormal,ordinary_risk_regression,0.4,0.2833827584399666,0.26259697505676627
95%,cubic_centered_lognormal,ordinary_risk_regression,0.5,0.2926417074700827,0.26259697505676627
95%,cubic_centered_lognormal,ordinary_risk_regression,0.6,0.3155461272452118,0.26259697505676627
95%,cubic_centered_lognormal,ordinary_risk_regression,0.7000000000000001,0.3284457864503666,0.26259697505676627
95%,cubic_centered_lognormal,ordinary_risk_regression,0.8,0.33520747563324277,0.26259697505676627
95%,cubic_centered_lognormal,ordinary_risk_regression,0.9,0.34534218315173115,0.26259697505676627
95%,cubic_centered_lognormal,ordinary_risk_regression,1.0,0.3355281363059555,0.26259697505676627
95%,cubic_centered_lognormal,threshold_aware,0.1,0.22525062656641603,0.24949916397971195
95%,cubic_centered_lognormal,threshold_aware,0.2,0.2121714997859162,0.24949916397971195
95%,cubic_centered_lognormal,threshold_aware,0.30000000000000004,0.24529973141529204,0.24949916397971195
95%,cubic_centered_lognormal,threshold_aware,0.4,0.24608310951274334,0.24949916397971195
95%,cubic_centered_lognormal,threshold_aware,0.5,0.27958253699291075,0.24949916397971195
95%,cubic_centered_lognormal,threshold_aware,0.6,0.29532833336638986,0.24949916397971195
95%,cubic_centered_lognormal,threshold_aware,0.7000000000000001,0.30530487351131874,0.24949916397971195
95%,cubic_centered_lognormal,threshold_aware,0.8,0.3095562873087472,0.24949916397971195
95%,cubic_centered_lognormal,threshold_aware,0.9,0.3212758864676155,0.24949916397971195
95%,cubic_centered_lognormal,threshold_aware,1.0,0.3355281363059557,0.24949916397971195
95%,cubic_centered_lognormal,proposed_blpc,0.1,0.27908085430968727,0.2554956257079157
95%,cubic_centered_lognormal,proposed_blpc,0.2,0.2485351361495526,0.2554956257079157
95%,cubic_centered_lognormal,proposed_blpc,0.30000000000000004,0.2395026299660167,0.2554956257079157
95%,cubic_centered_lognormal,proposed_blpc,0.4,0.2571942206238545,0.2554956257079157
95%,cubic_centered_lognormal,proposed_blpc,0.5,0.26977861542428333,0.2554956257079157
95%,cubic_centered_lognormal,proposed_blpc,0.6,0.29532833336638986,0.2554956257079157
95%,cubic_centered_lognormal,proposed_blpc,0.7000000000000001,0.30530487351131874,0.2554956257079157
95%,cubic_centered_lognormal,proposed_blpc,0.8,0.3095562873087471,0.2554956257079157
95%,cubic_centered_lognormal,proposed_blpc,0.9,0.3224516654211722,0.2554956257079157
95%,cubic_centered_lognormal,proposed_blpc,1.0,0.3355281363059556,0.2554956257079157
95%,cubic_gaussian,constant,0.1,0.4140857811834822,0.37915235794332613
95%,cubic_gaussian,constant,0.2,0.47535790890675944,0.37915235794332613
95%,cubic_gaussian,constant,0.30000000000000004,0.455702155597873,0.37915235794332613
95%,cubic_gaussian,constant,0.4,0.41066967072769606,0.37915235794332613
95%,cubic_gaussian,constant,0.5,0.4217680598144801,0.37915235794332613
95%,cubic_gaussian,constant,0.6,0.40460002694865205,0.37915235794332613
95%,cubic_gaussian,constant,0.7000000000000001,0.4061488701000707,0.37915235794332613
95%,cubic_gaussian,constant,0.8,0.41215820338883297,0.37915235794332613
95%,cubic_gaussian,constant,0.9,0.39778345943794924,0.37915235794332613
95%,cubic_gaussian,constant,1.0,0.40058466783841457,0.37915235794332613
95%,cubic_gaussian,entropy,0.1,0.20798073615411075,0.31496605022939916
95%,cubic_gaussian,entropy,0.2,0.28963564067884967,0.31496605022939916
95%,cubic_gaussian,entropy,0.30000000000000004,0.29908052970645516,0.31496605022939916
95%,cubic_gaussian,entropy,0.4,0.3390888472191474,0.31496605022939916
95%,cubic_gaussian,entropy,0.5,0.35840293272326484,0.31496605022939916
95%,cubic_gaussian,entropy,0.6,0.37277711832725346,0.31496605022939916
95%,cubic_gaussian,entropy,0.7000000000000001,0.3927727688888414,0.31496605022939916
95%,cubic_gaussian,entropy,0.8,0.3956354969875108,0.31496605022939916
95%,cubic_gaussian,entropy,0.9,0.39798446576640667,0.31496605022939916
95%,cubic_gaussian,entropy,1.0,0.4005846678384147,0.31496605022939916
95%,cubic_gaussian,ood,0.1,0.4753753753753754,0.38349175030503724
95%,cubic_gaussian,ood,0.2,0.4463237559728788,0.38349175030503724
95%,cubic_gaussian,ood,0.30000000000000004,0.4272559513062946,0.38349175030503724
95%,cubic_gaussian,ood,0.4,0.42501758568453846,0.38349175030503724
95%,cubic_gaussian,ood,0.5,0.43813372666728884,0.38349175030503724
95%,cubic_gaussian,ood,0.6,0.43800190098043035,0.38349175030503724
95%,cubic_gaussian,ood,0.7000000000000001,0.40967350906235933,0.38349175030503724
95%,cubic_gaussian,ood,0.8,0.41456104810267197,0.38349175030503724
95%,cubic_gaussian,ood,0.9,0.3979700036670147,0.38349175030503724
95%,cubic_gaussian,ood,1.0,0.4005846678384145,0.38349175030503724
95%,cubic_gaussian,self_compatibility,0.1,0.26735138499844385,0.3188167595198464
95%,cubic_gaussian,self_compatibility,0.2,0.3276927865163159,0.3188167595198464
95%,cubic_gaussian,self_compatibility,0.30000000000000004,0.31241386303978846,0.3188167595198464
95%,cubic_gaussian,self_compatibility,0.4,0.34268615570776023,0.3188167595198464
95%,cubic_gaussian,self_compatibility,0.5,0.35388313153679696,0.3188167595198464
95%,cubic_gaussian,self_compatibility,0.6,0.37159275916287887,0.3188167595198464
95%,cubic_gaussian,self_compatibility,0.7000000000000001,0.37785290308319863,0.3188167595198464
95%,cubic_gaussian,self_compatibility,0.8,0.3784624498358348,0.3188167595198464
95%,cubic_gaussian,self_compatibility,0.9,0.38961551989746074,0.3188167595198464
95%,cubic_gaussian,self_compatibility,1.0,0.40058466783841457,0.3188167595198464
95%,cubic_gaussian,lovo,0.1,0.4754696725711218,0.36140684198701667
95%,cubic_gaussian,lovo,0.2,0.4087558573065819,0.36140684198701667
95%,cubic_gaussian,lovo,0.30000000000000004,0.4156986489595186,0.36140684198701667
95%,cubic_gaussian,lovo,0.4,0.3987031224989452,0.36140684198701667
95%,cubic_gaussian,lovo,0.5,0.3944669679863847,0.36140684198701667
95%,cubic_gaussian,lovo,0.6,0.3938576305624077,0.36140684198701667
95%,cubic_gaussian,lovo,0.7000000000000001,0.37919353437553743,0.36140684198701667
95%,cubic_gaussian,lovo,0.8,0.39156488730968037,0.36140684198701667
95%,cubic_gaussian,lovo,0.9,0.3938006006663426,0.36140684198701667
95%,cubic_gaussian,lovo,1.0,0.40058466783841457,0.36140684198701667
95%,cubic_gaussian,ordinary_risk_regression,0.1,0.21549953314659195,0.31265925740104145
95%,cubic_gaussian,ordinary_risk_regression,0.2,0.22710799119467848,0.31265925740104145
95%,cubic_gaussian,ordinary_risk_regression,0.30000000000000004,0.3176312543441363,0.31265925740104145
95%,cubic_gaussian,ordinary_risk_regression,0.4,0.3535816008423358,0.31265925740104145
95%,cubic_gaussian,ordinary_risk_regression,0.5,0.35594355635084496,0.31265925740104145
95%,cubic_gaussian,ordinary_risk_regression,0.6,0.37414755504251773,0.31265925740104145
95%,cubic_gaussian,ordinary_risk_regression,0.7000000000000001,0.392568172285145,0.31265925740104145
95%,cubic_gaussian,ordinary_risk_regression,0.8,0.3993656521809232,0.31265925740104145
95%,cubic_gaussian,ordinary_risk_regression,0.9,0.3982046912773298,0.31265925740104145
95%,cubic_gaussian,ordinary_risk_regression,1.0,0.40058466783841457,0.31265925740104145
95%,cubic_gaussian,threshold_aware,0.1,0.19438339438339433,0.3113652003277778
95%,cubic_gaussian,threshold_aware,0.2,0.2832483420718715,0.3113652003277778
95%,cubic_gaussian,threshold_aware,0.30000000000000004,0.31241386303978846,0.3113652003277778
95%,cubic_gaussian,threshold_aware,0.4,0.3349221805524807,0.3113652003277778
95%,cubic_gaussian,threshold_aware,0.5,0.3538831315367969,0.3113652003277778
95%,cubic_gaussian,threshold_aware,0.6,0.3726144705294179,0.3113652003277778
95%,cubic_gaussian,threshold_aware,0.7000000000000001,0.375540303402178,0.3113652003277778
95%,cubic_gaussian,threshold_aware,0.8,0.3857716529783713,0.3113652003277778
95%,cubic_gaussian,threshold_aware,0.9,0.3977740280559689,0.3113652003277778
95%,cubic_gaussian,threshold_aware,1.0,0.40058466783841457,0.3113652003277778
95%,cubic_gaussian,proposed_blpc,0.1,0.19153439153439153,0.3113765096228437
95%,cubic_gaussian,proposed_blpc,0.2,0.2849533719098936,0.3113765096228437
95%,cubic_gaussian,proposed_blpc,0.30000000000000004,0.3124138630397884,0.3113765096228437
95%,cubic_gaussian,proposed_blpc,0.4,0.3349221805524807,0.3113765096228437
95%,cubic_gaussian,proposed_blpc,0.5,0.3538831315367969,0.3113765096228437
95%,cubic_gaussian,proposed_blpc,0.6,0.3726144705294179,0.3113765096228437
95%,cubic_gaussian,proposed_blpc,0.7000000000000001,0.38460221437796444,0.3113765096228437
95%,cubic_gaussian,proposed_blpc,0.8,0.3857716529783713,0.3113765096228437
95%,cubic_gaussian,proposed_blpc,0.9,0.38854468161732014,0.3113765096228437
95%,cubic_gaussian,proposed_blpc,1.0,0.40058466783841457,0.3113765096228437
95%,cubic_student_t3,constant,0.1,0.6581196581196581,0.4252521795073487
95%,cubic_student_t3,constant,0.2,0.5380545380545381,0.4252521795073487
95%,cubic_student_t3,constant,0.30000000000000004,0.49915306915306906,0.4252521795073487
95%,cubic_student_t3,constant,0.4,0.45346089096089087,0.4252521795073487
95%,cubic_student_t3,constant,0.5,0.43486747820081145,0.4252521795073487
95%,cubic_student_t3,constant,0.6,0.44731020008797784,0.4252521795073487
95%,cubic_student_t3,constant,0.7000000000000001,0.44822625186261544,0.4252521795073487
95%,cubic_student_t3,constant,0.8,0.4485578877368093,0.4252521795073487
95%,cubic_student_t3,constant,0.9,0.43457839742342913,0.4252521795073487
95%,cubic_student_t3,constant,1.0,0.43850650506703365,0.4252521795073487
95%,cubic_student_t3,entropy,0.1,0.4057239057239057,0.3602614501728379
95%,cubic_student_t3,entropy,0.2,0.4159571909571909,0.3602614501728379
95%,cubic_student_t3,entropy,0.30000000000000004,0.3977224627224627,0.3602614501728379
95%,cubic_student_t3,entropy,0.4,0.3869909411576078,0.3602614501728379
95%,cubic_student_t3,entropy,0.5,0.36249873583206915,0.3602614501728379
95%,cubic_student_t3,entropy,0.6,0.3661679526413826,0.3602614501728379
95%,cubic_student_t3,entropy,0.7000000000000001,0.41755732921740824,0.3602614501728379
95%,cubic_student_t3,entropy,0.8,0.4165604189154914,0.3602614501728379
95%,cubic_student_t3,entropy,0.9,0.41704426488929663,0.3602614501728379
95%,cubic_student_t3,entropy,1.0,0.43850650506703365,0.3602614501728379
95%,cubic_student_t3,ood,0.1,0.7288888888888888,0.47384838386365735
95%,cubic_student_t3,ood,0.2,0.598373015873016,0.47384838386365735
95%,cubic_student_t3,ood,0.30000000000000004,0.5868097064912922,0.47384838386365735
95%,cubic_student_t3,ood,0.4,0.5518588182601397,0.47384838386365735
95%,cubic_student_t3,ood,0.5,0.5170426101636673,0.47384838386365735
95%,cubic_student_t3,ood,0.6,0.5021210463885939,0.47384838386365735
95%,cubic_student_t3,ood,0.7000000000000001,0.4729641728194389,0.47384838386365735
95%,cubic_student_t3,ood,0.8,0.4653103985110592,0.47384838386365735
95%,cubic_student_t3,ood,0.9,0.4603063731514049,0.47384838386365735
95%,cubic_student_t3,ood,1.0,0.43850650506703365,0.47384838386365735
95%,cubic_student_t3,self_compatibility,0.1,0.2646982646982647,0.3752397322211344
95%,cubic_student_t3,self_compatibility,0.2,0.4144559144559145,0.3752397322211344
95%,cubic_student_t3,self_compatibility,0.30000000000000004,0.39661472514413687,0.3752397322211344
95%,cubic_student_t3,self_compatibility,0.4,0.3805122709534474,0.3752397322211344
95%,cubic_student_t3,self_compatibility,0.5,0.42885426120720244,0.3752397322211344
95%,cubic_student_t3,self_compatibility,0.6,0.4575769637044146,0.3752397322211344
95%,cubic_student_t3,self_compatibility,0.7000000000000001,0.4453893234264077,0.3752397322211344
95%,cubic_student_t3,self_compatibility,0.8,0.4400195782202389,0.3752397322211344
95%,cubic_student_t3,self_compatibility,0.9,0.43737190021693195,0.3752397322211344
95%,cubic_student_t3,self_compatibility,1.0,0.43850650506703365,0.3752397322211344
95%,cubic_student_t3,lovo,0.1,0.6761904761904763,0.47115008945434095
95%,cubic_student_t3,lovo,0.2,0.6753968253968256,0.47115008945434095
95%,cubic_student_t3,lovo,0.30000000000000004,0.5370958027479766,0.47115008945434095
95%,cubic_student_t3,lovo,0.4,0.5350308160154706,0.47115008945434095
95%,cubic_student_t3,lovo,0.5,0.5130246528123765,0.47115008945434095
95%,cubic_student_t3,lovo,0.6,0.5037992036223069,0.47115008945434095
95%,cubic_student_t3,lovo,0.7000000000000001,0.4805134417323443,0.47115008945434095
95%,cubic_student_t3,lovo,0.8,0.4646548041054648,0.47115008945434095
95%,cubic_student_t3,lovo,0.9,0.44463685748188914,0.47115008945434095
95%,cubic_student_t3,lovo,1.0,0.4385065050670336,0.47115008945434095
95%,cubic_student_t3,ordinary_risk_regression,0.1,0.5247715247715248,0.40127555826267935
95%,cubic_student_t3,ordinary_risk_regression,0.2,0.44117364117364116,0.40127555826267935
95%,cubic_student_t3,ordinary_risk_regression,0.30000000000000004,0.4178523328523328,0.40127555826267935
95%,cubic_student_t3,ordinary_risk_regression,0.4,0.44543249959916625,0.40127555826267935
95%,cubic_student_t3,ordinary_risk_regression,0.5,0.4270713527576272,0.40127555826267935
95%,cubic_student_t3,ordinary_risk_regression,0.6,0.46402771459961006,0.40127555826267935
95%,cubic_student_t3,ordinary_risk_regression,0.7000000000000001,0.4487443017813862,0.40127555826267935
95%,cubic_student_t3,ordinary_risk_regression,0.8,0.4430949750456357,0.40127555826267935
95%,cubic_student_t3,ordinary_risk_regression,0.9,0.44371974989811497,0.40127555826267935
95%,cubic_student_t3,ordinary_risk_regression,1.0,0.4385065050670336,0.40127555826267935
95%,cubic_student_t3,threshold_aware,0.1,0.4057239057239057,0.3650830629475107
95%,cubic_student_t3,threshold_aware,0.2,0.29068246568246564,0.3650830629475107
95%,cubic_student_t3,threshold_aware,0.30000000000000004,0.40367354867354865,0.3650830629475107
95%,cubic_student_t3,threshold_aware,0.4,0.3863946238946239,0.3650830629475107
95%,cubic_student_t3,threshold_aware,0.5,0.414988714988715,0.3650830629475107
95%,cubic_student_t3,threshold_aware,0.6,0.41212633944944255,0.3650830629475107
95%,cubic_student_t3,threshold_aware,0.7000000000000001,0.4283438688809532,0.3650830629475107
95%,cubic_student_t3,threshold_aware,0.8,0.45002949885515947,0.3650830629475107
95%,cubic_student_t3,threshold_aware,0.9,0.4424763636547287,0.3650830629475107
95%,cubic_student_t3,threshold_aware,1.0,0.43850650506703365,0.3650830629475107
95%,cubic_student_t3,proposed_blpc,0.1,0.4057239057239057,0.36899619043551735
95%,cubic_student_t3,proposed_blpc,0.2,0.29703167203167197,0.36899619043551735
95%,cubic_student_t3,proposed_blpc,0.30000000000000004,0.4036735486735486,0.36899619043551735
95%,cubic_student_t3,proposed_blpc,0.4,0.38639462389462387,0.36899619043551735
95%,cubic_student_t3,proposed_blpc,0.5,0.40899224232557574,0.36899619043551735
95%,cubic_student_t3,proposed_blpc,0.6,0.43902170209359753,0.36899619043551735
95%,cubic_student_t3,proposed_blpc,0.7000000000000001,0.44782438836147276,0.36899619043551735
95%,cubic_student_t3,proposed_blpc,0.8,0.45002949885515947,0.36899619043551735
95%,cubic_student_t3,proposed_blpc,0.9,0.4348790227240545,0.36899619043551735
95%,cubic_student_t3,proposed_blpc,1.0,0.43850650506703365,0.36899619043551735
