task_id,domain,mechanism,noise,graph_seed,predicted__constant,scale__constant,upper__constant,predicted__entropy,scale__entropy,upper__entropy,predicted__ood,scale__ood,upper__ood,predicted__self_compatibility,scale__self_compatibility,upper__self_compatibility,predicted__lovo,scale__lovo,upper__lovo,predicted__ordinary_risk_regression,scale__ordinary_risk_regression,upper__ordinary_risk_regression,predicted__threshold_aware,scale__threshold_aware,upper__threshold_aware,predicted__proposed_blpc,scale__proposed_blpc,upper__proposed_blpc
final_arctan_gaussian_000,arctan_gaussian,arctan,gaussian,700000,0.29239654326888254,0.13729742233989856,0.5,0.37861388069199486,0.12474430101288997,0.5411078006187588,0.2981195695664498,0.1703243807790229,0.5102310821816725,0.27206110182513377,0.12154125869415593,0.41118210129832466,0.34466539661758167,0.1382544893206497,0.4900958753030592,0.3187120067251396,0.11735883086527935,0.471714793531446,0.31229656231180225,0.09943014470304475,0.5044701177121537,0.32507759357268706,0.10173818030240349,0.5110096342327988
final_arctan_gaussian_001,arctan_gaussian,arctan,gaussian,700001,0.29239654326888254,0.13729742233989856,0.5,0.3672059479783831,0.12474430101288997,0.529699867905147,0.3043658684539294,0.1703243807790229,0.5164773810691521,0.2964270825864903,0.12154125869415593,0.4355480820596812,0.3394620319017879,0.1382544893206497,0.48489251058726546,0.35751605823440025,0.11735883086527935,0.5105188450407067,0.34495436018142617,0.09943014470304475,0.5371279155817776,0.3197274966565915,0.10173818030240349,0.5056595373167032
final_arctan_gaussian_002,arctan_gaussian,arctan,gaussian,700002,0.29239654326888254,0.13729742233989856,0.5,0.310324990928153,0.12474430101288997,0.47281891085491695,0.2972484109855038,0.1703243807790229,0.5093599236007265,0.28668069028194765,0.12154125869415593,0.42580168975513855,0.371012508537636,0.1382544893206497,0.5164429872231135,0.3211094361199503,0.11735883086527935,0.4741122229262567,0.28147312864035984,0.09943014470304475,0.47364668404071125,0.28169778950573815,0.10173818030240349,0.4676298301658498
final_arctan_gaussian_003,arctan_gaussian,arctan,gaussian,700003,0.29239654326888254,0.13729742233989856,0.5,0.4163653099174544,0.12474430101288997,0.5788592298442183,0.28524221766596325,0.1703243807790229,0.49735373028118596,0.6635411927242616,0.12154125869415593,0.8026621921974525,0.37510521349070836,0.1382544893206497,0.5205356921761859,0.45569013920466384,0.11735883086527935,0.6086929260109702,0.542104106105276,0.09943014470304475,0.7342776615056275,0.5538934744249443,0.10173818030240349,0.7398255150850559
final_arctan_gaussian_004,arctan_gaussian,arctan,gaussian,700004,0.29239654326888254,0.13729742233989856,0.5,0.38464763737471663,0.12474430101288997,0.5471415573014806,0.29745978599365425,0.1703243807790229,0.509571298608877,0.30130027873876153,0.12154125869415593,0.4404212782119524,0.3810599859624589,0.1382544893206497,0.5264904646479365,0.37305522861440676,0.11735883086527935,0.5260580154207132,0.3680412701053436,0.09943014470304475,0.560214825505695,0.3542769405827284,0.10173818030240349,0.5402089812428401
final_arctan_gaussian_005,arctan_gaussian,arctan,gaussian,700005,0.29239654326888254,0.13729742233989856,0.5,0.4363994668813046,0.12474430101288997,0.5988933868080686,0.30060021352399685,0.1703243807790229,0.5127117261392196,0.549833282504598,0.12154125869415593,0.6889542819777889,0.3846181578731204,0.1382544893206497,0.5300486365585979,0.45897356455781624,0.11735883086527935,0.6119763513641227,0.5427576714182791,0.09943014470304475,0.7349312268186305,0.5421090017992123,0.10173818030240349,0.728041042459324
final_arctan_gaussian_006,arctan_gaussian,arctan,gaussian,700006,0.29239654326888254,0.13729742233989856,0.5,0.3071060507113718,0.12474430101288997,0.46959997063813574,0.30252233786219423,0.1703243807790229,0.5146338504774169,0.2558171146508962,0.12154125869415593,0.3949381141240871,0.36828872055458295,0.1382544893206497,0.5137191992400605,0.27514871116131806,0.11735883086527935,0.4281514979676245,0.2695017767439765,0.09943014470304475,0.46167533214432793,0.2624994586363882,0.10173818030240349,0.44843149929649984
final_arctan_gaussian_007,arctan_gaussian,arctan,gaussian,700007,0.29239654326888254,0.13729742233989856,0.5,0.24063733302594872,0.12474430101288997,0.4031312529527127,0.3016122602723768,0.1703243807790229,0.5137237728875995,0.3126710697607279,0.12154125869415593,0.4517920692339188,0.3794020839726001,0.1382544893206497,0.5248325626580777,0.26214492686350754,0.11735883086527935,0.41514771366981396,0.21804696212635913,0.09943014470304475,0.4102205175267105,0.25016746550787156,0.10173818030240349,0.4360995061679832
final_arctan_gaussian_008,arctan_gaussian,arctan,gaussian,700008,0.29239654326888254,0.13729742233989856,0.5,0.3362393590783983,0.12474430101288997,0.49873327900516223,0.2996598162807857,0.1703243807790229,0.5117713288960084,0.22008034286757322,0.12154125869415593,0.3592013423407641,0.3602436035566773,0.1382544893206497,0.5056740822421548,0.27931987378318707,0.11735883086527935,0.4323226605894935,0.2735128105500129,0.09943014470304475,0.46568636595036433,0.25768778108138246,0.10173818030240349,0.4436198217414941
final_arctan_gaussian_009,arctan_gaussian,arctan,gaussian,700009,0.29239654326888254,0.13729742233989856,0.5,0.40137121073126014,0.12474430101288997,0.563865130658024,0.28921663473453185,0.1703243807790229,0.5013281473497546,0.522218504308394,0.12154125869415593,0.6613395037815849,0.41136117754129,0.1382544893206497,0.5567916562267675,0.45478114827137067,0.11735883086527935,0.607783935077677,0.48378133609687657,0.09943014470304475,0.675954891497228,0.4968849299010155,0.10173818030240349,0.6828169705611271
final_arctan_gaussian_010,arctan_gaussian,arctan,gaussian,700010,0.29239654326888254,0.13729742233989856,0.5,0.43750951972645624,0.12474430101288997,0.6000034396532201,0.29492307682043145,0.1703243807790229,0.5070345894356542,0.6343020158106338,0.12154125869415593,0.7734230152838247,0.40174401563785583,0.1382544893206497,0.5471744943233334,0.5078493457898674,0.11735883086527935,0.6608521325961738,0.590844940326414,0.09943014470304475,0.7830184957267654,0.5633662328992437,0.10173818030240349,0.7492982735593554
final_arctan_gaussian_011,arctan_gaussian,arctan,gaussian,700011,0.29239654326888254,0.13729742233989856,0.5,0.39067366555051297,0.12474430101288997,0.5531675854772768,0.2811916361847857,0.1703243807790229,0.4933031488000084,0.4539937581765957,0.12154125869415593,0.5931147576497866,0.4119373553702207,0.1382544893206497,0.5573678340556982,0.4446111561302811,0.11735883086527935,0.5976139429365875,0.517099828950048,0.09943014470304475,0.7092733843503994,0.49837722948240043,0.10173818030240349,0.6843092701425121
final_arctan_gaussian_012,arctan_gaussian,arctan,gaussian,700012,0.29239654326888254,0.13729742233989856,0.5,0.42784390393311034,0.12474430101288997,0.5903378238598742,0.3045850289103042,0.1703243807790229,0.5166965415255269,0.4523693594591718,0.12154125869415593,0.5914903589323627,0.36969094567324545,0.1382544893206497,0.515121424358723,0.44232141413352943,0.11735883086527935,0.5953242009398358,0.48434076703939244,0.09943014470304475,0.6765143224397439,0.471142396778814,0.10173818030240349,0.6570744374389257
final_arctan_gaussian_013,arctan_gaussian,arctan,gaussian,700013,0.29239654326888254,0.13729742233989856,0.5,0.3444476217148597,0.12474430101288997,0.5069415416416236,0.3020744791440333,0.1703243807790229,0.514185991759256,0.2753098992599813,0.12154125869415593,0.4144308987331722,0.34612992431055173,0.1382544893206497,0.49156040299602927,0.3260415142582109,0.11735883086527935,0.4790443010645173,0.28203281825817944,0.09943014470304475,0.47420637365853086,0.28318648872799224,0.10173818030240349,0.4691185293881039
final_arctan_gaussian_014,arctan_gaussian,arctan,gaussian,700014,0.29239654326888254,0.13729742233989856,0.5,0.3893704892052074,0.12474430101288997,0.5518644091319713,0.30644514261887834,0.1703243807790229,0.518556655234101,0.29155388643421887,0.12154125869415593,0.43067488590740977,0.3571928110592168,0.1382544893206497,0.5026232897446943,0.3843166146016605,0.11735883086527935,0.537319401407967,0.35198496541382285,0.09943014470304475,0.5441585208141743,0.35238228229666735,0.10173818030240349,0.5383143229567791
final_arctan_gaussian_015,arctan_gaussian,arctan,gaussian,700015,0.29239654326888254,0.13729742233989856,0.5,0.38834562715083,0.12474430101288997,0.550839547077594,0.3035564474077304,0.1703243807790229,0.5156679600229531,0.4133837902410016,0.12154125869415593,0.5525047897141925,0.3970922049223049,0.1382544893206497,0.5425226836077824,0.42925796557745455,0.11735883086527935,0.582260752383761,0.42801367690129855,0.09943014470304475,0.62018723230165,0.41385231924283117,0.10173818030240349,0.5997843599029429
final_arctan_gaussian_016,arctan_gaussian,arctan,gaussian,700016,0.29239654326888254,0.13729742233989856,0.5,0.41080036143787996,0.12474430101288997,0.5732942813646439,0.3011708198572427,0.1703243807790229,0.5132823324724654,0.5108477132864274,0.12154125869415593,0.6499687127596183,0.39445560377187483,0.1382544893206497,0.5398860824573524,0.4884825633106123,0.11735883086527935,0.6414853501169187,0.52039535205055,0.09943014470304475,0.7125689074509014,0.5057856787476115,0.10173818030240349,0.6917177194077231
final_arctan_gaussian_017,arctan_gaussian,arctan,gaussian,700017,0.29239654326888254,0.13729742233989856,0.5,0.3349128868262307,0.12474430101288997,0.49740680675299465,0.29041395195226005,0.1703243807790229,0.5025254645674828,0.21358274799787813,0.12154125869415593,0.35270374747106903,0.33492332097580624,0.1382544893206497,0.4803537996612838,0.24286751283990599,0.11735883086527935,0.3958702996462124,0.29775819413113214,0.09943014470304475,0.48993174953148355,0.2817977639558329,0.10173818030240349,0.46772980461594454
final_arctan_gaussian_018,arctan_gaussian,arctan,gaussian,700018,0.29239654326888254,0.13729742233989856,0.5,0.3428380380278827,0.12474430101288997,0.5053319579546467,0.3051730017726486,0.1703243807790229,0.5172845143878713,0.25419271593347226,0.12154125869415593,0.39331371540666316,0.33984475024282923,0.1382544893206497,0.48527522892830677,0.31505173056173397,0.11735883086527935,0.4680545173680404,0.27906101664937016,0.09943014470304475,0.4712345720497216,0.2712257056389758,0.10173818030240349,0.45715774629908745
final_arctan_gaussian_019,arctan_gaussian,arctan,gaussian,700019,0.29239654326888254,0.13729742233989856,0.5,0.2790763417260169,0.12474430101288997,0.44157026165278085,0.30507046826277323,0.1703243807790229,0.5171819808779959,0.2509439184986247,0.12154125869415593,0.3900649179718156,0.3593978597325035,0.1382544893206497,0.504828338417981,0.2796513328841933,0.11735883086527935,0.4326541196904997,0.2544594100074157,0.09943014470304475,0.4466329654077671,0.2586512227339642,0.10173818030240349,0.44458326339407583
final_arctan_gaussian_020,arctan_gaussian,arctan,gaussian,700020,0.29239654326888254,0.13729742233989856,0.5,0.35185783687036976,0.12474430101288997,0.5143517567971336,0.3047403038706565,0.1703243807790229,0.5168518164858792,0.3077978736084567,0.12154125869415593,0.44691887308164757,0.3553222670521253,0.1382544893206497,0.5007527457376029,0.3681020611777759,0.11735883086527935,0.5211048479840823,0.368609991077623,0.09943014470304475,0.5607835464779745,0.33579300133729933,0.10173818030240349,0.521725041997411
final_arctan_gaussian_021,arctan_gaussian,arctan,gaussian,700021,0.29239654326888254,0.13729742233989856,0.5,0.2752789107474859,0.12474430101288997,0.4377728306742498,0.300783261860271,0.1703243807790229,0.5128947744754937,0.23469993132438716,0.12154125869415593,0.37382093079757805,0.32381516797190163,0.1382544893206497,0.46924564665737917,0.273843176625436,0.11735883086527935,0.4268459634317424,0.2506438229682117,0.09943014470304475,0.4428173783685631,0.2555480449266518,0.10173818030240349,0.44148008558676344
final_arctan_gaussian_022,arctan_gaussian,arctan,gaussian,700022,0.29239654326888254,0.13729742233989856,0.5,0.33955732950640477,0.12474430101288997,0.5020512494331687,0.2997154593806845,0.1703243807790229,0.5118269719959072,0.22008034286757322,0.12154125869415593,0.3592013423407641,0.33909920025196544,0.1382544893206497,0.484529678937443,0.30857843606660085,0.11735883086527935,0.46158122287290726,0.272425880183012,0.09943014470304475,0.4645994355833634,0.2620255942901295,0.10173818030240349,0.44795763495024116
final_arctan_gaussian_023,arctan_gaussian,arctan,gaussian,700023,0.29239654326888254,0.13729742233989856,0.5,0.3251002069152312,0.12474430101288997,0.48759412684199516,0.30594091967267767,0.1703243807790229,0.5180524322879003,0.3695250248705598,0.12154125869415593,0.5086460243437507,0.38851566958113903,0.1382544893206497,0.5339461482666166,0.3723194764590004,0.11735883086527935,0.5253222632653067,0.4038947650948636,0.09943014470304475,0.5960683204952151,0.41005707739826425,0.10173818030240349,0.5959891180583758
final_arctan_gaussian_024,arctan_gaussian,arctan,gaussian,700024,0.29239654326888254,0.13729742233989856,0.5,0.35770681010858446,0.12474430101288997,0.5202007300353484,0.30514837625457586,0.1703243807790229,0.5172598888697986,0.2899294877167952,0.12154125869415593,0.4290504871899861,0.3597192097278619,0.1382544893206497,0.5051496884133395,0.3228597409686503,0.11735883086527935,0.4758625277749567,0.30352424278976875,0.09943014470304475,0.49569779819012016,0.30748888962361526,0.10173818030240349,0.4934209302837269
final_arctan_gaussian_025,arctan_gaussian,arctan,gaussian,700025,0.29239654326888254,0.13729742233989856,0.5,0.3871724481836323,0.12474430101288997,0.5496663681103962,0.300227978939912,0.1703243807790229,0.5123394915551347,0.3565298351311696,0.12154125869415593,0.4956508346043605,0.3496112195358386,0.1382544893206497,0.49504169822131616,0.36287151332372736,0.11735883086527935,0.5158743001300338,0.42367385934594204,0.09943014470304475,0.6158474147462935,0.42770339444015604,0.10173818030240349,0.6136354351002677
final_arctan_gaussian_026,arctan_gaussian,arctan,gaussian,700026,0.29239654326888254,0.13729742233989856,0.5,0.39253075704529894,0.12474430101288997,0.5550246769720628,0.3065968285238057,0.1703243807790229,0.5187083411390284,0.3662762274357123,0.12154125869415593,0.5053972269089032,0.3715632246542935,0.1382544893206497,0.516993703339771,0.38166196452910944,0.11735883086527935,0.5346647513354159,0.4106520117365109,0.09943014470304475,0.6028255671368623,0.4071211500556012,0.10173818030240349,0.5930531907157128
final_arctan_gaussian_027,arctan_gaussian,arctan,gaussian,700027,0.29239654326888254,0.13729742233989856,0.5,0.3911555962203336,0.12474430101288997,0.5536495161470976,0.30493232621766586,0.1703243807790229,0.5170438388328886,0.3727738223054074,0.12154125869415593,0.5118948217785984,0.3437824158248002,0.1382544893206497,0.4892128945102777,0.4048833157071266,0.11735883086527935,0.557886102513433,0.4191294137607452,0.09943014470304475,0.6113029691610966,0.4283450339536071,0.10173818030240349,0.6142770746137187
final_arctan_gaussian_028,arctan_gaussian,arctan,gaussian,700028,0.29239654326888254,0.13729742233989856,0.5,0.370700722110339,0.12474430101288997,0.533194642037103,0.29880144927093755,0.1703243807790229,0.5109129618861603,0.3695250248705598,0.12154125869415593,0.5086460243437507,0.4021207755414335,0.1382544893206497,0.547551254226911,0.3873223362320819,0.11735883086527935,0.5403251230383883,0.39701800510552154,0.09943014470304475,0.589191560505873,0.39977390769910087,0.10173818030240349,0.5857059483592125
final_arctan_gaussian_029,arctan_gaussian,arctan,gaussian,700029,0.29239654326888254,0.13729742233989856,0.5,0.37820004344034364,0.12474430101288997,0.5406939633671075,0.2801799931413983,0.1703243807790229,0.492291505756621,0.3938910056319164,0.12154125869415593,0.5330120051051073,0.41902596448872986,0.1382544893206497,0.5644564431742074,0.3836449810664068,0.11735883086527935,0.5366477678727133,0.4041480758270599,0.09943014470304475,0.5963216312274113,0.4043357733994842,0.10173818030240349,0.5902678140595958
final_arctan_student_t3_000,arctan_student_t3,arctan,student_t3,700030,0.29239654326888254,0.13729742233989856,0.5,0.24575306272898664,0.12474430101288997,0.40824698265575055,0.288631118519355,0.1703243807790229,0.5007426311345777,0.29155388643421887,0.12154125869415593,0.43067488590740977,0.2638349841387861,0.1382544893206497,0.4092654628242636,0.25477309156577765,0.11735883086527935,0.40777587837208407,0.23752941261812208,0.09943014470304475,0.4297029680184735,0.25164947042683494,0.10173818030240349,0.4375815110869466
final_arctan_student_t3_001,arctan_student_t3,arctan,student_t3,700031,0.29239654326888254,0.13729742233989856,0.5,0.11334719669586521,0.12474430101288997,0.2758411166226291,0.294636270673808,0.1703243807790229,0.5067477832890307,0.18921676723652153,0.12154125869415593,0.32833776670971243,0.17742324884814706,0.1382544893206497,0.3228537275336246,0.0649461241141796,0.11735883086527935,0.21794891092048602,0.13742689367712152,0.09943014470304475,0.32960044907747293,0.142419309015386,0.10173818030240349,0.3283513496754976
final_arctan_student_t3_002,arctan_student_t3,arctan,student_t3,700032,0.29239654326888254,0.13729742233989856,0.5,0.2451663643798077,0.12474430101288997,0.40766028430657164,0.27661586968717683,0.1703243807790229,0.48872738230239954,0.2460707223463535,0.12154125869415593,0.3851917218195444,0.26890586396477995,0.1382544893206497,0.4143363426502575,0.25461793583036757,0.11735883086527935,0.407620722636674,0.18626179644801544,0.09943014470304475,0.37843535184836685,0.1787329152246366,0.10173818030240349,0.36466495588474823
final_arctan_student_t3_003,arctan_student_t3,arctan,student_t3,700033,0.29239654326888254,0.13729742233989856,0.5,0.25311560348751067,0.12474430101288997,0.4156095234142746,0.26760165073821857,0.1703243807790229,0.4797131633534413,0.27206110182513377,0.12154125869415593,0.41118210129832466,0.2748744782680884,0.1382544893206497,0.42030495695356596,0.2354496799942397,0.11735883086527935,0.3884524668005461,0.25161989003079843,0.09943014470304475,0.44379344543114985,0.26142824065409703,0.10173818030240349,0.4473602813142087
final_arctan_student_t3_004,arctan_student_t3,arctan,student_t3,700034,0.29239654326888254,0.13729742233989856,0.5,0.2324888932488393,0.12474430101288997,0.39498281317560324,0.29052647235440526,0.1703243807790229,0.502637984969628,0.2087095518456069,0.12154125869415593,0.3478305513187978,0.2536872484930266,0.1382544893206497,0.39911772717850413,0.1982755073203206,0.11735883086527935,0.35127829412662703,0.19876351382048818,0.09943014470304475,0.3909370692208396,0.18868280794988818,0.10173818030240349,0.37461484860999983
final_arctan_student_t3_005,arctan_student_t3,arctan,student_t3,700035,0.29239654326888254,0.13729742233989856,0.5,0.18748511143397306,0.12474430101288997,0.349979031360737,0.29479089749856724,0.1703243807790229,0.50690241011379,0.18921676723652153,0.12154125869415593,0.32833776670971243,0.16691171229968738,0.1382544893206497,0.3123421909851649,0.09597040537487056,0.11735883086527935,0.24897319218117697,0.13609699597980648,0.09943014470304475,0.3282705513801579,0.14338401186850375,0.10173818030240349,0.3293160525286154
final_arctan_student_t3_006,arctan_student_t3,arctan,student_t3,700036,0.29239654326888254,0.13729742233989856,0.5,0.22522631575594604,0.12474430101288997,0.38772023568270997,0.27611389397530417,0.1703243807790229,0.4882254065905269,0.24769512106377717,0.12154125869415593,0.38681612053696807,0.21041112499686787,0.1382544893206497,0.3558416036823454,0.23721160230843955,0.11735883086527935,0.39021438911474593,0.22013340945851806,0.09943014470304475,0.4123069648588695,0.21128375132870364,0.10173818030240349,0.3972157919888153
final_arctan_student_t3_007,arctan_student_t3,arctan,student_t3,700037,0.29239654326888254,0.13729742233989856,0.5,0.23219988443529413,0.12474430101288997,0.39469380436205803,0.2772991254193755,0.1703243807790229,0.4894106380345982,0.2688123043902862,0.12154125869415593,0.4079333038634771,0.2609532157145441,0.1382544893206497,0.40638369440002164,0.21579133661171185,0.11735883086527935,0.36879412341801826,0.2481437437309809,0.09943014470304475,0.44031729913133233,0.2558869998254004,0.10173818030240349,0.44181904048551207
final_arctan_student_t3_008,arctan_student_t3,arctan,student_t3,700038,0.29239654326888254,0.13729742233989856,0.5,0.36403144885596017,0.12474430101288997,0.526525368782724,0.23019906505732327,0.1703243807790229,0.442310577672546,0.37602261974025497,0.12154125869415593,0.5151436192134459,0.28432986092345075,0.1382544893206497,0.4297603396089283,0.3617068853283876,0.11735883086527935,0.514709672134694,0.40468321799525114,0.09943014470304475,0.5968567733956025,0.4046067959848309,0.10173818030240349,0.5905388366449426
final_arctan_student_t3_009,arctan_student_t3,arctan,student_t3,700039,0.29239654326888254,0.13729742233989856,0.5,0.1727862594133281,0.12474430101288997,0.335280179340092,0.28652916223779296,0.1703243807790229,0.49864067485301566,0.22982673517211594,0.12154125869415593,0.36894773464530684,0.21932955579276706,0.1382544893206497,0.36476003447824457,0.19676147798059268,0.11735883086527935,0.3497642647868991,0.14394565532003423,0.09943014470304475,0.33611921072038564,0.14665801192699832,0.10173818030240349,0.33259005258710994
final_arctan_student_t3_010,arctan_student_t3,arctan,student_t3,700040,0.29239654326888254,0.13729742233989856,0.5,0.3130372136226806,0.12474430101288997,0.47553113354944454,0.29229787262527246,0.1703243807790229,0.5044093852404952,0.2379487287592347,0.12154125869415593,0.37706972823242557,0.12862436937796207,0.1382544893206497,0.2740548480634396,0.3118908007530092,0.11735883086527935,0.4648935875593156,0.3324675292895407,0.09943014470304475,0.5246410846898921,0.3164267128108342,0.10173818030240349,0.5023587534709458
final_arctan_student_t3_011,arctan_student_t3,arctan,student_t3,700041,0.29239654326888254,0.13729742233989856,0.5,0.34065753937539156,0.12474430101288997,0.5031514593021555,0.24477593870435915,0.1703243807790229,0.45688745131958186,0.30292467745618545,0.12154125869415593,0.44204567692937635,0.17630234131300784,0.1382544893206497,0.32173281999848535,0.26565408361929455,0.11735883086527935,0.41865687042560096,0.33312327953870424,0.09943014470304475,0.5252968349390557,0.3246381822774065,0.10173818030240349,0.5105702229375182
final_arctan_student_t3_012,arctan_student_t3,arctan,student_t3,700042,0.29239654326888254,0.13729742233989856,0.5,0.2430795871549693,0.12474430101288997,0.40557350708173323,0.2636607673452407,0.1703243807790229,0.4757722799604634,0.27693429797740493,0.12154125869415593,0.41605529745059583,0.3111002641544582,0.1382544893206497,0.4565307428399357,0.2546220068523489,0.11735883086527935,0.40762479365865534,0.2564437205516004,0.09943014470304475,0.44861727595195183,0.2515924793169383,0.10173818030240349,0.43752451997704994
final_arctan_student_t3_013,arctan_student_t3,arctan,student_t3,700043,0.29239654326888254,0.13729742233989856,0.5,0.18098930168624022,0.12474430101288997,0.34348322161300415,0.2763514378920763,0.1703243807790229,0.488462950507299,0.215207146715302,0.12154125869415593,0.3543281461884929,0.14316070599630318,0.1382544893206497,0.2885911846817807,0.19891814938780336,0.11735883086527935,0.3519209361941098,0.17204725657418762,0.09943014470304475,0.36422081197453904,0.16038600266470074,0.10173818030240349,0.3463180433248124
final_arctan_student_t3_014,arctan_student_t3,arctan,student_t3,700044,0.29239654326888254,0.13729742233989856,0.5,0.21251642136488544,0.12474430101288997,0.37501034129164934,0.2635056509535275,0.1703243807790229,0.4756171635687502,0.23145113388953958,0.12154125869415593,0.3705721333627305,0.19477957317604597,0.1382544893206497,0.34021005186152353,0.18622531906224954,0.11735883086527935,0.33922810586855595,0.2200012309379396,0.09943014470304475,0.412174786338291,0.22337045218198837,0.10173818030240349,0.4093024928421
final_arctan_student_t3_015,arctan_student_t3,arctan,student_t3,700045,0.29239654326888254,0.13729742233989856,0.5,0.1352131353551732,0.12474430101288997,0.29770705528193714,0.29060535856499203,0.1703243807790229,0.5027168711802148,0.21033395056303056,0.12154125869415593,0.34945495003622146,0.04203010943449914,0.1382544893206497,0.18746058811997668,0.04654386874065558,0.11735883086527935,0.199546655546962,0.2565427394904624,0.09943014470304475,0.4487162948908138,0.24619375196231275,0.10173818030240349,0.4321257926224244
final_arctan_student_t3_016,arctan_student_t3,arctan,student_t3,700046,0.29239654326888254,0.13729742233989856,0.5,0.2264618316827312,0.12474430101288997,0.38895575160949514,0.2781305063604939,0.1703243807790229,0.4902420189757166,0.3094222723258803,0.12154125869415593,0.4485432717990712,0.3027059420220843,0.1382544893206497,0.4481364207075618,0.23942440504905815,0.11735883086527935,0.39242719185536457,0.21684477584914247,0.09943014470304475,0.4090183312494939,0.2440290869150393,0.10173818030240349,0.4299611275751509
final_arctan_student_t3_017,arctan_student_t3,arctan,student_t3,700047,0.29239654326888254,0.13729742233989856,0.5,0.2826129954924289,0.12474430101288997,0.44510691541919284,0.25865847725805036,0.1703243807790229,0.47076998987327306,0.2834318928471001,0.12154125869415593,0.422552892320291,0.163229303312935,0.1382544893206497,0.30865978199841254,0.2845458077114629,0.11735883086527935,0.4375485945177693,0.2689023615666082,0.09943014470304475,0.4610759169669596,0.2609478839784429,0.10173818030240349,0.4468799246385545
final_arctan_student_t3_018,arctan_student_t3,arctan,student_t3,700048,0.29239654326888254,0.13729742233989856,0.5,0.3176697924763838,0.12474430101288997,0.48016371240314776,0.27521373171793795,0.1703243807790229,0.48732524433316066,0.2217047415849969,0.12154125869415593,0.36082574105818777,0.13899514067243152,0.1382544893206497,0.28442561935790905,0.2528636563537935,0.11735883086527935,0.4058664431600999,0.27001992476863257,0.09943014470304475,0.462193480168984,0.24255086602189932,0.10173818030240349,0.42848290668201094
final_arctan_student_t3_019,arctan_student_t3,arctan,student_t3,700049,0.29239654326888254,0.13729742233989856,0.5,0.1984264906207161,0.12474430101288997,0.36092041054748003,0.2729793532626098,0.1703243807790229,0.4850908658778325,0.2460707223463535,0.12154125869415593,0.3851917218195444,0.2554771139259269,0.1382544893206497,0.40090759261140446,0.21968720580410322,0.11735883086527935,0.37268999261040964,0.20851318786446077,0.09943014470304475,0.4006867432648122,0.21141735511618784,0.10173818030240349,0.39734939577629946
final_arctan_student_t3_020,arctan_student_t3,arctan,student_t3,700050,0.29239654326888254,0.13729742233989856,0.5,0.24744062880626977,0.12474430101288997,0.4099345487330337,0.28108010187626575,0.1703243807790229,0.49319161449148846,0.21845594415014935,0.12154125869415593,0.35757694362334025,0.18953780512133964,0.1382544893206497,0.3349682838068172,0.2174307844754066,0.11735883086527935,0.370433571281713,0.19128681975402667,0.09943014470304475,0.3834603751543781,0.18220133417288684,0.10173818030240349,0.36813337483299846
final_arctan_student_t3_021,arctan_student_t3,arctan,student_t3,700051,0.29239654326888254,0.13729742233989856,0.5,0.26750025131228117,0.12474430101288997,0.4299941712390451,0.27628915325379094,0.1703243807790229,0.48840066586901365,0.2671879056728625,0.12154125869415593,0.4063089051460534,0.23872771754961472,0.1382544893206497,0.3841581962350923,0.27781921787676744,0.11735883086527935,0.43082200468307386,0.2397365746197184,0.09943014470304475,0.43191013002006984,0.23333842219256837,0.10173818030240349,0.41927046285268
final_arctan_student_t3_022,arctan_student_t3,arctan,student_t3,700052,0.29239654326888254,0.13729742233989856,0.5,0.29281914553534927,0.12474430101288997,0.4553130654621132,0.27876380077110374,0.1703243807790229,0.49087531338632645,0.27368550054255764,0.12154125869415593,0.41280650001574853,0.2947489012213782,0.1382544893206497,0.44017937990685574,0.3064026012476091,0.11735883086527935,0.4594053880539155,0.2547137939514068,0.09943014470304475,0.4468873493517582,0.2481580656866641,0.10173818030240349,0.43409010634677575
final_arctan_student_t3_023,arctan_student_t3,arctan,student_t3,700053,0.29239654326888254,0.13729742233989856,0.5,0.23997680045129277,0.12474430101288997,0.4024707203780567,0.29106967777266424,0.1703243807790229,0.5031811903878869,0.228202336454692,0.12154125869415593,0.3673233359278829,0.22152494537334028,0.1382544893206497,0.3669554240588178,0.20201700558442837,0.11735883086527935,0.3550197923907348,0.19771383135340176,0.09943014470304475,0.3898873867537532,0.1941888106568893,0.10173818030240349,0.38012085131700096
final_arctan_student_t3_024,arctan_student_t3,arctan,student_t3,700054,0.29239654326888254,0.13729742233989856,0.5,0.19721131220040022,0.12474430101288997,0.35970523212716415,0.26341347760990674,0.1703243807790229,0.47552499022512945,0.3142954684781518,0.12154125869415593,0.4534164679513427,0.27058042327079146,0.1382544893206497,0.416010901956269,0.1696382220255787,0.11735883086527935,0.3226410088318851,0.24249362378503803,0.09943014470304475,0.43466717918538944,0.27007976765500535,0.10173818030240349,0.456011808315117
final_arctan_student_t3_025,arctan_student_t3,arctan,student_t3,700055,0.29239654326888254,0.13729742233989856,0.5,0.290279837953364,0.12474430101288997,0.4527737578801279,0.2715041223277935,0.1703243807790229,0.4836156349430162,0.27855869669482886,0.12154125869415593,0.41767969616801975,0.26452087329671264,0.1382544893206497,0.4099513519821902,0.23937061724453162,0.11735883086527935,0.39237340405083804,0.2596662857176532,0.09943014470304475,0.4518398411180046,0.2472145037566535,0.10173818030240349,0.43314654441676514
final_arctan_student_t3_026,arctan_student_t3,arctan,student_t3,700056,0.29239654326888254,0.13729742233989856,0.5,0.18846852345558793,0.12474430101288997,0.35096244338235183,0.2942161303787731,0.1703243807790229,0.5063276429939958,0.2233291403024208,0.12154125869415593,0.3624501397756117,0.24461211121910278,0.1382544893206497,0.3900425899045803,0.19320191308084744,0.11735883086527935,0.34620469988715386,0.20862076170125024,0.09943014470304475,0.4007943171016016,0.19527508215543748,0.10173818030240349,0.38120712281554914
final_arctan_student_t3_027,arctan_student_t3,arctan,student_t3,700057,0.29239654326888254,0.13729742233989856,0.5,0.2842749229126072,0.12474430101288997,0.4467688428393711,0.29500348333415394,0.1703243807790229,0.5071149959493766,0.353281037696322,0.12154125869415593,0.4924020371695129,0.27126074555491,0.1382544893206497,0.4166912242403875,0.3196529078631302,0.11735883086527935,0.47265569466943663,0.3104535411814924,0.09943014470304475,0.5026270965818438,0.31503459774105225,0.10173818030240349,0.500966638401164
final_arctan_student_t3_028,arctan_student_t3,arctan,student_t3,700058,0.29239654326888254,0.13729742233989856,0.5,0.22699751143295616,0.12474430101288997,0.3894914313597201,0.2900610397858448,0.1703243807790229,0.5021725524010675,0.21845594415014935,0.12154125869415593,0.35757694362334025,0.2586985204469883,0.1382544893206497,0.40412899913246586,0.19270279600249163,0.11735883086527935,0.34570558280879804,0.19126892001618795,0.09943014470304475,0.38344247541653936,0.1857771303593863,0.10173818030240349,0.37170917101949796
final_arctan_student_t3_029,arctan_student_t3,arctan,student_t3,700059,0.29239654326888254,0.13729742233989856,0.5,0.2215052287712474,0.12474430101288997,0.38399914869801133,0.29257501870240177,0.1703243807790229,0.5046865313176245,0.21845594415014935,0.12154125869415593,0.35757694362334025,0.14963839868008474,0.1382544893206497,0.2950688773655623,0.1207214424253929,0.11735883086527935,0.2737242292316993,0.22875368582156488,0.09943014470304475,0.42092724122191627,0.22658212752210485,0.10173818030240349,0.41251416818221653
final_arctan_centered_lognormal_000,arctan_centered_lognormal,arctan,centered_lognormal,700060,0.29239654326888254,0.13729742233989856,0.5,0.20436601515504232,0.12474430101288997,0.36685993508180625,0.1794801683125469,0.1703243807790229,0.39159168092776964,0.22495353901984444,0.12154125869415593,0.36407453849303534,0.15745789664179594,0.1382544893206497,0.3028883753272735,0.020047433584176044,0.11735883086527935,0.17305022039048246,0.18940134602198863,0.09943014470304475,0.3815749014223401,0.18689404709617458,0.10173818030240349,0.37282608775628623
final_arctan_centered_lognormal_001,arctan_centered_lognormal,arctan,centered_lognormal,700061,0.29239654326888254,0.13729742233989856,0.5,0.08617160929806347,0.12474430101288997,0.2486655292248274,0.1851784585419921,0.1703243807790229,0.3972899711572148,0.2655635069554386,0.12154125869415593,0.4046845064286295,0.20444370333962247,0.1382544893206497,0.3498741820251,0.08499657962660917,0.11735883086527935,0.23799936643291558,0.20917193165437564,0.09943014470304475,0.40134548705472706,0.2174147806380698,0.10173818030240349,0.40334682129818145
final_arctan_centered_lognormal_002,arctan_centered_lognormal,arctan,centered_lognormal,700062,0.29239654326888254,0.13729742233989856,0.5,0.16668029947301524,0.12474430101288997,0.3291742193997792,0.15159215667332368,0.1703243807790229,0.36370366928854636,0.1989631595410642,0.12154125869415593,0.3380841590142551,0.12771738742194616,0.1382544893206497,0.2731478661074237,-0.021268210183244707,0.11735883086527935,0.1317345766230617,0.1459343169404692,0.09943014470304475,0.3381078723408206,0.1480633258094178,0.10173818030240349,0.33399536646952943
final_arctan_centered_lognormal_003,arctan_centered_lognormal,arctan,centered_lognormal,700063,0.29239654326888254,0.13729742233989856,0.5,0.19553845041407728,0.12474430101288997,0.35803237034084123,0.15896041498585958,0.1703243807790229,0.3710719276010823,0.21845594415014935,0.12154125869415593,0.35757694362334025,0.18013182393547986,0.1382544893206497,0.3255623026209574,0.023020002252408578,0.11735883086527935,0.176022789058715,0.18623736148408648,0.09943014470304475,0.3784109168844379,0.1733021391373498,0.10173818030240349,0.3592341797974614
final_arctan_centered_lognormal_004,arctan_centered_lognormal,arctan,centered_lognormal,700064,0.29239654326888254,0.13729742233989856,0.5,0.2853286973971667,0.12474430101288997,0.44782261732393064,0.14164153445110433,0.1703243807790229,0.35375304706632704,0.3614030312834411,0.12154125869415593,0.500524030756632,0.20283466023945546,0.1382544893206497,0.348265138924933,0.14609201069734093,0.11735883086527935,0.2990947975036473,0.35592423272730533,0.09943014470304475,0.5480977881276567,0.3546407947553272,0.10173818030240349,0.5405728354154389
final_arctan_centered_lognormal_005,arctan_centered_lognormal,arctan,centered_lognormal,700065,0.29239654326888254,0.13729742233989856,0.5,0.3412787244542729,0.12474430101288997,0.5037726443810369,0.18671887792979636,0.1703243807790229,0.39883039054501906,0.42800337869781546,0.12154125869415593,0.5671243781710064,0.2990646289531338,0.1382544893206497,0.44449510763861133,0.20844467425710225,0.11735883086527935,0.36144746106340864,0.3824131072985412,0.09943014470304475,0.5745866626988927,0.4136488371719148,0.10173818030240349,0.5995808778320264
final_arctan_centered_lognormal_006,arctan_centered_lognormal,arctan,centered_lognormal,700066,0.29239654326888254,0.13729742233989856,0.5,0.20811930266036383,0.12474430101288997,0.37061322258712776,0.18121931325805996,0.1703243807790229,0.39333082587328266,0.30617347489103275,0.12154125869415593,0.44529447436422365,0.2186064262386312,0.1382544893206497,0.36403690492410873,0.14105696249169933,0.11735883086527935,0.2940597492980057,0.2169319416451449,0.09943014470304475,0.4091054970454963,0.237912254271998,0.10173818030240349,0.4238442949321096
final_arctan_centered_lognormal_007,arctan_centered_lognormal,arctan,centered_lognormal,700067,0.29239654326888254,0.13729742233989856,0.5,0.15412644970894937,0.12474430101288997,0.3166203696357133,0.13025865449747973,0.1703243807790229,0.3423701671127024,0.20058755825848812,0.12154125869415593,0.339708557731679,0.09435774160742394,0.1382544893206497,0.23978822029290148,-0.010592118310533027,0.11735883086527935,0.14241066849577338,0.17104161007012939,0.09943014470304475,0.3632151654704808,0.16581244326636624,0.10173818030240349,0.3517444839264779
final_arctan_centered_lognormal_008,arctan_centered_lognormal,arctan,centered_lognormal,700068,0.29239654326888254,0.13729742233989856,0.5,0.2758507066477501,0.12474430101288997,0.438344626574514,0.18473138910683334,0.1703243807790229,0.39684290172205605,0.2931782851516428,0.12154125869415593,0.4322992846248337,0.2530066444760848,0.1382544893206497,0.3984371231615623,0.13771290702370567,0.11735883086527935,0.29071569383001206,0.228528333901797,0.09943014470304475,0.4207018893021484,0.24764921715320615,0.10173818030240349,0.4335812578133178
final_arctan_centered_lognormal_009,arctan_centered_lognormal,arctan,centered_lognormal,700069,0.29239654326888254,0.13729742233989856,0.5,0.26600044671171114,0.12474430101288997,0.42849436663847507,0.1139338000869971,0.1703243807790229,0.3260453127022198,0.26231470952059105,0.12154125869415593,0.40143570899378195,0.15979595848341238,0.1382544893206497,0.3052264371688899,0.008743308941735028,0.11735883086527935,0.16174609574804144,0.25533329573966723,0.09943014470304475,0.44750685114001865,0.24998935793385763,0.10173818030240349,0.4359213985939693
final_arctan_centered_lognormal_010,arctan_centered_lognormal,arctan,centered_lognormal,700070,0.29239654326888254,0.13729742233989856,0.5,0.10934543484368814,0.12474430101288997,0.27183935477045207,0.16653007439532738,0.1703243807790229,0.37864158701055006,0.25419271593347226,0.12154125869415593,0.39331371540666316,0.2958532983948421,0.1382544893206497,0.44128377708031963,0.0329872850116949,0.11735883086527935,0.1859900718180013,0.18440351877126643,0.09943014470304475,0.37657707417161784,0.19544895641823234,0.10173818030240349,0.381380997078344
final_arctan_centered_lognormal_011,arctan_centered_lognormal,arctan,centered_lognormal,700071,0.29239654326888254,0.13729742233989856,0.5,0.21702182537233589,0.12474430101288997,0.3795157452990998,0.14146134213710718,0.1703243807790229,0.3535728547523299,0.2639391082380149,0.12154125869415593,0.4030601077112058,0.17501482132114093,0.1382544893206497,0.32044530000661847,0.07716523524493782,0.11735883086527935,0.23016802205124423,0.27097467011928317,0.09943014470304475,0.4631482255196346,0.2561379415127548,0.10173818030240349,0.44206998217286647
final_arctan_centered_lognormal_012,arctan_centered_lognormal,arctan,centered_lognormal,700072,0.29239654326888254,0.13729742233989856,0.5,0.14205144290751007,0.12474430101288997,0.304545362834274,0.13348209072638956,0.1703243807790229,0.34559360334161227,0.19084116595394543,0.12154125869415593,0.3299621654271363,0.14009654388157253,0.1382544893206497,0.2855270225670501,-0.06438662472519907,0.11735883086527935,0.08861616208110734,0.14459410920771484,0.09943014470304475,0.3367676646080663,0.13484900721213225,0.10173818030240349,0.32078104787224393
final_arctan_centered_lognormal_013,arctan_centered_lognormal,arctan,centered_lognormal,700073,0.29239654326888254,0.13729742233989856,0.5,0.30888426530276764,0.12474430101288997,0.47137818522953157,0.16265905646691176,0.1703243807790229,0.37477056908213446,0.32404186078269426,0.12154125869415593,0.46316286025588516,0.14979920374489353,0.1382544893206497,0.29522968243037107,0.13907348962023178,0.11735883086527935,0.2920762764265382,0.30688700024785753,0.09943014470304475,0.49906055564820895,0.3122061360849922,0.10173818030240349,0.49813817674510386
final_arctan_centered_lognormal_014,arctan_centered_lognormal,arctan,centered_lognormal,700074,0.29239654326888254,0.13729742233989856,0.5,0.19116616679824483,0.12474430101288997,0.35366008672500876,0.17098063213421116,0.1703243807790229,0.38309214474943387,0.21358274799787813,0.12154125869415593,0.35270374747106903,0.12614870787397964,0.1382544893206497,0.2715791865594572,0.07889905195422178,0.11735883086527935,0.2319018387605282,0.18111074850857312,0.09943014470304475,0.37328430390892453,0.18174880993412032,0.10173818030240349,0.36768085059423194
final_arctan_centered_lognormal_015,arctan_centered_lognormal,arctan,centered_lognormal,700075,0.29239654326888254,0.13729742233989856,0.5,0.28691405027933753,0.12474430101288997,0.44940797020610146,0.14854241389937764,0.1703243807790229,0.3606539265146004,0.23957312747665838,0.12154125869415593,0.3786941269498493,0.17659803652400105,0.1382544893206497,0.3220285152094786,0.07091933404641235,0.11735883086527935,0.22392212085271876,0.23122628074489038,0.09943014470304475,0.4233998361452418,0.23974095893112712,0.10173818030240349,0.4256729995912388
final_arctan_centered_lognormal_016,arctan_centered_lognormal,arctan,centered_lognormal,700076,0.29239654326888254,0.13729742233989856,0.5,0.19514118163717814,0.12474430101288997,0.35763510156394207,0.17379641935856294,0.1703243807790229,0.38590793197378565,0.34028584795693206,0.12154125869415593,0.47940684743012296,0.2294895718743629,0.1382544893206497,0.37492005055984046,0.12579709987244664,0.11735883086527935,0.27879988667875305,0.24609952480105837,0.09943014470304475,0.43827308020140976,0.26029812931821905,0.10173818030240349,0.4462301699783307
final_arctan_centered_lognormal_017,arctan_centered_lognormal,arctan,centered_lognormal,700077,0.29239654326888254,0.13729742233989856,0.5,0.22011840286862433,0.12474430101288997,0.38261232279538826,0.12827485573692227,0.1703243807790229,0.340386368352145,0.19246556467136908,0.12154125869415593,0.33158656414456,0.07552774902817602,0.1382544893206497,0.22095822771365356,-0.0571621445837151,0.11735883086527935,0.09584064222259131,0.1707943572298114,0.09943014470304475,0.3629679126301628,0.1696862552293515,0.10173818030240349,0.35561829588946314
final_arctan_centered_lognormal_018,arctan_centered_lognormal,arctan,centered_lognormal,700078,0.29239654326888254,0.13729742233989856,0.5,0.30946678022899654,0.12474430101288997,0.47196070015576047,0.16590669901970181,0.1703243807790229,0.37801821163492455,0.40851059408873014,0.12154125869415593,0.547631593561921,0.2761526339629205,0.1382544893206497,0.42158311264839804,0.20903342778867146,0.11735883086527935,0.36203621459497787,0.38609704418403895,0.09943014470304475,0.5782705995843904,0.3982611764436819,0.10173818030240349,0.5841932171037936
final_arctan_centered_lognormal_019,arctan_centered_lognormal,arctan,centered_lognormal,700079,0.29239654326888254,0.13729742233989856,0.5,0.26301687330845286,0.12474430101288997,0.4255107932352168,0.14754737726122336,0.1703243807790229,0.35965888987644606,0.30617347489103275,0.12154125869415593,0.44529447436422365,0.15202791328022594,0.1382544893206497,0.29745839196570345,0.08616670826698347,0.11735883086527935,0.23916949507328988,0.289782413141139,0.09943014470304475,0.4819559685414904,0.29246401690094687,0.10173818030240349,0.4783960575610585
final_arctan_centered_lognormal_020,arctan_centered_lognormal,arctan,centered_lognormal,700080,0.29239654326888254,0.13729742233989856,0.5,0.21850082642966748,0.12474430101288997,0.3809947463564314,0.17522362631231705,0.1703243807790229,0.3873351389275398,0.27206110182513377,0.12154125869415593,0.41118210129832466,0.2300744382389674,0.1382544893206497,0.37550491692444493,0.09771379189791721,0.11735883086527935,0.2507165787042236,0.20624554964700786,0.09943014470304475,0.3984191050473593,0.19101122244481605,0.10173818030240349,0.3769432631049277
final_arctan_centered_lognormal_021,arctan_centered_lognormal,arctan,centered_lognormal,700081,0.29239654326888254,0.13729742233989856,0.5,0.27277145296228505,0.12474430101288997,0.435265372889049,0.1776102875897417,0.1703243807790229,0.3897218002049644,0.35977863256601716,0.12154125869415593,0.49889963203920806,0.2675759852975061,0.1382544893206497,0.41300646398298363,0.14872739733300408,0.11735883086527935,0.3017301841393105,0.28515074962188586,0.09943014470304475,0.47732430502223727,0.3265476575344441,0.10173818030240349,0.5124796981945557
final_arctan_centered_lognormal_022,arctan_centered_lognormal,arctan,centered_lognormal,700082,0.29239654326888254,0.13729742233989856,0.5,0.3383759692827645,0.12474430101288997,0.5008698892095285,0.17390455802353683,0.1703243807790229,0.38601607063875953,0.3581542338485935,0.12154125869415593,0.4972752333217844,0.2825041709019188,0.1382544893206497,0.42793464958739635,0.22694730884199935,0.11735883086527935,0.37995009564830573,0.35477260779356956,0.09943014470304475,0.546946163193921,0.36125303339871984,0.10173818030240349,0.5471850740588315
final_arctan_centered_lognormal_023,arctan_centered_lognormal,arctan,centered_lognormal,700083,0.29239654326888254,0.13729742233989856,0.5,0.29011331088144937,0.12474430101288997,0.4526072308082133,0.15647705785741595,0.1703243807790229,0.36858857047263865,0.2899294877167952,0.12154125869415593,0.4290504871899861,0.21868684854753234,0.1382544893206497,0.3641173272330099,0.18636815166698173,0.11735883086527935,0.33937093847328814,0.29986957820306925,0.09943014470304475,0.49204313360342067,0.28902774708866835,0.10173818030240349,0.47495978774878
final_arctan_centered_lognormal_024,arctan_centered_lognormal,arctan,centered_lognormal,700084,0.29239654326888254,0.13729742233989856,0.5,0.10604621913492857,0.12474430101288997,0.2685401390616925,0.13869878291170984,0.1703243807790229,0.35081029552693255,0.18759236851909789,0.12154125869415593,0.3267133679922888,0.14852528812062812,0.1382544893206497,0.2939557668061057,-0.043928966593943575,0.11735883086527935,0.10907382021236284,0.12197482155273015,0.09943014470304475,0.31414837695308157,0.12439733324748359,0.10173818030240349,0.31032937390759524
final_arctan_centered_lognormal_025,arctan_centered_lognormal,arctan,centered_lognormal,700085,0.29239654326888254,0.13729742233989856,0.5,0.2631301305466591,0.12474430101288997,0.42562405047342305,0.15415001336992318,0.1703243807790229,0.3662615259851459,0.28180749412967643,0.12154125869415593,0.4209284936028673,0.1987693458277699,0.1382544893206497,0.34419982451324743,0.08537874841176246,0.11735883086527935,0.23838153521806887,0.25132134309682513,0.09943014470304475,0.44349489849717655,0.25394546265959844,0.10173818030240349,0.4398775033197101
final_arctan_centered_lognormal_026,arctan_centered_lognormal,arctan,centered_lognormal,700086,0.29239654326888254,0.13729742233989856,0.5,0.22517425407947694,0.12474430101288997,0.3876681740062409,0.1697133077848284,0.1703243807790229,0.3818248204000511,0.28180749412967643,0.12154125869415593,0.4209284936028673,0.26056334454418817,0.1382544893206497,0.4059938232296657,0.16384075154068176,0.11735883086527935,0.3168435383469882,0.2661557345501407,0.09943014470304475,0.4583292899504921,0.24979907859796985,0.10173818030240349,0.4357311192580815
final_arctan_centered_lognormal_027,arctan_centered_lognormal,arctan,centered_lognormal,700087,0.29239654326888254,0.13729742233989856,0.5,0.24445261991913245,0.12474430101288997,0.40694653984589635,0.13288344218023648,0.1703243807790229,0.34499495479545916,0.3126710697607279,0.12154125869415593,0.4517920692339188,0.1810469570992064,0.1382544893206497,0.3264774357846839,0.09356600774829285,0.11735883086527935,0.24656879455459926,0.30465620289217793,0.09943014470304475,0.49682975829252934,0.30495809495814935,0.10173818030240349,0.490890135618261
final_arctan_centered_lognormal_028,arctan_centered_lognormal,arctan,centered_lognormal,700088,0.29239654326888254,0.13729742233989856,0.5,0.2512725235850354,0.12474430101288997,0.4137664435117993,0.1573259204446389,0.1703243807790229,0.3694374330598616,0.28668069028194765,0.12154125869415593,0.42580168975513855,0.20444405354116651,0.1382544893206497,0.34987453222664405,0.1467860382131151,0.11735883086527935,0.2997888250194215,0.3061773421473782,0.09943014470304475,0.4983508975477296,0.29275021107882393,0.10173818030240349,0.4786822517389356
final_arctan_centered_lognormal_029,arctan_centered_lognormal,arctan,centered_lognormal,700089,0.29239654326888254,0.13729742233989856,0.5,0.07609381368459958,0.12474430101288997,0.2385877336113635,0.17825089368363173,0.1703243807790229,0.39036240629885444,0.19733876082364055,0.12154125869415593,0.33645976029683144,0.160935025627039,0.1382544893206497,0.3063655043125165,-0.000995429570207651,0.11735883086527935,0.15200735723609876,0.14378082972501494,0.09943014470304475,0.33595438512536635,0.13745854851673073,0.10173818030240349,0.3233905891768424
final_cubic_gaussian_000,cubic_gaussian,cubic,gaussian,700090,0.29239654326888254,0.13729742233989856,0.5,0.3210650093727479,0.12474430101288997,0.48355892929951183,0.3026980590616251,0.1703243807790229,0.5148095716768478,0.33216385436981327,0.12154125869415593,0.47128485384300417,0.3665695896074621,0.1382544893206497,0.5120000682929396,0.37899614798802383,0.11735883086527935,0.5319989347943302,0.3849494965229506,0.09943014470304475,0.5771230519233019,0.3573351826438918,0.10173818030240349,0.5432672233040035
final_cubic_gaussian_001,cubic_gaussian,cubic,gaussian,700091,0.29239654326888254,0.13729742233989856,0.5,0.37444015453180435,0.12474430101288997,0.5369340744585682,0.28468209495942315,0.1703243807790229,0.49679360757464586,0.3646518287182886,0.12154125869415593,0.5037728281914795,0.3478232715882529,0.1382544893206497,0.4932537502737304,0.4129506925919952,0.11735883086527935,0.5659534793983017,0.38881109961062266,0.09943014470304475,0.5809846550109741,0.3876383563877013,0.10173818030240349,0.573570397047813
final_cubic_gaussian_002,cubic_gaussian,cubic,gaussian,700092,0.29239654326888254,0.13729742233989856,0.5,0.320707436382131,0.12474430101288997,0.48320135630889494,0.25047829965927076,0.1703243807790229,0.4625898122744935,0.4296277774152391,0.12154125869415593,0.5687487768884301,0.2225467804498945,0.1382544893206497,0.36797725913537205,0.31446856731215667,0.11735883086527935,0.4674713541184631,0.40720238554491595,0.09943014470304475,0.5993759409452674,0.4177436583004961,0.10173818030240349,0.6036756989606078
final_cubic_gaussian_003,cubic_gaussian,cubic,gaussian,700093,0.29239654326888254,0.13729742233989856,0.5,0.40213150590851493,0.12474430101288997,0.5646254258352789,0.2504018900008249,0.1703243807790229,0.4625134026160476,0.5043501184167326,0.12154125869415593,0.6434711178899235,0.25303678491515075,0.1382544893206497,0.3984672636006283,0.3939567136929882,0.11735883086527935,0.5469595004992946,0.500723835472451,0.09943014470304475,0.6928973908728024,0.5008490712627053,0.10173818030240349,0.6867811119228169
final_cubic_gaussian_004,cubic_gaussian,cubic,gaussian,700094,0.29239654326888254,0.13729742233989856,0.5,0.3499448182164162,0.12474430101288997,0.5124387381431801,0.2896952269410424,0.1703243807790229,0.5018067395562651,0.47673534022052844,0.12154125869415593,0.6158563396937193,0.30628889697685024,0.1382544893206497,0.4517193756623278,0.40063039697829406,0.11735883086527935,0.5536331837846005,0.46884441569633173,0.09943014470304475,0.6610179710966831,0.48032741381732025,0.10173818030240349,0.6662594544774318
final_cubic_gaussian_005,cubic_gaussian,cubic,gaussian,700095,0.29239654326888254,0.13729742233989856,0.5,0.33598362557196726,0.12474430101288997,0.4984775454987312,0.2765491328532694,0.1703243807790229,0.4886606454684921,0.27368550054255764,0.12154125869415593,0.41280650001574853,0.32393010495512115,0.1382544893206497,0.4693605836405987,0.3549060669360265,0.11735883086527935,0.5079088537423329,0.34608353825293187,0.09943014470304475,0.5382570936532833,0.32097960069540815,0.10173818030240349,0.5069116413555198
final_cubic_gaussian_006,cubic_gaussian,cubic,gaussian,700096,0.29239654326888254,0.13729742233989856,0.5,0.36973997515994117,0.12474430101288997,0.5322338950867052,0.2919556151411534,0.1703243807790229,0.5040671277563762,0.37439822102283105,0.12154125869415593,0.5135192204960219,0.311640546677746,0.1382544893206497,0.4570710253632235,0.4635482286161806,0.11735883086527935,0.616551015422487,0.4970586809173469,0.09943014470304475,0.6892322363176984,0.45501051539879733,0.10173818030240349,0.640942556058909
final_cubic_gaussian_007,cubic_gaussian,cubic,gaussian,700097,0.29239654326888254,0.13729742233989856,0.5,0.34944327061589264,0.12474430101288997,0.5119371905426566,0.2703222456946711,0.1703243807790229,0.4824337583098938,0.39876420178418764,0.12154125869415593,0.5378852012573785,0.31982044641659857,0.1382544893206497,0.4652509251020761,0.39184929973065663,0.11735883086527935,0.544852086536963,0.4198499047385573,0.09943014470304475,0.6120234601389087,0.43486605913677945,0.10173818030240349,0.6207980997968912
final_cubic_gaussian_008,cubic_gaussian,cubic,gaussian,700098,0.29239654326888254,0.13729742233989856,0.5,0.3586691792762444,0.12474430101288997,0.5211630992030083,0.2961046881093534,0.1703243807790229,0.5082162007245761,0.3289150569349657,0.12154125869415593,0.4680360564081566,0.35330916563525877,0.1382544893206497,0.4987396443207363,0.3951912845323939,0.11735883086527935,0.5481940713387004,0.3606585538782625,0.09943014470304475,0.5528321092786139,0.37038818306435367,0.10173818030240349,0.5563202237244653
final_cubic_gaussian_009,cubic_gaussian,cubic,gaussian,700099,0.29239654326888254,0.13729742233989856,0.5,0.36346126107463694,0.12474430101288997,0.5259551810014009,0.29181419353206395,0.1703243807790229,0.5039257061472866,0.3272906582175418,0.12154125869415593,0.4664116576907327,0.32957195130272565,0.1382544893206497,0.4750024299882032,0.37930354026693464,0.11735883086527935,0.5323063270732411,0.37730909293497916,0.09943014470304475,0.5694826483353306,0.3601108018233195,0.10173818030240349,0.5460428424834312
final_cubic_gaussian_010,cubic_gaussian,cubic,gaussian,700100,0.29239654326888254,0.13729742233989856,0.5,0.20276591989399687,0.12474430101288997,0.3652598398207608,0.28202787140822355,0.1703243807790229,0.49413938402344626,0.23469993132438716,0.12154125869415593,0.37382093079757805,0.25019468756439156,0.1382544893206497,0.3956251662498691,0.1793525510170173,0.11735883086527935,0.3323553378233237,0.19115062053572138,0.09943014470304475,0.3833241759360728,0.19159851846839326,0.10173818030240349,0.3775305591285049
final_cubic_gaussian_011,cubic_gaussian,cubic,gaussian,700101,0.29239654326888254,0.13729742233989856,0.5,0.2541869667786097,0.12474430101288997,0.4166808867053736,0.29039182891309995,0.1703243807790229,0.5025033415283227,0.24769512106377717,0.12154125869415593,0.38681612053696807,0.32019995296328013,0.1382544893206497,0.46563043164875767,0.3053343416304639,0.11735883086527935,0.4583371284367703,0.2576141402092008,0.09943014470304475,0.44978769560955223,0.2153892594781882,0.10173818030240349,0.40132130013829986
final_cubic_gaussian_012,cubic_gaussian,cubic,gaussian,700102,0.29239654326888254,0.13729742233989856,0.5,0.3362709820749965,0.12474430101288997,0.49876490200176044,0.30264428675735194,0.1703243807790229,0.5147557993725747,0.2801830954122525,0.12154125869415593,0.4193040948854434,0.27907556819905976,0.1382544893206497,0.4245060468845373,0.32486295890418027,0.11735883086527935,0.4778657457104867,0.2856040395276538,0.09943014470304475,0.4777775949280052,0.28563282626414815,0.10173818030240349,0.4715648669242598
final_cubic_gaussian_013,cubic_gaussian,cubic,gaussian,700103,0.29239654326888254,0.13729742233989856,0.5,0.32060166744760266,0.12474430101288997,0.4830955873743666,0.2822358578287847,0.1703243807790229,0.4943473704440074,0.353281037696322,0.12154125869415593,0.4924020371695129,0.335901478903069,0.1382544893206497,0.4813319575885465,0.361228870549941,0.11735883086527935,0.5142316573562474,0.4071102749155141,0.09943014470304475,0.5992838303158655,0.3784789433438718,0.10173818030240349,0.5644109840039835
final_cubic_gaussian_014,cubic_gaussian,cubic,gaussian,700104,0.29239654326888254,0.13729742233989856,0.5,0.2815751184644929,0.12474430101288997,0.44406903839125683,0.17066597204959139,0.1703243807790229,0.3827774846648141,0.42637897998039154,0.12154125869415593,0.5654999794535824,0.09980123112374403,0.1382544893206497,0.24523170980922157,0.3026572438222084,0.11735883086527935,0.4556600306285148,0.36581476756175124,0.09943014470304475,0.5579883229621027,0.3697421827904397,0.10173818030240349,0.5556742234505514
final_cubic_gaussian_015,cubic_gaussian,cubic,gaussian,700105,0.29239654326888254,0.13729742233989856,0.5,0.3220728396117907,0.12474430101288997,0.4845667595385546,0.3000984850826364,0.1703243807790229,0.5122099976978591,0.32241746206527055,0.12154125869415593,0.46153846153846145,0.3320407020700636,0.1382544893206497,0.4774711807555411,0.3373911011897128,0.11735883086527935,0.49039388799601924,0.3437148893505072,0.09943014470304475,0.5358884447508586,0.33375711122050966,0.10173818030240349,0.5196891518806213
final_cubic_gaussian_016,cubic_gaussian,cubic,gaussian,700106,0.29239654326888254,0.13729742233989856,0.5,0.23772261273192677,0.12474430101288997,0.4002165326586907,0.29986686682296654,0.1703243807790229,0.5119783794381892,0.2460707223463535,0.12154125869415593,0.3851917218195444,0.31688086483401345,0.1382544893206497,0.462311343519491,0.24659088141419216,0.11735883086527935,0.3995936682204986,0.2502568046111289,0.09943014470304475,0.44243036001148034,0.25011075646174247,0.10173818030240349,0.4360427971218541
final_cubic_gaussian_017,cubic_gaussian,cubic,gaussian,700107,0.29239654326888254,0.13729742233989856,0.5,0.2568146939420177,0.12474430101288997,0.41930861386878165,0.2922384950565924,0.1703243807790229,0.504350007671815,0.18921676723652153,0.12154125869415593,0.32833776670971243,0.26185871636432884,0.1382544893206497,0.4072891950498064,0.19652982783738748,0.11735883086527935,0.3495326146436939,0.21122621801058317,0.09943014470304475,0.4033997734109346,0.20481194042310985,0.10173818030240349,0.3907439810832215
final_cubic_gaussian_018,cubic_gaussian,cubic,gaussian,700108,0.29239654326888254,0.13729742233989856,0.5,0.329950150603112,0.12474430101288997,0.49244407052987593,0.29753140968390307,0.1703243807790229,0.5096429222991258,0.4328765748500867,0.12154125869415593,0.5719975743232776,0.35793152175260684,0.1382544893206497,0.5033620004380843,0.4143049501382384,0.11735883086527935,0.5673077369445448,0.4740465880486744,0.09943014470304475,0.6662201434490258,0.45837684632968834,0.10173818030240349,0.6443088869897999
final_cubic_gaussian_019,cubic_gaussian,cubic,gaussian,700109,0.29239654326888254,0.13729742233989856,0.5,0.30575685353463333,0.12474430101288997,0.46825077346139726,0.2890549745588125,0.1703243807790229,0.5011664871740352,0.21358274799787813,0.12154125869415593,0.35270374747106903,0.29467565052204253,0.1382544893206497,0.44010612920752007,0.29295487558743294,0.11735883086527935,0.44595766239373935,0.25595638123552245,0.09943014470304475,0.44812993663587386,0.23742469688360227,0.10173818030240349,0.42335673754371395
final_cubic_gaussian_020,cubic_gaussian,cubic,gaussian,700110,0.29239654326888254,0.13729742233989856,0.5,0.264698264763301,0.12474430101288997,0.4271921846900649,0.2941120960875117,0.1703243807790229,0.5062236087027344,0.2217047415849969,0.12154125869415593,0.36082574105818777,0.3141307924168796,0.1382544893206497,0.4595612711023571,0.21384863144808886,0.11735883086527935,0.36685141825439527,0.1929986009798778,0.09943014470304475,0.3851721563802292,0.2114392754405392,0.10173818030240349,0.39737131610065085
final_cubic_gaussian_021,cubic_gaussian,cubic,gaussian,700111,0.29239654326888254,0.13729742233989856,0.5,0.30829625558050255,0.12474430101288997,0.4707901755072665,0.2891136053002182,0.1703243807790229,0.5012251179154409,0.22982673517211594,0.12154125869415593,0.36894773464530684,0.29988793273144826,0.1382544893206497,0.4453184114169258,0.3038814312171448,0.11735883086527935,0.4568842180234512,0.2240788682032147,0.09943014470304475,0.4162524236035661,0.21899388703042738,0.10173818030240349,0.40492592769053903
final_cubic_gaussian_022,cubic_gaussian,cubic,gaussian,700112,0.29239654326888254,0.13729742233989856,0.5,0.321509733742805,0.12474430101288997,0.48400365366956893,0.27217347970862554,0.1703243807790229,0.48428499232384825,0.298051481303914,0.12154125869415593,0.4371724807771049,0.27575287827365347,0.1382544893206497,0.421183356959131,0.29191107091002977,0.11735883086527935,0.4449138577163362,0.2948919517528945,0.09943014470304475,0.4870655071532459,0.3102197571953128,0.10173818030240349,0.49615179785542446
final_cubic_gaussian_023,cubic_gaussian,cubic,gaussian,700113,0.29239654326888254,0.13729742233989856,0.5,0.30917652107281113,0.12474430101288997,0.47167044099957506,0.27839330104936894,0.1703243807790229,0.49050481366459164,0.36790062615313596,0.12154125869415593,0.5070216256263269,0.19506051885836878,0.1382544893206497,0.3404909975438463,0.276183592216057,0.11735883086527935,0.4291863790223634,0.39150854717361827,0.09943014470304475,0.5836821025739697,0.40389504168425827,0.10173818030240349,0.5898270823443699
final_cubic_gaussian_024,cubic_gaussian,cubic,gaussian,700114,0.29239654326888254,0.13729742233989856,0.5,0.27048286043620384,0.12474430101288997,0.4329767803629678,0.2984754434455882,0.1703243807790229,0.510586956060811,0.20708515312818299,0.12154125869415593,0.3462061526013739,0.29735266196300797,0.1382544893206497,0.4427831406484855,0.23876277521391454,0.11735883086527935,0.39176556202022095,0.22776947933328628,0.09943014470304475,0.4199430347336377,0.21069460803646356,0.10173818030240349,0.3966266486965752
final_cubic_gaussian_025,cubic_gaussian,cubic,gaussian,700115,0.29239654326888254,0.13729742233989856,0.5,0.3151252871348207,0.12474430101288997,0.4776192070615846,0.29871708743309916,0.1703243807790229,0.5108286000483219,0.2899294877167952,0.12154125869415593,0.4290504871899861,0.29632393798776635,0.1382544893206497,0.4417544166732439,0.31901157106724604,0.11735883086527935,0.47201435787355245,0.3374549007358333,0.09943014470304475,0.5296284561361847,0.324202756608049,0.10173818030240349,0.5101347972681607
final_cubic_gaussian_026,cubic_gaussian,cubic,gaussian,700116,0.29239654326888254,0.13729742233989856,0.5,0.3568586381237686,0.12474430101288997,0.5193525580505325,0.2591130456098059,0.1703243807790229,0.4712245582250286,0.4166325876758491,0.12154125869415593,0.55575358714904,0.31383822270229106,0.1382544893206497,0.4592687013877686,0.40690635684272236,0.11735883086527935,0.5599091436490288,0.39989982489721987,0.09943014470304475,0.5920733802975713,0.4199266900608767,0.10173818030240349,0.6058587307209884
final_cubic_gaussian_027,cubic_gaussian,cubic,gaussian,700117,0.29239654326888254,0.13729742233989856,0.5,0.3882348279862813,0.12474430101288997,0.5507287479130452,0.23422325088874335,0.1703243807790229,0.44633476350396606,0.45074496074174814,0.12154125869415593,0.589865960214939,0.23976954121944744,0.1382544893206497,0.385200019904925,0.4150287794044361,0.11735883086527935,0.5680315662107425,0.47939710509267386,0.09943014470304475,0.6715706604930253,0.45782693753046966,0.10173818030240349,0.6437589781905813
final_cubic_gaussian_028,cubic_gaussian,cubic,gaussian,700118,0.29239654326888254,0.13729742233989856,0.5,0.2563131922957316,0.12474430101288997,0.4188071122224955,0.28983783319799983,0.1703243807790229,0.5019493458132225,0.26231470952059105,0.12154125869415593,0.40143570899378195,0.27949930983980437,0.1382544893206497,0.4249297885252819,0.2685228812308389,0.11735883086527935,0.4215256680371453,0.2700808621540381,0.09943014470304475,0.4622544175543895,0.2391244281886184,0.10173818030240349,0.42505646884873005
final_cubic_gaussian_029,cubic_gaussian,cubic,gaussian,700119,0.29239654326888254,0.13729742233989856,0.5,0.23933840413694418,0.12474430101288997,0.4018323240637081,0.2947819972477447,0.1703243807790229,0.5068935098629674,0.21195834928045443,0.12154125869415593,0.3510793487536453,0.28173403226444194,0.1382544893206497,0.4271645109499195,0.19903554829512765,0.11735883086527935,0.35203833510143406,0.24117457832895262,0.09943014470304475,0.43334813372930403,0.2372377698040429,0.10173818030240349,0.4231698104641546
final_cubic_student_t3_000,cubic_student_t3,cubic,student_t3,700120,0.29239654326888254,0.13729742233989856,0.5,0.23022597000270298,0.12474430101288997,0.39271988992946694,0.13566208741017605,0.1703243807790229,0.34777360002539875,0.24444632362892982,0.12154125869415593,0.3835673231021207,-0.04488380361692762,0.1382544893206497,0.10054667506854992,0.13949145154149092,0.11735883086527935,0.2924942383477973,0.25393864499743496,0.09943014470304475,0.4461122003977864,0.24822970238592137,0.10173818030240349,0.43416174304603306
final_cubic_student_t3_001,cubic_student_t3,cubic,student_t3,700121,0.29239654326888254,0.13729742233989856,0.5,0.21792889855745606,0.12474430101288997,0.38042281848422,0.22754431170128397,0.1703243807790229,0.4396558243165067,0.3646518287182884,0.12154125869415593,0.5037728281914793,0.0782333847027705,0.1382544893206497,0.22366386338824804,0.281531356619109,0.11735883086527935,0.4345341434254154,0.27241170965793543,0.09943014470304475,0.46458526505828684,0.2928312567688305,0.10173818030240349,0.47876329742894214
final_cubic_student_t3_002,cubic_student_t3,cubic,student_t3,700122,0.29239654326888254,0.13729742233989856,0.5,0.31258106515134326,0.12474430101288997,0.4750749850781072,0.08759266024000292,0.1703243807790229,0.29970417285522566,0.2087095518456069,0.12154125869415593,0.3478305513187978,-0.2712768048037231,0.1382544893206497,0.0,0.19581238411497878,0.11735883086527935,0.3488151709212852,0.1743627138275922,0.09943014470304475,0.3665362692279436,0.19425351555823595,0.10173818030240349,0.3801855562183476
final_cubic_student_t3_003,cubic_student_t3,cubic,student_t3,700123,0.29239654326888254,0.13729742233989856,0.5,0.25674192313031885,0.12474430101288997,0.4192358430570828,0.23363236828910572,0.1703243807790229,0.4457438809043284,0.24444632362892982,0.12154125869415593,0.3835673231021207,0.050365845614510074,0.1382544893206497,0.1957963242999876,0.20256967838230633,0.11735883086527935,0.35557246518861274,0.228191482598563,0.09943014470304475,0.42036503799891445,0.24851593881356612,0.10173818030240349,0.43444797947367775
final_cubic_student_t3_004,cubic_student_t3,cubic,student_t3,700124,0.29239654326888254,0.13729742233989856,0.5,0.20150729403958395,0.12474430101288997,0.3640012139663479,0.2084579771029661,0.1703243807790229,0.4205694897181888,0.21358274799787813,0.12154125869415593,0.35270374747106903,0.09173430657371484,0.1382544893206497,0.23716478525919238,0.3179232023876896,0.11735883086527935,0.47092598919399603,0.17182492299874116,0.09943014470304475,0.3639984783990926,0.1794648879961786,0.10173818030240349,0.36539692865629025
final_cubic_student_t3_005,cubic_student_t3,cubic,student_t3,700125,0.29239654326888254,0.13729742233989856,0.5,0.08819103173485482,0.12474430101288997,0.25068495166161875,0.19950979076326264,0.1703243807790229,0.41162130337848535,0.1989631595410642,0.12154125869415593,0.3380841590142551,0.0253487294808053,0.1382544893206497,0.17077920816628284,-0.01337601322358134,0.11735883086527935,0.13962677358272507,0.13588438601295522,0.09943014470304475,0.32805794141330663,0.14280217379582374,0.10173818030240349,0.3287342144559354
final_cubic_student_t3_006,cubic_student_t3,cubic,student_t3,700126,0.29239654326888254,0.13729742233989856,0.5,0.27833415314244536,0.12474430101288997,0.4408280730692093,0.1795457831538843,0.1703243807790229,0.391657295769107,0.25744151336831983,0.12154125869415593,0.39656251284151073,-0.03706309847107575,0.1382544893206497,0.10836738021440179,0.08416829339851767,0.11735883086527935,0.23717108020482408,0.23290185939478483,0.09943014470304475,0.4250754147951362,0.2570003141150187,0.10173818030240349,0.4429323547751304
final_cubic_student_t3_007,cubic_student_t3,cubic,student_t3,700127,0.29239654326888254,0.13729742233989856,0.5,0.2115477854034925,0.12474430101288997,0.37404170533025644,0.18902928224916588,0.1703243807790229,0.4011407948643886,0.3451590441092033,0.12154125869415593,0.4842800435823942,-0.0022424822774260167,0.1382544893206497,0.14318799640805152,0.2725242745458718,0.11735883086527935,0.4255270613521782,0.28497878225922446,0.09943014470304475,0.4771523376595759,0.3006342445426704,0.10173818030240349,0.48656628520278206
final_cubic_student_t3_008,cubic_student_t3,cubic,student_t3,700128,0.29239654326888254,0.13729742233989856,0.5,0.2830041969171782,0.12474430101288997,0.44549811684394214,0.19179301739457705,0.1703243807790229,0.40390453000979976,0.32241746206527055,0.12154125869415593,0.46153846153846145,0.1052062260440389,0.1382544893206497,0.25063670472951644,0.27467454654373263,0.11735883086527935,0.42767733335003905,0.29694072759936024,0.09943014470304475,0.48911428299971166,0.2959581189320016,0.10173818030240349,0.48189015959211323
final_cubic_student_t3_009,cubic_student_t3,cubic,student_t3,700129,0.29239654326888254,0.13729742233989856,0.5,0.2536196482959487,0.12474430101288997,0.4161135682227126,0.161498082649207,0.1703243807790229,0.3736095952644297,0.24444632362892982,0.12154125869415593,0.3835673231021207,-0.06784013569528818,0.1382544893206497,0.07759034299018935,0.07519677419304835,0.11735883086527935,0.22819956099935476,0.25721019738731277,0.09943014470304475,0.4493837527876642,0.2708932773131038,0.10173818030240349,0.45682531797321546
final_cubic_student_t3_010,cubic_student_t3,cubic,student_t3,700130,0.29239654326888254,0.13729742233989856,0.5,0.14839220106562054,0.12474430101288997,0.31088612099238444,0.2647926652429185,0.1703243807790229,0.4769041778581412,0.21683154543272568,0.12154125869415593,0.35595254490591655,0.06518265909636081,0.1382544893206497,0.21061313778183835,0.12348928763021064,0.11735883086527935,0.276492074436517,0.17086350918376114,0.09943014470304475,0.36303706458411256,0.169082798981118,0.10173818030240349,0.35501483964122965
final_cubic_student_t3_011,cubic_student_t3,cubic,student_t3,700131,0.29239654326888254,0.13729742233989856,0.5,0.18320087266600021,0.12474430101288997,0.34569479259276414,0.2094537961379485,0.1703243807790229,0.4215653087531712,0.2363243300418108,0.12154125869415593,0.3754453295150017,0.05117224354071798,0.1382544893206497,0.19660272222619551,0.08720875719656132,0.11735883086527935,0.24021154400286773,0.1660074314339093,0.09943014470304475,0.3581809868342607,0.19011102661940835,0.10173818030240349,0.37604306727951997
final_cubic_student_t3_012,cubic_student_t3,cubic,student_t3,700132,0.29239654326888254,0.13729742233989856,0.5,0.28597095663553473,0.12474430101288997,0.44846487656229866,0.2574557917719172,0.1703243807790229,0.4695673043871399,0.22982673517211594,0.12154125869415593,0.36894773464530684,0.10277703986226688,0.1382544893206497,0.24820751854774442,0.24516918972028584,0.11735883086527935,0.39817197652659225,0.20360213714604605,0.09943014470304475,0.39577569254639744,0.20999740798644506,0.10173818030240349,0.3959294486465567
final_cubic_student_t3_013,cubic_student_t3,cubic,student_t3,700133,0.29239654326888254,0.13729742233989856,0.5,0.1855978694931115,0.12474430101288997,0.3480917894198754,0.18560226945753955,0.1703243807790229,0.39771378207276226,0.29480268386906644,0.12154125869415593,0.43392368334225734,0.04423920965405703,0.1382544893206497,0.18966968833953457,0.1391025528763617,0.11735883086527935,0.2921053396826681,0.2540331141232341,0.09943014470304475,0.4462066695235855,0.2387997130533876,0.10173818030240349,0.42473175371349925
final_cubic_student_t3_014,cubic_student_t3,cubic,student_t3,700134,0.29239654326888254,0.13729742233989856,0.5,0.16603935707979528,0.12474430101288997,0.3285332770065592,0.2136296641868374,0.1703243807790229,0.42574117680206014,0.22008034286757322,0.12154125869415593,0.3592013423407641,-0.04310976769835562,0.1382544893206497,0.10232071098712192,0.1106217179601297,0.11735883086527935,0.2636245047664361,0.19044246989441643,0.09943014470304475,0.38261602529476785,0.19717549218437633,0.10173818030240349,0.38310753284448795
final_cubic_student_t3_015,cubic_student_t3,cubic,student_t3,700135,0.29239654326888254,0.13729742233989856,0.5,0.147728394521257,0.12474430101288997,0.31022231444802095,0.22160449973148758,0.1703243807790229,0.4337160123467103,0.353281037696322,0.12154125869415593,0.4924020371695129,0.00686171682085196,0.1382544893206497,0.1522921955063295,0.2743743881756454,0.11735883086527935,0.4273771749819518,0.25698931528368696,0.09943014470304475,0.4491628706840384,0.276326796752272,0.10173818030240349,0.46225883741238366
final_cubic_student_t3_016,cubic_student_t3,cubic,student_t3,700136,0.29239654326888254,0.13729742233989856,0.5,0.12680935721106962,0.12474430101288997,0.28930327713783355,0.19506936034852038,0.1703243807790229,0.40718087296374306,0.2233291403024208,0.12154125869415593,0.3624501397756117,-0.05062462163630904,0.1382544893206497,0.0948058570491685,0.14985144638515066,0.11735883086527935,0.3028542331914571,0.16435023042796773,0.09943014470304475,0.3565237858283191,0.1621109424284324,0.10173818030240349,0.3480429830885441
final_cubic_student_t3_017,cubic_student_t3,cubic,student_t3,700137,0.29239654326888254,0.13729742233989856,0.5,0.15822424066873925,0.12474430101288997,0.3207181605955032,0.14631436104159007,0.1703243807790229,0.3584258736568128,0.24119752619408225,0.12154125869415593,0.38031852566727314,-0.07357195852901516,0.1382544893206497,0.07185852015646238,0.1036792326927442,0.11735883086527935,0.2566820194990506,0.18405752755014176,0.09943014470304475,0.3762310829504932,0.19307551951227692,0.10173818030240349,0.37900756017238857
final_cubic_student_t3_018,cubic_student_t3,cubic,student_t3,700138,0.29239654326888254,0.13729742233989856,0.5,0.2086722640511968,0.12474430101288997,0.37116618397796075,0.2565377741806373,0.1703243807790229,0.46864928679586,0.3077978736084567,0.12154125869415593,0.44691887308164757,0.12609878662188861,0.1382544893206497,0.27152926530736615,0.30759934320376053,0.11735883086527935,0.46060213001006695,0.2249837351295035,0.09943014470304475,0.41715729052985495,0.22992353432285573,0.10173818030240349,0.4158555749829674
final_cubic_student_t3_019,cubic_student_t3,cubic,student_t3,700139,0.29239654326888254,0.13729742233989856,0.5,0.2997296426767613,0.12474430101288997,0.4622235626035252,0.1403780475360433,0.1703243807790229,0.352489560151266,0.3289150569349657,0.12154125869415593,0.4680360564081566,-0.014800063965747012,0.1382544893206497,0.13063041471973053,0.3150628289133736,0.11735883086527935,0.46806561571968003,0.2684799112094691,0.09943014470304475,0.46065346660982054,0.2877152498715286,0.10173818030240349,0.47364729053164023
final_cubic_student_t3_020,cubic_student_t3,cubic,student_t3,700140,0.29239654326888254,0.13729742233989856,0.5,0.11610898953982904,0.12474430101288997,0.27860290946659294,0.23087792057361117,0.1703243807790229,0.4429894331888339,0.2038363556933354,0.12154125869415593,0.3429573551665263,0.06813473382678162,0.1382544893206497,0.21356521251225916,0.08425396380351854,0.11735883086527935,0.23725675060982496,0.11856597677989747,0.09943014470304475,0.31073953218024886,0.13462194642875086,0.10173818030240349,0.3205539870888625
final_cubic_student_t3_021,cubic_student_t3,cubic,student_t3,700141,0.29239654326888254,0.13729742233989856,0.5,0.17642088294288144,0.12474430101288997,0.33891480286964537,0.20561612484837855,0.1703243807790229,0.41772763746360125,0.23957312747665838,0.12154125869415593,0.3786941269498493,-0.00024387507854006785,0.1382544893206497,0.14518660360693747,0.11048896861712226,0.11735883086527935,0.2634917554234287,0.20756220128792185,0.09943014470304475,0.39973575668827327,0.21138469053810938,0.10173818030240349,0.39731673119822103
final_cubic_student_t3_022,cubic_student_t3,cubic,student_t3,700142,0.29239654326888254,0.13729742233989856,0.5,0.31448033596005653,0.12474430101288997,0.47697425588682046,0.15164945672776692,0.1703243807790229,0.3637609693429896,0.24769512106377717,0.12154125869415593,0.38681612053696807,-0.0002466122850811603,0.1382544893206497,0.14518386640039638,0.18734951809717082,0.11735883086527935,0.34035230490347723,0.30875689422869634,0.09943014470304475,0.5009304496290478,0.3061342773572461,0.10173818030240349,0.49206631801735773
final_cubic_student_t3_023,cubic_student_t3,cubic,student_t3,700143,0.29239654326888254,0.13729742233989856,0.5,0.29963006532622416,0.12474430101288997,0.4621239852529881,0.16114361286638493,0.1703243807790229,0.37325512548160766,0.22495353901984444,0.12154125869415593,0.36407453849303534,-0.016533849334628203,0.1382544893206497,0.12889662935084933,0.169358538000733,0.11735883086527935,0.3223613248070394,0.23064365994326783,0.09943014470304475,0.42281721534361927,0.2470343558882031,0.10173818030240349,0.43296639654831476
final_cubic_student_t3_024,cubic_student_t3,cubic,student_t3,700144,0.29239654326888254,0.13729742233989856,0.5,0.22129127730887552,0.12474430101288997,0.3837851972356394,0.17807310252883274,0.1703243807790229,0.39018461514405545,0.285056291564524,0.12154125869415593,0.4241772910377149,-0.027813060697986003,0.1382544893206497,0.11761741798749153,0.21564625832383272,0.11735883086527935,0.36864904513013913,0.24850105725310104,0.09943014470304475,0.4406746126534524,0.2684925809734946,0.10173818030240349,0.45442462163360625
final_cubic_student_t3_025,cubic_student_t3,cubic,student_t3,700145,0.29239654326888254,0.13729742233989856,0.5,0.23073413366312562,0.12474430101288997,0.39322805358988955,0.17634361692232858,0.1703243807790229,0.3884551295375513,0.35490543641374594,0.12154125869415593,0.49402643588693684,0.027188830484282722,0.1382544893206497,0.17261930916976026,0.2820151625975169,0.11735883086527935,0.4350179494038233,0.3194604776109101,0.09943014470304475,0.5116340330112615,0.3245975700550232,0.10173818030240349,0.5105296107151349
final_cubic_student_t3_026,cubic_student_t3,cubic,student_t3,700146,0.29239654326888254,0.13729742233989856,0.5,0.2023065265122832,0.12474430101288997,0.36480044643904713,0.2580629588380991,0.1703243807790229,0.4701744714533218,0.19733876082364055,0.12154125869415593,0.33645976029683144,0.08239327471912647,0.1382544893206497,0.227823753404604,0.1822846077824305,0.11735883086527935,0.3352873945887369,0.1650855823764605,0.09943014470304475,0.35725913777681195,0.16594126965464667,0.10173818030240349,0.3518733103147583
final_cubic_student_t3_027,cubic_student_t3,cubic,student_t3,700147,0.29239654326888254,0.13729742233989856,0.5,0.2721788356451731,0.12474430101288997,0.434672755571937,0.21214988775534832,0.1703243807790229,0.42426140037057103,0.353281037696322,0.12154125869415593,0.4924020371695129,0.0786326522496601,0.1382544893206497,0.22406313093513763,0.287052529651381,0.11735883086527935,0.4400553164576874,0.29136488529220733,0.09943014470304475,0.48353844069255875,0.3360213361232556,0.10173818030240349,0.5219533767833673
final_cubic_student_t3_028,cubic_student_t3,cubic,student_t3,700148,0.29239654326888254,0.13729742233989856,0.5,0.1928620270610083,0.12474430101288997,0.35535594698777223,0.14572421559916682,0.1703243807790229,0.3578357282143895,0.3077978736084567,0.12154125869415593,0.44691887308164757,-0.12570249827893115,0.1382544893206497,0.019727980406546386,0.25633486706183467,0.11735883086527935,0.4093376538681411,0.2566882323046879,0.09943014470304475,0.4488617877050393,0.26434825440320164,0.10173818030240349,0.4502802950633133
final_cubic_student_t3_029,cubic_student_t3,cubic,student_t3,700149,0.29239654326888254,0.13729742233989856,0.5,0.22179726247760517,0.12474430101288997,0.3842911824043691,0.22586998796855168,0.1703243807790229,0.4379815005837744,0.21033395056303056,0.12154125869415593,0.34945495003622146,-0.026754249602476854,0.1382544893206497,0.11867622908300068,0.15970104457499484,0.11735883086527935,0.31270383138130126,0.1839720015433507,0.09943014470304475,0.3761455569437021,0.19059133382858817,0.10173818030240349,0.3765233744886998
final_cubic_centered_lognormal_000,cubic_centered_lognormal,cubic,centered_lognormal,700150,0.29239654326888254,0.13729742233989856,0.5,0.3580755113536023,0.12474430101288997,0.5205694312803663,0.11435040852533868,0.1703243807790229,0.3264619211405614,0.31754426591299934,0.12154125869415593,0.45666526538619023,0.016337235347997192,0.1382544893206497,0.16176771403347473,0.2850947920724712,0.11735883086527935,0.4380975788787776,0.3857620919302096,0.09943014470304475,0.577935647330561,0.36896313625444116,0.10173818030240349,0.5548951769145528
final_cubic_centered_lognormal_001,cubic_centered_lognormal,cubic,centered_lognormal,700151,0.29239654326888254,0.13729742233989856,0.5,0.27854490336357035,0.12474430101288997,0.4410388232903343,0.14506421303603964,0.1703243807790229,0.3571757256512623,0.27855869669482886,0.12154125869415593,0.41767969616801975,0.015142302559330634,0.1382544893206497,0.16057278124480817,0.17748172452071195,0.11735883086527935,0.3304845113270184,0.2737455239326761,0.09943014470304475,0.4659190793330275,0.2500893682143653,0.10173818030240349,0.43602140887447693
final_cubic_centered_lognormal_002,cubic_centered_lognormal,cubic,centered_lognormal,700152,0.29239654326888254,0.13729742233989856,0.5,0.2717781049100779,0.12474430101288997,0.43427202483684185,-0.19523109896131158,0.1703243807790229,0.01688041365391113,0.3094222723258803,0.12154125869415593,0.4485432717990712,0.04926731213762575,0.1382544893206497,0.1946977908231033,0.8033815356161587,0.11735883086527935,0.9563843224224651,0.30266092668788164,0.09943014470304475,0.49483448208823305,0.28865832018752285,0.10173818030240349,0.4745903608476345
final_cubic_centered_lognormal_003,cubic_centered_lognormal,cubic,centered_lognormal,700153,0.29239654326888254,0.13729742233989856,0.5,0.34564373263469017,0.12474430101288997,0.508137652561454,0.13749122564656657,0.1703243807790229,0.3496027382617893,0.4020129992190352,0.12154125869415593,0.5411339986922261,-0.023630251287602544,0.1382544893206497,0.121800227397875,0.36462124412292146,0.11735883086527935,0.5176240309292279,0.40089023744501695,0.09943014470304475,0.5930637928453684,0.4308692466934565,0.10173818030240349,0.6168012873535682
final_cubic_centered_lognormal_004,cubic_centered_lognormal,cubic,centered_lognormal,700154,0.29239654326888254,0.13729742233989856,0.5,0.38947044734967806,0.12474430101288997,0.551964367276442,0.11920820796315715,0.1703243807790229,0.3313197205783799,0.4020129992190352,0.12154125869415593,0.5411339986922261,0.01801327942098374,0.1382544893206497,0.16344375810646128,0.2598411458856731,0.11735883086527935,0.4128439326919795,0.4543244724128801,0.09943014470304475,0.6464980278132315,0.47182444923901506,0.10173818030240349,0.6577564898991267
final_cubic_centered_lognormal_005,cubic_centered_lognormal,cubic,centered_lognormal,700155,0.29239654326888254,0.13729742233989856,0.5,0.33767942371100956,0.12474430101288997,0.5001733436377735,0.1483413420035676,0.1703243807790229,0.3604528546187903,0.3662762274357123,0.12154125869415593,0.5053972269089032,-0.026114606436314636,0.1382544893206497,0.1193158722491629,0.32087754236579763,0.11735883086527935,0.47388032917210404,0.38499699907368257,0.09943014470304475,0.577170554474034,0.39223246674271894,0.10173818030240349,0.5781645074028305
final_cubic_centered_lognormal_006,cubic_centered_lognormal,cubic,centered_lognormal,700156,0.29239654326888254,0.13729742233989856,0.5,0.3352255457822614,0.12474430101288997,0.4977194657090253,0.09632406286849582,0.1703243807790229,0.3084355754837185,0.2379487287592347,0.12154125869415593,0.37706972823242557,-0.020473174903757996,0.1382544893206497,0.12495730378171954,0.18007101154912042,0.11735883086527935,0.33307379835542683,0.2666850076282501,0.09943014470304475,0.4588585630286015,0.2591756097542788,0.10173818030240349,0.44510765041439043
final_cubic_centered_lognormal_007,cubic_centered_lognormal,cubic,centered_lognormal,700157,0.29239654326888254,0.13729742233989856,0.5,0.3118450560007866,0.12474430101288997,0.47433897592755053,0.09819763929841177,0.1703243807790229,0.3103091519136345,0.26231470952059105,0.12154125869415593,0.40143570899378195,0.02651310565332965,0.1382544893206497,0.1719435843388072,0.3626328737837083,0.11735883086527935,0.5156356605900148,0.2915174021161602,0.09943014470304475,0.4836909575165116,0.27389808559950146,0.10173818030240349,0.4598301262596131
final_cubic_centered_lognormal_008,cubic_centered_lognormal,cubic,centered_lognormal,700158,0.29239654326888254,0.13729742233989856,0.5,0.22240311957838804,0.12474430101288997,0.38489703950515197,0.135638571556974,0.1703243807790229,0.3477500841721967,0.21195834928045443,0.12154125869415593,0.3510793487536453,0.04514349510481122,0.1382544893206497,0.19057397379028876,0.11890799717083606,0.11735883086527935,0.27191078397714247,0.21674414837180594,0.09943014470304475,0.40891770377215736,0.21181862947102637,0.10173818030240349,0.397750670131138
final_cubic_centered_lognormal_009,cubic_centered_lognormal,cubic,centered_lognormal,700159,0.29239654326888254,0.13729742233989856,0.5,0.2607360145039137,0.12474430101288997,0.42322993443067763,0.18362032344880738,0.1703243807790229,0.39573183606403006,0.25419271593347226,0.12154125869415593,0.39331371540666316,0.002016427267600651,0.1382544893206497,0.1474469059530782,0.2493987626238809,0.11735883086527935,0.4024015494301873,0.21295546850258962,0.09943014470304475,0.40512902390294103,0.1942064266102404,0.10173818030240349,0.38013846727035205
final_cubic_centered_lognormal_010,cubic_centered_lognormal,cubic,centered_lognormal,700160,0.29239654326888254,0.13729742233989856,0.5,0.3276755722232226,0.12474430101288997,0.4901694921499865,0.07900605779141809,0.1703243807790229,0.29111757040664077,0.47998413765537595,0.12154125869415593,0.6191051371285669,0.05270409945626131,0.1382544893206497,0.19813457814173885,0.25376807283215574,0.11735883086527935,0.40677085963846216,0.43893622115938025,0.09943014470304475,0.6311097765597317,0.4437300255796228,0.10173818030240349,0.6296620662397345
final_cubic_centered_lognormal_011,cubic_centered_lognormal,cubic,centered_lognormal,700161,0.29239654326888254,0.13729742233989856,0.5,0.327185632748348,0.12474430101288997,0.48967955267511193,0.1715675580451388,0.1703243807790229,0.3836790706603615,0.41500818895842523,0.12154125869415593,0.5541291884316162,-0.022753681799447756,0.1382544893206497,0.12267679688602978,0.37723012402389594,0.11735883086527935,0.5302329108302024,0.44558849669788136,0.09943014470304475,0.6377620520982328,0.43989145005089514,0.10173818030240349,0.6258234907110067
final_cubic_centered_lognormal_012,cubic_centered_lognormal,cubic,centered_lognormal,700162,0.29239654326888254,0.13729742233989856,0.5,0.3254147740755843,0.12474430101288997,0.4879086940023482,0.17218592426634594,0.1703243807790229,0.38429743688156864,0.30617347489103275,0.12154125869415593,0.44529447436422365,0.0490822439955326,0.1382544893206497,0.19451272268101014,0.1906650491012846,0.11735883086527935,0.343667835907591,0.26552939074288173,0.09943014470304475,0.45770294614323315,0.28803243006228746,0.10173818030240349,0.4739644707223991
final_cubic_centered_lognormal_013,cubic_centered_lognormal,cubic,centered_lognormal,700163,0.29239654326888254,0.13729742233989856,0.5,0.257127123337757,0.12474430101288997,0.41962104326452093,0.1212277046108016,0.1703243807790229,0.33333921722602433,0.20221195697591177,0.12154125869415593,0.34133295644910266,0.02160073182943084,0.1382544893206497,0.16703121051490838,0.25298842083280293,0.11735883086527935,0.40599120763910934,0.2063681536569586,0.09943014470304475,0.39854170905731,0.19595188912596712,0.10173818030240349,0.38188392978607877
final_cubic_centered_lognormal_014,cubic_centered_lognormal,cubic,centered_lognormal,700164,0.29239654326888254,0.13729742233989856,0.5,0.3045838944052083,0.12474430101288997,0.4670778143319722,0.12253530252072464,0.1703243807790229,0.33464681513594735,0.2899294877167952,0.12154125869415593,0.4290504871899861,0.023625284220304743,0.1382544893206497,0.16905576290578228,0.4244313652177871,0.11735883086527935,0.5774341520240935,0.24974884054879193,0.09943014470304475,0.44192239594914334,0.26659887697691154,0.10173818030240349,0.4525309176370232
final_cubic_centered_lognormal_015,cubic_centered_lognormal,cubic,centered_lognormal,700165,0.29239654326888254,0.13729742233989856,0.5,0.32158765158548386,0.12474430101288997,0.4840815715122478,0.11043574586977783,0.1703243807790229,0.32254725848500054,0.3126710697607279,0.12154125869415593,0.4517920692339188,0.042554472462270954,0.1382544893206497,0.1879849511477485,0.15018170581270643,0.11735883086527935,0.3031844926190128,0.31123860799920955,0.09943014470304475,0.503412163399561,0.32470382076595844,0.10173818030240349,0.5106358614260701
final_cubic_centered_lognormal_016,cubic_centered_lognormal,cubic,centered_lognormal,700166,0.29239654326888254,0.13729742233989856,0.5,0.33418799583588377,0.12474430101288997,0.4966819157626477,0.12141668291341015,0.1703243807790229,0.3335281955286329,0.27855869669482886,0.12154125869415593,0.41767969616801975,-0.09488678547623547,0.1382544893206497,0.05054369320924207,0.22405170098384117,0.11735883086527935,0.3770544877901476,0.2923244184431138,0.09943014470304475,0.4844979738434652,0.31902642840748036,0.10173818030240349,0.504958469067592
final_cubic_centered_lognormal_017,cubic_centered_lognormal,cubic,centered_lognormal,700167,0.29239654326888254,0.13729742233989856,0.5,0.2583198640987053,0.12474430101288997,0.4208137840254692,0.14791174557447523,0.1703243807790229,0.36002325818969794,0.2217047415849969,0.12154125869415593,0.36082574105818777,0.032540700764265795,0.1382544893206497,0.17797117944974333,0.0938035946161731,0.11735883086527935,0.24680638142247951,0.19416062294321024,0.09943014470304475,0.38633417834356165,0.19731793693761523,0.10173818030240349,0.3832499775977269
final_cubic_centered_lognormal_018,cubic_centered_lognormal,cubic,centered_lognormal,700168,0.29239654326888254,0.13729742233989856,0.5,0.3410996650361699,0.12474430101288997,0.5035935849629338,0.12559144082196588,0.1703243807790229,0.3377029534371886,0.35490543641374594,0.12154125869415593,0.49402643588693684,0.0008730015010257608,0.1382544893206497,0.1463034801865033,0.3349996836896233,0.11735883086527935,0.4880024704959297,0.34809055567793135,0.09943014470304475,0.5402641110782828,0.3623736204214945,0.10173818030240349,0.5483056610816062
final_cubic_centered_lognormal_019,cubic_centered_lognormal,cubic,centered_lognormal,700169,0.29239654326888254,0.13729742233989856,0.5,0.350889357318489,0.12474430101288997,0.5133832772452529,0.1243607472056541,0.1703243807790229,0.3364722598208768,0.298051481303914,0.12154125869415593,0.4371724807771049,-0.01634328475067187,0.1382544893206497,0.12908719393480567,0.2285972056382521,0.11735883086527935,0.3815999924445585,0.3428694383676337,0.09943014470304475,0.5350429937679851,0.35174103484831243,0.10173818030240349,0.537673075508424
final_cubic_centered_lognormal_020,cubic_centered_lognormal,cubic,centered_lognormal,700170,0.29239654326888254,0.13729742233989856,0.5,0.26254563609705817,0.12474430101288997,0.4250395560238221,0.12868398157626432,0.1703243807790229,0.340795494191487,0.42475458126296795,0.12154125869415593,0.5638755807361588,-0.026932384892270067,0.1382544893206497,0.11849809379320747,0.232282255155919,0.11735883086527935,0.3852850419622254,0.3406777601693067,0.09943014470304475,0.5328513155696581,0.3650472537796356,0.10173818030240349,0.5509792944397472
final_cubic_centered_lognormal_021,cubic_centered_lognormal,cubic,centered_lognormal,700171,0.29239654326888254,0.13729742233989856,0.5,0.36155032587336544,0.12474430101288997,0.5240442458001293,0.126948608072584,0.1703243807790229,0.3390601206878067,0.4345009735675106,0.12154125869415593,0.5736219730407015,0.005614225772604453,0.1382544893206497,0.151044704458082,0.2902721313536665,0.11735883086527935,0.4432749181599729,0.43236368690471894,0.09943014470304475,0.6245372423050704,0.44218336536386127,0.10173818030240349,0.6281154060239729
final_cubic_centered_lognormal_022,cubic_centered_lognormal,cubic,centered_lognormal,700172,0.29239654326888254,0.13729742233989856,0.5,0.286157245448371,0.12474430101288997,0.44865116537513494,0.1564227187821159,0.1703243807790229,0.3685342313973386,0.2217047415849969,0.12154125869415593,0.36082574105818777,-0.035956710964043626,0.1382544893206497,0.10947376772143391,0.10903708836529699,0.11735883086527935,0.26203987517160343,0.19919947496068635,0.09943014470304475,0.39137303036103777,0.20566956883963078,0.10173818030240349,0.39160160949974243
final_cubic_centered_lognormal_023,cubic_centered_lognormal,cubic,centered_lognormal,700173,0.29239654326888254,0.13729742233989856,0.5,0.3714616192522106,0.12474430101288997,0.5339555391789745,0.1036784945156079,0.1703243807790229,0.3157900071308306,0.4361253722849343,0.12154125869415593,0.5752463717581252,-0.01966170934241096,0.1382544893206497,0.12576876934306658,0.29952411722052025,0.11735883086527935,0.45252690402682666,0.4066300166414112,0.09943014470304475,0.5988035720417626,0.43190580917236254,0.10173818030240349,0.6178378498324741
final_cubic_centered_lognormal_024,cubic_centered_lognormal,cubic,centered_lognormal,700174,0.29239654326888254,0.13729742233989856,0.5,0.2529884782089065,0.12474430101288997,0.41548239813567045,0.07232417789617232,0.1703243807790229,0.28443569051139506,0.27043670310771006,0.12154125869415593,0.40955770258090096,0.048302018787169415,0.1382544893206497,0.19373249747264695,0.08292071942630092,0.11735883086527935,0.23592350623260733,0.22342065733166583,0.09943014470304475,0.41559421273201724,0.23623508470151777,0.10173818030240349,0.4221671253616294
final_cubic_centered_lognormal_025,cubic_centered_lognormal,cubic,centered_lognormal,700175,0.29239654326888254,0.13729742233989856,0.5,0.3057399682943611,0.12474430101288997,0.46823388822112505,0.1355465376867024,0.1703243807790229,0.3476580503019251,0.24769512106377717,0.12154125869415593,0.38681612053696807,0.05642672594969986,0.1382544893206497,0.2018572046351774,0.15950359222540508,0.11735883086527935,0.3125063790317115,0.3591880237396312,0.09943014470304475,0.5513615791399826,0.33954834948340246,0.10173818030240349,0.5254803901435141
final_cubic_centered_lognormal_026,cubic_centered_lognormal,cubic,centered_lognormal,700176,0.29239654326888254,0.13729742233989856,0.5,0.27737213931427307,0.12474430101288997,0.439866059241037,0.18801320074879352,0.1703243807790229,0.4001247133640162,0.2558171146508962,0.12154125869415593,0.3949381141240871,-0.04108877275907247,0.1382544893206497,0.10434170592640507,0.19130488109881988,0.11735883086527935,0.3443076679051263,0.22480177888744263,0.09943014470304475,0.41697533428779404,0.21569672020940867,0.10173818030240349,0.4016287608695203
final_cubic_centered_lognormal_027,cubic_centered_lognormal,cubic,centered_lognormal,700177,0.29239654326888254,0.13729742233989856,0.5,0.26416282661547735,0.12474430101288997,0.4266567465422413,0.01151736072658216,0.1703243807790229,0.22362887334180487,0.2379487287592347,0.12154125869415593,0.37706972823242557,-0.015082113548646525,0.1382544893206497,0.130348365136831,0.5689662737505676,0.11735883086527935,0.721969060556874,0.23073250706825943,0.09943014470304475,0.42290606246861084,0.21696339406131193,0.10173818030240349,0.4028954347214236
final_cubic_centered_lognormal_028,cubic_centered_lognormal,cubic,centered_lognormal,700178,0.29239654326888254,0.13729742233989856,0.5,0.2523667328244913,0.12474430101288997,0.4148606527512552,0.1553560019473207,0.1703243807790229,0.3674675145625434,0.2883050889993716,0.12154125869415593,0.42742608847256247,0.03550114851387853,0.1382544893206497,0.18093162719935607,0.14219385371907448,0.11735883086527935,0.29519664052538086,0.29366872393053456,0.09943014470304475,0.485842279330886,0.28978097587264956,0.10173818030240349,0.4757130165327612
final_cubic_centered_lognormal_029,cubic_centered_lognormal,cubic,centered_lognormal,700179,0.29239654326888254,0.13729742233989856,0.5,0.2991025287306654,0.12474430101288997,0.4615964486574293,-0.12358170592523665,0.1703243807790229,0.08852980668998606,0.2753098992599813,0.12154125869415593,0.4144308987331722,0.023465839502052777,0.1382544893206497,0.16889631818753031,0.7563949467949964,0.11735883086527935,0.9093977336013028,0.22796101341444674,0.09943014470304475,0.42013456881479816,0.23767675364083107,0.10173818030240349,0.4236087943009427
