task_id,domain,mechanism,noise,graph_seed,predicted__constant,scale__constant,upper__constant,predicted__entropy,scale__entropy,upper__entropy,predicted__ood,scale__ood,upper__ood,predicted__self_compatibility,scale__self_compatibility,upper__self_compatibility,predicted__lovo,scale__lovo,upper__lovo,predicted__ordinary_risk_regression,scale__ordinary_risk_regression,upper__ordinary_risk_regression,predicted__threshold_aware,scale__threshold_aware,upper__threshold_aware,predicted__proposed_blpc,scale__proposed_blpc,upper__proposed_blpc,true_risk,cdfm_f1
final_arctan_gaussian_000,arctan_gaussian,arctan,gaussian,700000,0.2923965432688825,0.1372974223398985,0.5,0.3786138806919948,0.1247443010128899,0.5411078006187588,0.2981195695664498,0.1703243807790229,0.5102310821816725,0.2720611018251337,0.1215412586941559,0.4111821012983246,0.3446653966175816,0.1382544893206497,0.4900958753030592,0.3187120067251396,0.1173588308652793,0.471714793531446,0.3122965623118022,0.0994301447030447,0.5044701177121537,0.325077593572687,0.1017381803024034,0.5110096342327988,0.22222222222222232,0.7777777777777777
final_arctan_gaussian_001,arctan_gaussian,arctan,gaussian,700001,0.2923965432688825,0.1372974223398985,0.5,0.3672059479783831,0.1247443010128899,0.529699867905147,0.3043658684539294,0.1703243807790229,0.5164773810691521,0.2964270825864903,0.1215412586941559,0.4355480820596812,0.3394620319017879,0.1382544893206497,0.4848925105872654,0.3575160582344002,0.1173588308652793,0.5105188450407067,0.3449543601814261,0.0994301447030447,0.5371279155817776,0.3197274966565915,0.1017381803024034,0.5056595373167032,0.5238095238095238,0.47619047619047616
final_arctan_gaussian_002,arctan_gaussian,arctan,gaussian,700002,0.2923965432688825,0.1372974223398985,0.5,0.310324990928153,0.1247443010128899,0.4728189108549169,0.2972484109855038,0.1703243807790229,0.5093599236007265,0.2866806902819476,0.1215412586941559,0.4258016897551385,0.371012508537636,0.1382544893206497,0.5164429872231135,0.3211094361199503,0.1173588308652793,0.4741122229262567,0.2814731286403598,0.0994301447030447,0.4736466840407112,0.2816977895057381,0.1017381803024034,0.4676298301658498,0.39130434782608703,0.608695652173913
final_arctan_gaussian_003,arctan_gaussian,arctan,gaussian,700003,0.2923965432688825,0.1372974223398985,0.5,0.4163653099174544,0.1247443010128899,0.5788592298442183,0.2852422176659632,0.1703243807790229,0.4973537302811859,0.6635411927242616,0.1215412586941559,0.8026621921974525,0.3751052134907083,0.1382544893206497,0.5205356921761859,0.4556901392046638,0.1173588308652793,0.6086929260109702,0.542104106105276,0.0994301447030447,0.7342776615056275,0.5538934744249443,0.1017381803024034,0.7398255150850559,0.5686274509803921,0.43137254901960786
final_arctan_gaussian_004,arctan_gaussian,arctan,gaussian,700004,0.2923965432688825,0.1372974223398985,0.5,0.3846476373747166,0.1247443010128899,0.5471415573014806,0.2974597859936542,0.1703243807790229,0.509571298608877,0.3013002787387615,0.1215412586941559,0.4404212782119524,0.3810599859624589,0.1382544893206497,0.5264904646479365,0.3730552286144067,0.1173588308652793,0.5260580154207132,0.3680412701053436,0.0994301447030447,0.560214825505695,0.3542769405827284,0.1017381803024034,0.5402089812428401,0.33333333333333326,0.6666666666666667
final_arctan_gaussian_005,arctan_gaussian,arctan,gaussian,700005,0.2923965432688825,0.1372974223398985,0.5,0.4363994668813046,0.1247443010128899,0.5988933868080686,0.3006002135239968,0.1703243807790229,0.5127117261392196,0.549833282504598,0.1215412586941559,0.6889542819777889,0.3846181578731204,0.1382544893206497,0.5300486365585979,0.4589735645578162,0.1173588308652793,0.6119763513641227,0.5427576714182791,0.0994301447030447,0.7349312268186305,0.5421090017992123,0.1017381803024034,0.728041042459324,0.4883720930232558,0.5116279069767442
final_arctan_gaussian_006,arctan_gaussian,arctan,gaussian,700006,0.2923965432688825,0.1372974223398985,0.5,0.3071060507113718,0.1247443010128899,0.4695999706381357,0.3025223378621942,0.1703243807790229,0.5146338504774169,0.2558171146508962,0.1215412586941559,0.3949381141240871,0.3682887205545829,0.1382544893206497,0.5137191992400605,0.275148711161318,0.1173588308652793,0.4281514979676245,0.2695017767439765,0.0994301447030447,0.4616753321443279,0.2624994586363882,0.1017381803024034,0.4484314992964998,0.2222222222222222,0.7777777777777778
final_arctan_gaussian_007,arctan_gaussian,arctan,gaussian,700007,0.2923965432688825,0.1372974223398985,0.5,0.2406373330259487,0.1247443010128899,0.4031312529527127,0.3016122602723768,0.1703243807790229,0.5137237728875995,0.3126710697607279,0.1215412586941559,0.4517920692339188,0.3794020839726001,0.1382544893206497,0.5248325626580777,0.2621449268635075,0.1173588308652793,0.4151477136698139,0.2180469621263591,0.0994301447030447,0.4102205175267105,0.2501674655078715,0.1017381803024034,0.4360995061679832,0.4545454545454546,0.5454545454545454
final_arctan_gaussian_008,arctan_gaussian,arctan,gaussian,700008,0.2923965432688825,0.1372974223398985,0.5,0.3362393590783983,0.1247443010128899,0.4987332790051622,0.2996598162807857,0.1703243807790229,0.5117713288960084,0.2200803428675732,0.1215412586941559,0.3592013423407641,0.3602436035566773,0.1382544893206497,0.5056740822421548,0.279319873783187,0.1173588308652793,0.4323226605894935,0.2735128105500129,0.0994301447030447,0.4656863659503643,0.2576877810813824,0.1017381803024034,0.4436198217414941,0.4999999999999999,0.5000000000000001
final_arctan_gaussian_009,arctan_gaussian,arctan,gaussian,700009,0.2923965432688825,0.1372974223398985,0.5,0.4013712107312601,0.1247443010128899,0.563865130658024,0.2892166347345318,0.1703243807790229,0.5013281473497546,0.522218504308394,0.1215412586941559,0.6613395037815849,0.41136117754129,0.1382544893206497,0.5567916562267675,0.4547811482713706,0.1173588308652793,0.607783935077677,0.4837813360968765,0.0994301447030447,0.675954891497228,0.4968849299010155,0.1017381803024034,0.6828169705611271,0.5348837209302326,0.4651162790697674
final_arctan_gaussian_010,arctan_gaussian,arctan,gaussian,700010,0.2923965432688825,0.1372974223398985,0.5,0.4375095197264562,0.1247443010128899,0.6000034396532201,0.2949230768204314,0.1703243807790229,0.5070345894356542,0.6343020158106338,0.1215412586941559,0.7734230152838247,0.4017440156378558,0.1382544893206497,0.5471744943233334,0.5078493457898674,0.1173588308652793,0.6608521325961738,0.590844940326414,0.0994301447030447,0.7830184957267654,0.5633662328992437,0.1017381803024034,0.7492982735593554,0.6363636363636364,0.36363636363636365
final_arctan_gaussian_011,arctan_gaussian,arctan,gaussian,700011,0.2923965432688825,0.1372974223398985,0.5,0.3906736655505129,0.1247443010128899,0.5531675854772768,0.2811916361847857,0.1703243807790229,0.4933031488000084,0.4539937581765957,0.1215412586941559,0.5931147576497866,0.4119373553702207,0.1382544893206497,0.5573678340556982,0.4446111561302811,0.1173588308652793,0.5976139429365875,0.517099828950048,0.0994301447030447,0.7092733843503994,0.4983772294824004,0.1017381803024034,0.6843092701425121,0.40909090909090917,0.5909090909090908
final_arctan_gaussian_012,arctan_gaussian,arctan,gaussian,700012,0.2923965432688825,0.1372974223398985,0.5,0.4278439039331103,0.1247443010128899,0.5903378238598742,0.3045850289103042,0.1703243807790229,0.5166965415255269,0.4523693594591718,0.1215412586941559,0.5914903589323627,0.3696909456732454,0.1382544893206497,0.515121424358723,0.4423214141335294,0.1173588308652793,0.5953242009398358,0.4843407670393924,0.0994301447030447,0.6765143224397439,0.471142396778814,0.1017381803024034,0.6570744374389257,0.4285714285714285,0.5714285714285715
final_arctan_gaussian_013,arctan_gaussian,arctan,gaussian,700013,0.2923965432688825,0.1372974223398985,0.5,0.3444476217148597,0.1247443010128899,0.5069415416416236,0.3020744791440333,0.1703243807790229,0.514185991759256,0.2753098992599813,0.1215412586941559,0.4144308987331722,0.3461299243105517,0.1382544893206497,0.4915604029960292,0.3260415142582109,0.1173588308652793,0.4790443010645173,0.2820328182581794,0.0994301447030447,0.4742063736585308,0.2831864887279922,0.1017381803024034,0.4691185293881039,0.30434782608695654,0.6956521739130435
final_arctan_gaussian_014,arctan_gaussian,arctan,gaussian,700014,0.2923965432688825,0.1372974223398985,0.5,0.3893704892052074,0.1247443010128899,0.5518644091319713,0.3064451426188783,0.1703243807790229,0.518556655234101,0.2915538864342188,0.1215412586941559,0.4306748859074097,0.3571928110592168,0.1382544893206497,0.5026232897446943,0.3843166146016605,0.1173588308652793,0.537319401407967,0.3519849654138228,0.0994301447030447,0.5441585208141743,0.3523822822966673,0.1017381803024034,0.5383143229567791,0.3076923076923077,0.6923076923076923
final_arctan_gaussian_015,arctan_gaussian,arctan,gaussian,700015,0.2923965432688825,0.1372974223398985,0.5,0.38834562715083,0.1247443010128899,0.550839547077594,0.3035564474077304,0.1703243807790229,0.5156679600229531,0.4133837902410016,0.1215412586941559,0.5525047897141925,0.3970922049223049,0.1382544893206497,0.5425226836077824,0.4292579655774545,0.1173588308652793,0.582260752383761,0.4280136769012985,0.0994301447030447,0.62018723230165,0.4138523192428311,0.1017381803024034,0.5997843599029429,0.3513513513513513,0.6486486486486487
final_arctan_gaussian_016,arctan_gaussian,arctan,gaussian,700016,0.2923965432688825,0.1372974223398985,0.5,0.4108003614378799,0.1247443010128899,0.5732942813646439,0.3011708198572427,0.1703243807790229,0.5132823324724654,0.5108477132864274,0.1215412586941559,0.6499687127596183,0.3944556037718748,0.1382544893206497,0.5398860824573524,0.4884825633106123,0.1173588308652793,0.6414853501169187,0.52039535205055,0.0994301447030447,0.7125689074509014,0.5057856787476115,0.1017381803024034,0.6917177194077231,0.5555555555555556,0.4444444444444445
final_arctan_gaussian_017,arctan_gaussian,arctan,gaussian,700017,0.2923965432688825,0.1372974223398985,0.5,0.3349128868262307,0.1247443010128899,0.4974068067529946,0.29041395195226,0.1703243807790229,0.5025254645674828,0.2135827479978781,0.1215412586941559,0.352703747471069,0.3349233209758062,0.1382544893206497,0.4803537996612838,0.2428675128399059,0.1173588308652793,0.3958702996462124,0.2977581941311321,0.0994301447030447,0.4899317495314835,0.2817977639558329,0.1017381803024034,0.4677298046159445,0.4,0.6
final_arctan_gaussian_018,arctan_gaussian,arctan,gaussian,700018,0.2923965432688825,0.1372974223398985,0.5,0.3428380380278827,0.1247443010128899,0.5053319579546467,0.3051730017726486,0.1703243807790229,0.5172845143878713,0.2541927159334722,0.1215412586941559,0.3933137154066631,0.3398447502428292,0.1382544893206497,0.4852752289283067,0.3150517305617339,0.1173588308652793,0.4680545173680404,0.2790610166493701,0.0994301447030447,0.4712345720497216,0.2712257056389758,0.1017381803024034,0.4571577462990874,0.2500000000000001,0.7499999999999999
final_arctan_gaussian_019,arctan_gaussian,arctan,gaussian,700019,0.2923965432688825,0.1372974223398985,0.5,0.2790763417260169,0.1247443010128899,0.4415702616527808,0.3050704682627732,0.1703243807790229,0.5171819808779959,0.2509439184986247,0.1215412586941559,0.3900649179718156,0.3593978597325035,0.1382544893206497,0.504828338417981,0.2796513328841933,0.1173588308652793,0.4326541196904997,0.2544594100074157,0.0994301447030447,0.4466329654077671,0.2586512227339642,0.1017381803024034,0.4445832633940758,0.36363636363636365,0.6363636363636364
final_arctan_gaussian_020,arctan_gaussian,arctan,gaussian,700020,0.2923965432688825,0.1372974223398985,0.5,0.3518578368703697,0.1247443010128899,0.5143517567971336,0.3047403038706565,0.1703243807790229,0.5168518164858792,0.3077978736084567,0.1215412586941559,0.4469188730816475,0.3553222670521253,0.1382544893206497,0.5007527457376029,0.3681020611777759,0.1173588308652793,0.5211048479840823,0.368609991077623,0.0994301447030447,0.5607835464779745,0.3357930013372993,0.1017381803024034,0.521725041997411,0.4482758620689654,0.5517241379310346
final_arctan_gaussian_021,arctan_gaussian,arctan,gaussian,700021,0.2923965432688825,0.1372974223398985,0.5,0.2752789107474859,0.1247443010128899,0.4377728306742498,0.300783261860271,0.1703243807790229,0.5128947744754937,0.2346999313243871,0.1215412586941559,0.373820930797578,0.3238151679719016,0.1382544893206497,0.4692456466573791,0.273843176625436,0.1173588308652793,0.4268459634317424,0.2506438229682117,0.0994301447030447,0.4428173783685631,0.2555480449266518,0.1017381803024034,0.4414800855867634,0.1428571428571429,0.8571428571428571
final_arctan_gaussian_022,arctan_gaussian,arctan,gaussian,700022,0.2923965432688825,0.1372974223398985,0.5,0.3395573295064047,0.1247443010128899,0.5020512494331687,0.2997154593806845,0.1703243807790229,0.5118269719959072,0.2200803428675732,0.1215412586941559,0.3592013423407641,0.3390992002519654,0.1382544893206497,0.484529678937443,0.3085784360666008,0.1173588308652793,0.4615812228729072,0.272425880183012,0.0994301447030447,0.4645994355833634,0.2620255942901295,0.1017381803024034,0.4479576349502411,0.26315789473684215,0.7368421052631579
final_arctan_gaussian_023,arctan_gaussian,arctan,gaussian,700023,0.2923965432688825,0.1372974223398985,0.5,0.3251002069152312,0.1247443010128899,0.4875941268419951,0.3059409196726776,0.1703243807790229,0.5180524322879003,0.3695250248705598,0.1215412586941559,0.5086460243437507,0.388515669581139,0.1382544893206497,0.5339461482666166,0.3723194764590004,0.1173588308652793,0.5253222632653067,0.4038947650948636,0.0994301447030447,0.5960683204952151,0.4100570773982642,0.1017381803024034,0.5959891180583758,0.3939393939393939,0.6060606060606061
final_arctan_gaussian_024,arctan_gaussian,arctan,gaussian,700024,0.2923965432688825,0.1372974223398985,0.5,0.3577068101085844,0.1247443010128899,0.5202007300353484,0.3051483762545758,0.1703243807790229,0.5172598888697986,0.2899294877167952,0.1215412586941559,0.4290504871899861,0.3597192097278619,0.1382544893206497,0.5051496884133395,0.3228597409686503,0.1173588308652793,0.4758625277749567,0.3035242427897687,0.0994301447030447,0.4956977981901201,0.3074888896236152,0.1017381803024034,0.4934209302837269,0.36,0.64
final_arctan_gaussian_025,arctan_gaussian,arctan,gaussian,700025,0.2923965432688825,0.1372974223398985,0.5,0.3871724481836323,0.1247443010128899,0.5496663681103962,0.300227978939912,0.1703243807790229,0.5123394915551347,0.3565298351311696,0.1215412586941559,0.4956508346043605,0.3496112195358386,0.1382544893206497,0.4950416982213161,0.3628715133237273,0.1173588308652793,0.5158743001300338,0.423673859345942,0.0994301447030447,0.6158474147462935,0.427703394440156,0.1017381803024034,0.6136354351002677,0.6799999999999999,0.32
final_arctan_gaussian_026,arctan_gaussian,arctan,gaussian,700026,0.2923965432688825,0.1372974223398985,0.5,0.3925307570452989,0.1247443010128899,0.5550246769720628,0.3065968285238057,0.1703243807790229,0.5187083411390284,0.3662762274357123,0.1215412586941559,0.5053972269089032,0.3715632246542935,0.1382544893206497,0.516993703339771,0.3816619645291094,0.1173588308652793,0.5346647513354159,0.4106520117365109,0.0994301447030447,0.6028255671368623,0.4071211500556012,0.1017381803024034,0.5930531907157128,0.5714285714285714,0.42857142857142855
final_arctan_gaussian_027,arctan_gaussian,arctan,gaussian,700027,0.2923965432688825,0.1372974223398985,0.5,0.3911555962203336,0.1247443010128899,0.5536495161470976,0.3049323262176658,0.1703243807790229,0.5170438388328886,0.3727738223054074,0.1215412586941559,0.5118948217785984,0.3437824158248002,0.1382544893206497,0.4892128945102777,0.4048833157071266,0.1173588308652793,0.557886102513433,0.4191294137607452,0.0994301447030447,0.6113029691610966,0.4283450339536071,0.1017381803024034,0.6142770746137187,0.4375,0.5625
final_arctan_gaussian_028,arctan_gaussian,arctan,gaussian,700028,0.2923965432688825,0.1372974223398985,0.5,0.370700722110339,0.1247443010128899,0.533194642037103,0.2988014492709375,0.1703243807790229,0.5109129618861603,0.3695250248705598,0.1215412586941559,0.5086460243437507,0.4021207755414335,0.1382544893206497,0.547551254226911,0.3873223362320819,0.1173588308652793,0.5403251230383883,0.3970180051055215,0.0994301447030447,0.589191560505873,0.3997739076991008,0.1017381803024034,0.5857059483592125,0.3529411764705882,0.6470588235294118
final_arctan_gaussian_029,arctan_gaussian,arctan,gaussian,700029,0.2923965432688825,0.1372974223398985,0.5,0.3782000434403436,0.1247443010128899,0.5406939633671075,0.2801799931413983,0.1703243807790229,0.492291505756621,0.3938910056319164,0.1215412586941559,0.5330120051051073,0.4190259644887298,0.1382544893206497,0.5644564431742074,0.3836449810664068,0.1173588308652793,0.5366477678727133,0.4041480758270599,0.0994301447030447,0.5963216312274113,0.4043357733994842,0.1017381803024034,0.5902678140595958,0.47058823529411764,0.5294117647058824
final_arctan_student_t3_000,arctan_student_t3,arctan,student_t3,700030,0.2923965432688825,0.1372974223398985,0.5,0.2457530627289866,0.1247443010128899,0.4082469826557505,0.288631118519355,0.1703243807790229,0.5007426311345777,0.2915538864342188,0.1215412586941559,0.4306748859074097,0.2638349841387861,0.1382544893206497,0.4092654628242636,0.2547730915657776,0.1173588308652793,0.407775878372084,0.237529412618122,0.0994301447030447,0.4297029680184735,0.2516494704268349,0.1017381803024034,0.4375815110869466,0.30434782608695654,0.6956521739130435
final_arctan_student_t3_001,arctan_student_t3,arctan,student_t3,700031,0.2923965432688825,0.1372974223398985,0.5,0.1133471966958652,0.1247443010128899,0.2758411166226291,0.294636270673808,0.1703243807790229,0.5067477832890307,0.1892167672365215,0.1215412586941559,0.3283377667097124,0.177423248848147,0.1382544893206497,0.3228537275336246,0.0649461241141796,0.1173588308652793,0.217948910920486,0.1374268936771215,0.0994301447030447,0.3296004490774729,0.142419309015386,0.1017381803024034,0.3283513496754976,0.16666666666666674,0.8333333333333333
final_arctan_student_t3_002,arctan_student_t3,arctan,student_t3,700032,0.2923965432688825,0.1372974223398985,0.5,0.2451663643798077,0.1247443010128899,0.4076602843065716,0.2766158696871768,0.1703243807790229,0.4887273823023995,0.2460707223463535,0.1215412586941559,0.3851917218195444,0.2689058639647799,0.1382544893206497,0.4143363426502575,0.2546179358303675,0.1173588308652793,0.407620722636674,0.1862617964480154,0.0994301447030447,0.3784353518483668,0.1787329152246366,0.1017381803024034,0.3646649558847482,0.09999999999999998,0.9
final_arctan_student_t3_003,arctan_student_t3,arctan,student_t3,700033,0.2923965432688825,0.1372974223398985,0.5,0.2531156034875106,0.1247443010128899,0.4156095234142746,0.2676016507382185,0.1703243807790229,0.4797131633534413,0.2720611018251337,0.1215412586941559,0.4111821012983246,0.2748744782680884,0.1382544893206497,0.4203049569535659,0.2354496799942397,0.1173588308652793,0.3884524668005461,0.2516198900307984,0.0994301447030447,0.4437934454311498,0.261428240654097,0.1017381803024034,0.4473602813142087,0.09999999999999998,0.9
final_arctan_student_t3_004,arctan_student_t3,arctan,student_t3,700034,0.2923965432688825,0.1372974223398985,0.5,0.2324888932488393,0.1247443010128899,0.3949828131756032,0.2905264723544052,0.1703243807790229,0.502637984969628,0.2087095518456069,0.1215412586941559,0.3478305513187978,0.2536872484930266,0.1382544893206497,0.3991177271785041,0.1982755073203206,0.1173588308652793,0.351278294126627,0.1987635138204881,0.0994301447030447,0.3909370692208396,0.1886828079498881,0.1017381803024034,0.3746148486099998,0.08333333333333337,0.9166666666666666
final_arctan_student_t3_005,arctan_student_t3,arctan,student_t3,700035,0.2923965432688825,0.1372974223398985,0.5,0.187485111433973,0.1247443010128899,0.349979031360737,0.2947908974985672,0.1703243807790229,0.50690241011379,0.1892167672365215,0.1215412586941559,0.3283377667097124,0.1669117122996873,0.1382544893206497,0.3123421909851649,0.0959704053748705,0.1173588308652793,0.2489731921811769,0.1360969959798064,0.0994301447030447,0.3282705513801579,0.1433840118685037,0.1017381803024034,0.3293160525286154,0.0,1.0
final_arctan_student_t3_006,arctan_student_t3,arctan,student_t3,700036,0.2923965432688825,0.1372974223398985,0.5,0.225226315755946,0.1247443010128899,0.3877202356827099,0.2761138939753041,0.1703243807790229,0.4882254065905269,0.2476951210637771,0.1215412586941559,0.386816120536968,0.2104111249968678,0.1382544893206497,0.3558416036823454,0.2372116023084395,0.1173588308652793,0.3902143891147459,0.220133409458518,0.0994301447030447,0.4123069648588695,0.2112837513287036,0.1017381803024034,0.3972157919888153,0.18181818181818177,0.8181818181818182
final_arctan_student_t3_007,arctan_student_t3,arctan,student_t3,700037,0.2923965432688825,0.1372974223398985,0.5,0.2321998844352941,0.1247443010128899,0.394693804362058,0.2772991254193755,0.1703243807790229,0.4894106380345982,0.2688123043902862,0.1215412586941559,0.4079333038634771,0.2609532157145441,0.1382544893206497,0.4063836944000216,0.2157913366117118,0.1173588308652793,0.3687941234180182,0.2481437437309809,0.0994301447030447,0.4403172991313323,0.2558869998254004,0.1017381803024034,0.441819040485512,0.15384615384615397,0.846153846153846
final_arctan_student_t3_008,arctan_student_t3,arctan,student_t3,700038,0.2923965432688825,0.1372974223398985,0.5,0.3640314488559601,0.1247443010128899,0.526525368782724,0.2301990650573232,0.1703243807790229,0.442310577672546,0.3760226197402549,0.1215412586941559,0.5151436192134459,0.2843298609234507,0.1382544893206497,0.4297603396089283,0.3617068853283876,0.1173588308652793,0.514709672134694,0.4046832179952511,0.0994301447030447,0.5968567733956025,0.4046067959848309,0.1017381803024034,0.5905388366449426,0.37142857142857144,0.6285714285714286
final_arctan_student_t3_009,arctan_student_t3,arctan,student_t3,700039,0.2923965432688825,0.1372974223398985,0.5,0.1727862594133281,0.1247443010128899,0.335280179340092,0.2865291622377929,0.1703243807790229,0.4986406748530156,0.2298267351721159,0.1215412586941559,0.3689477346453068,0.219329555792767,0.1382544893206497,0.3647600344782445,0.1967614779805926,0.1173588308652793,0.3497642647868991,0.1439456553200342,0.0994301447030447,0.3361192107203856,0.1466580119269983,0.1017381803024034,0.3325900525871099,0.1428571428571428,0.8571428571428572
final_arctan_student_t3_010,arctan_student_t3,arctan,student_t3,700040,0.2923965432688825,0.1372974223398985,0.5,0.3130372136226806,0.1247443010128899,0.4755311335494445,0.2922978726252724,0.1703243807790229,0.5044093852404952,0.2379487287592347,0.1215412586941559,0.3770697282324255,0.128624369377962,0.1382544893206497,0.2740548480634396,0.3118908007530092,0.1173588308652793,0.4648935875593156,0.3324675292895407,0.0994301447030447,0.5246410846898921,0.3164267128108342,0.1017381803024034,0.5023587534709458,0.30434782608695643,0.6956521739130436
final_arctan_student_t3_011,arctan_student_t3,arctan,student_t3,700041,0.2923965432688825,0.1372974223398985,0.5,0.3406575393753915,0.1247443010128899,0.5031514593021555,0.2447759387043591,0.1703243807790229,0.4568874513195818,0.3029246774561854,0.1215412586941559,0.4420456769293763,0.1763023413130078,0.1382544893206497,0.3217328199984853,0.2656540836192945,0.1173588308652793,0.4186568704256009,0.3331232795387042,0.0994301447030447,0.5252968349390557,0.3246381822774065,0.1017381803024034,0.5105702229375182,0.2142857142857142,0.7857142857142858
final_arctan_student_t3_012,arctan_student_t3,arctan,student_t3,700042,0.2923965432688825,0.1372974223398985,0.5,0.2430795871549693,0.1247443010128899,0.4055735070817332,0.2636607673452407,0.1703243807790229,0.4757722799604634,0.2769342979774049,0.1215412586941559,0.4160552974505958,0.3111002641544582,0.1382544893206497,0.4565307428399357,0.2546220068523489,0.1173588308652793,0.4076247936586553,0.2564437205516004,0.0994301447030447,0.4486172759519518,0.2515924793169383,0.1017381803024034,0.4375245199770499,0.31034482758620696,0.689655172413793
final_arctan_student_t3_013,arctan_student_t3,arctan,student_t3,700043,0.2923965432688825,0.1372974223398985,0.5,0.1809893016862402,0.1247443010128899,0.3434832216130041,0.2763514378920763,0.1703243807790229,0.488462950507299,0.215207146715302,0.1215412586941559,0.3543281461884929,0.1431607059963031,0.1382544893206497,0.2885911846817807,0.1989181493878033,0.1173588308652793,0.3519209361941098,0.1720472565741876,0.0994301447030447,0.364220811974539,0.1603860026647007,0.1017381803024034,0.3463180433248124,0.25,0.75
final_arctan_student_t3_014,arctan_student_t3,arctan,student_t3,700044,0.2923965432688825,0.1372974223398985,0.5,0.2125164213648854,0.1247443010128899,0.3750103412916493,0.2635056509535275,0.1703243807790229,0.4756171635687502,0.2314511338895395,0.1215412586941559,0.3705721333627305,0.1947795731760459,0.1382544893206497,0.3402100518615235,0.1862253190622495,0.1173588308652793,0.3392281058685559,0.2200012309379396,0.0994301447030447,0.412174786338291,0.2233704521819883,0.1017381803024034,0.4093024928421,0.26315789473684215,0.7368421052631579
final_arctan_student_t3_015,arctan_student_t3,arctan,student_t3,700045,0.2923965432688825,0.1372974223398985,0.5,0.1352131353551732,0.1247443010128899,0.2977070552819371,0.290605358564992,0.1703243807790229,0.5027168711802148,0.2103339505630305,0.1215412586941559,0.3494549500362214,0.0420301094344991,0.1382544893206497,0.1874605881199766,0.0465438687406555,0.1173588308652793,0.199546655546962,0.2565427394904624,0.0994301447030447,0.4487162948908138,0.2461937519623127,0.1017381803024034,0.4321257926224244,0.2500000000000001,0.7499999999999999
final_arctan_student_t3_016,arctan_student_t3,arctan,student_t3,700046,0.2923965432688825,0.1372974223398985,0.5,0.2264618316827312,0.1247443010128899,0.3889557516094951,0.2781305063604939,0.1703243807790229,0.4902420189757166,0.3094222723258803,0.1215412586941559,0.4485432717990712,0.3027059420220843,0.1382544893206497,0.4481364207075618,0.2394244050490581,0.1173588308652793,0.3924271918553645,0.2168447758491424,0.0994301447030447,0.4090183312494939,0.2440290869150393,0.1017381803024034,0.4299611275751509,0.2142857142857143,0.7857142857142857
final_arctan_student_t3_017,arctan_student_t3,arctan,student_t3,700047,0.2923965432688825,0.1372974223398985,0.5,0.2826129954924289,0.1247443010128899,0.4451069154191928,0.2586584772580503,0.1703243807790229,0.470769989873273,0.2834318928471001,0.1215412586941559,0.422552892320291,0.163229303312935,0.1382544893206497,0.3086597819984125,0.2845458077114629,0.1173588308652793,0.4375485945177693,0.2689023615666082,0.0994301447030447,0.4610759169669596,0.2609478839784429,0.1017381803024034,0.4468799246385545,0.30434782608695654,0.6956521739130435
final_arctan_student_t3_018,arctan_student_t3,arctan,student_t3,700048,0.2923965432688825,0.1372974223398985,0.5,0.3176697924763838,0.1247443010128899,0.4801637124031477,0.2752137317179379,0.1703243807790229,0.4873252443331606,0.2217047415849969,0.1215412586941559,0.3608257410581877,0.1389951406724315,0.1382544893206497,0.284425619357909,0.2528636563537935,0.1173588308652793,0.4058664431600999,0.2700199247686325,0.0994301447030447,0.462193480168984,0.2425508660218993,0.1017381803024034,0.4284829066820109,0.17647058823529416,0.8235294117647058
final_arctan_student_t3_019,arctan_student_t3,arctan,student_t3,700049,0.2923965432688825,0.1372974223398985,0.5,0.1984264906207161,0.1247443010128899,0.36092041054748,0.2729793532626098,0.1703243807790229,0.4850908658778325,0.2460707223463535,0.1215412586941559,0.3851917218195444,0.2554771139259269,0.1382544893206497,0.4009075926114044,0.2196872058041032,0.1173588308652793,0.3726899926104096,0.2085131878644607,0.0994301447030447,0.4006867432648122,0.2114173551161878,0.1017381803024034,0.3973493957762994,0.04761904761904767,0.9523809523809523
final_arctan_student_t3_020,arctan_student_t3,arctan,student_t3,700050,0.2923965432688825,0.1372974223398985,0.5,0.2474406288062697,0.1247443010128899,0.4099345487330337,0.2810801018762657,0.1703243807790229,0.4931916144914884,0.2184559441501493,0.1215412586941559,0.3575769436233402,0.1895378051213396,0.1382544893206497,0.3349682838068172,0.2174307844754066,0.1173588308652793,0.370433571281713,0.1912868197540266,0.0994301447030447,0.3834603751543781,0.1822013341728868,0.1017381803024034,0.3681333748329984,0.05882352941176472,0.9411764705882353
final_arctan_student_t3_021,arctan_student_t3,arctan,student_t3,700051,0.2923965432688825,0.1372974223398985,0.5,0.2675002513122811,0.1247443010128899,0.4299941712390451,0.2762891532537909,0.1703243807790229,0.4884006658690136,0.2671879056728625,0.1215412586941559,0.4063089051460534,0.2387277175496147,0.1382544893206497,0.3841581962350923,0.2778192178767674,0.1173588308652793,0.4308220046830738,0.2397365746197184,0.0994301447030447,0.4319101300200698,0.2333384221925683,0.1017381803024034,0.41927046285268,0.1875,0.8125
final_arctan_student_t3_022,arctan_student_t3,arctan,student_t3,700052,0.2923965432688825,0.1372974223398985,0.5,0.2928191455353492,0.1247443010128899,0.4553130654621132,0.2787638007711037,0.1703243807790229,0.4908753133863264,0.2736855005425576,0.1215412586941559,0.4128065000157485,0.2947489012213782,0.1382544893206497,0.4401793799068557,0.3064026012476091,0.1173588308652793,0.4594053880539155,0.2547137939514068,0.0994301447030447,0.4468873493517582,0.2481580656866641,0.1017381803024034,0.4340901063467757,0.16666666666666674,0.8333333333333333
final_arctan_student_t3_023,arctan_student_t3,arctan,student_t3,700053,0.2923965432688825,0.1372974223398985,0.5,0.2399768004512927,0.1247443010128899,0.4024707203780567,0.2910696777726642,0.1703243807790229,0.5031811903878869,0.228202336454692,0.1215412586941559,0.3673233359278829,0.2215249453733402,0.1382544893206497,0.3669554240588178,0.2020170055844283,0.1173588308652793,0.3550197923907348,0.1977138313534017,0.0994301447030447,0.3898873867537532,0.1941888106568893,0.1017381803024034,0.3801208513170009,0.19999999999999996,0.8
final_arctan_student_t3_024,arctan_student_t3,arctan,student_t3,700054,0.2923965432688825,0.1372974223398985,0.5,0.1972113122004002,0.1247443010128899,0.3597052321271641,0.2634134776099067,0.1703243807790229,0.4755249902251294,0.3142954684781518,0.1215412586941559,0.4534164679513427,0.2705804232707914,0.1382544893206497,0.416010901956269,0.1696382220255787,0.1173588308652793,0.3226410088318851,0.242493623785038,0.0994301447030447,0.4346671791853894,0.2700797676550053,0.1017381803024034,0.456011808315117,0.2799999999999999,0.7200000000000001
final_arctan_student_t3_025,arctan_student_t3,arctan,student_t3,700055,0.2923965432688825,0.1372974223398985,0.5,0.290279837953364,0.1247443010128899,0.4527737578801279,0.2715041223277935,0.1703243807790229,0.4836156349430162,0.2785586966948288,0.1215412586941559,0.4176796961680197,0.2645208732967126,0.1382544893206497,0.4099513519821902,0.2393706172445316,0.1173588308652793,0.392373404050838,0.2596662857176532,0.0994301447030447,0.4518398411180046,0.2472145037566535,0.1017381803024034,0.4331465444167651,0.18181818181818177,0.8181818181818182
final_arctan_student_t3_026,arctan_student_t3,arctan,student_t3,700056,0.2923965432688825,0.1372974223398985,0.5,0.1884685234555879,0.1247443010128899,0.3509624433823518,0.2942161303787731,0.1703243807790229,0.5063276429939958,0.2233291403024208,0.1215412586941559,0.3624501397756117,0.2446121112191027,0.1382544893206497,0.3900425899045803,0.1932019130808474,0.1173588308652793,0.3462046998871538,0.2086207617012502,0.0994301447030447,0.4007943171016016,0.1952750821554374,0.1017381803024034,0.3812071228155491,0.05882352941176472,0.9411764705882353
final_arctan_student_t3_027,arctan_student_t3,arctan,student_t3,700057,0.2923965432688825,0.1372974223398985,0.5,0.2842749229126072,0.1247443010128899,0.4467688428393711,0.2950034833341539,0.1703243807790229,0.5071149959493766,0.353281037696322,0.1215412586941559,0.4924020371695129,0.27126074555491,0.1382544893206497,0.4166912242403875,0.3196529078631302,0.1173588308652793,0.4726556946694366,0.3104535411814924,0.0994301447030447,0.5026270965818438,0.3150345977410522,0.1017381803024034,0.500966638401164,0.24137931034482762,0.7586206896551724
final_arctan_student_t3_028,arctan_student_t3,arctan,student_t3,700058,0.2923965432688825,0.1372974223398985,0.5,0.2269975114329561,0.1247443010128899,0.3894914313597201,0.2900610397858448,0.1703243807790229,0.5021725524010675,0.2184559441501493,0.1215412586941559,0.3575769436233402,0.2586985204469883,0.1382544893206497,0.4041289991324658,0.1927027960024916,0.1173588308652793,0.345705582808798,0.1912689200161879,0.0994301447030447,0.3834424754165393,0.1857771303593863,0.1017381803024034,0.3717091710194979,0.11111111111111116,0.8888888888888888
final_arctan_student_t3_029,arctan_student_t3,arctan,student_t3,700059,0.2923965432688825,0.1372974223398985,0.5,0.2215052287712474,0.1247443010128899,0.3839991486980113,0.2925750187024017,0.1703243807790229,0.5046865313176245,0.2184559441501493,0.1215412586941559,0.3575769436233402,0.1496383986800847,0.1382544893206497,0.2950688773655623,0.1207214424253929,0.1173588308652793,0.2737242292316993,0.2287536858215648,0.0994301447030447,0.4209272412219162,0.2265821275221048,0.1017381803024034,0.4125141681822165,0.23076923076923084,0.7692307692307692
final_arctan_centered_lognormal_000,arctan_centered_lognormal,arctan,centered_lognormal,700060,0.2923965432688825,0.1372974223398985,0.5,0.2043660151550423,0.1247443010128899,0.3668599350818062,0.1794801683125469,0.1703243807790229,0.3915916809277696,0.2249535390198444,0.1215412586941559,0.3640745384930353,0.1574578966417959,0.1382544893206497,0.3028883753272735,0.020047433584176,0.1173588308652793,0.1730502203904824,0.1894013460219886,0.0994301447030447,0.3815749014223401,0.1868940470961745,0.1017381803024034,0.3728260877562862,0.05263157894736836,0.9473684210526316
final_arctan_centered_lognormal_001,arctan_centered_lognormal,arctan,centered_lognormal,700061,0.2923965432688825,0.1372974223398985,0.5,0.0861716092980634,0.1247443010128899,0.2486655292248274,0.1851784585419921,0.1703243807790229,0.3972899711572148,0.2655635069554386,0.1215412586941559,0.4046845064286295,0.2044437033396224,0.1382544893206497,0.3498741820251,0.0849965796266091,0.1173588308652793,0.2379993664329155,0.2091719316543756,0.0994301447030447,0.401345487054727,0.2174147806380698,0.1017381803024034,0.4033468212981814,0.21739130434782616,0.7826086956521738
final_arctan_centered_lognormal_002,arctan_centered_lognormal,arctan,centered_lognormal,700062,0.2923965432688825,0.1372974223398985,0.5,0.1666802994730152,0.1247443010128899,0.3291742193997792,0.1515921566733236,0.1703243807790229,0.3637036692885463,0.1989631595410642,0.1215412586941559,0.3380841590142551,0.1277173874219461,0.1382544893206497,0.2731478661074237,-0.0212682101832447,0.1173588308652793,0.1317345766230617,0.1459343169404692,0.0994301447030447,0.3381078723408206,0.1480633258094178,0.1017381803024034,0.3339953664695294,0.07692307692307698,0.923076923076923
final_arctan_centered_lognormal_003,arctan_centered_lognormal,arctan,centered_lognormal,700063,0.2923965432688825,0.1372974223398985,0.5,0.1955384504140772,0.1247443010128899,0.3580323703408412,0.1589604149858595,0.1703243807790229,0.3710719276010823,0.2184559441501493,0.1215412586941559,0.3575769436233402,0.1801318239354798,0.1382544893206497,0.3255623026209574,0.0230200022524085,0.1173588308652793,0.176022789058715,0.1862373614840864,0.0994301447030447,0.3784109168844379,0.1733021391373498,0.1017381803024034,0.3592341797974614,0.09999999999999998,0.9
final_arctan_centered_lognormal_004,arctan_centered_lognormal,arctan,centered_lognormal,700064,0.2923965432688825,0.1372974223398985,0.5,0.2853286973971667,0.1247443010128899,0.4478226173239306,0.1416415344511043,0.1703243807790229,0.353753047066327,0.3614030312834411,0.1215412586941559,0.500524030756632,0.2028346602394554,0.1382544893206497,0.348265138924933,0.1460920106973409,0.1173588308652793,0.2990947975036473,0.3559242327273053,0.0994301447030447,0.5480977881276567,0.3546407947553272,0.1017381803024034,0.5405728354154389,0.2941176470588236,0.7058823529411764
final_arctan_centered_lognormal_005,arctan_centered_lognormal,arctan,centered_lognormal,700065,0.2923965432688825,0.1372974223398985,0.5,0.3412787244542729,0.1247443010128899,0.5037726443810369,0.1867188779297963,0.1703243807790229,0.398830390545019,0.4280033786978154,0.1215412586941559,0.5671243781710064,0.2990646289531338,0.1382544893206497,0.4444951076386113,0.2084446742571022,0.1173588308652793,0.3614474610634086,0.3824131072985412,0.0994301447030447,0.5745866626988927,0.4136488371719148,0.1017381803024034,0.5995808778320264,0.2727272727272726,0.7272727272727274
final_arctan_centered_lognormal_006,arctan_centered_lognormal,arctan,centered_lognormal,700066,0.2923965432688825,0.1372974223398985,0.5,0.2081193026603638,0.1247443010128899,0.3706132225871277,0.1812193132580599,0.1703243807790229,0.3933308258732826,0.3061734748910327,0.1215412586941559,0.4452944743642236,0.2186064262386312,0.1382544893206497,0.3640369049241087,0.1410569624916993,0.1173588308652793,0.2940597492980057,0.2169319416451449,0.0994301447030447,0.4091054970454963,0.237912254271998,0.1017381803024034,0.4238442949321096,0.18518518518518523,0.8148148148148148
final_arctan_centered_lognormal_007,arctan_centered_lognormal,arctan,centered_lognormal,700067,0.2923965432688825,0.1372974223398985,0.5,0.1541264497089493,0.1247443010128899,0.3166203696357133,0.1302586544974797,0.1703243807790229,0.3423701671127024,0.2005875582584881,0.1215412586941559,0.339708557731679,0.0943577416074239,0.1382544893206497,0.2397882202929014,-0.010592118310533,0.1173588308652793,0.1424106684957733,0.1710416100701293,0.0994301447030447,0.3632151654704808,0.1658124432663662,0.1017381803024034,0.3517444839264779,0.09090909090909094,0.9090909090909091
final_arctan_centered_lognormal_008,arctan_centered_lognormal,arctan,centered_lognormal,700068,0.2923965432688825,0.1372974223398985,0.5,0.2758507066477501,0.1247443010128899,0.438344626574514,0.1847313891068333,0.1703243807790229,0.396842901722056,0.2931782851516428,0.1215412586941559,0.4322992846248337,0.2530066444760848,0.1382544893206497,0.3984371231615623,0.1377129070237056,0.1173588308652793,0.290715693830012,0.228528333901797,0.0994301447030447,0.4207018893021484,0.2476492171532061,0.1017381803024034,0.4335812578133178,0.41666666666666663,0.5833333333333334
final_arctan_centered_lognormal_009,arctan_centered_lognormal,arctan,centered_lognormal,700069,0.2923965432688825,0.1372974223398985,0.5,0.2660004467117111,0.1247443010128899,0.428494366638475,0.1139338000869971,0.1703243807790229,0.3260453127022198,0.262314709520591,0.1215412586941559,0.4014357089937819,0.1597959584834123,0.1382544893206497,0.3052264371688899,0.008743308941735,0.1173588308652793,0.1617460957480414,0.2553332957396672,0.0994301447030447,0.4475068511400186,0.2499893579338576,0.1017381803024034,0.4359213985939693,0.3333333333333335,0.6666666666666665
final_arctan_centered_lognormal_010,arctan_centered_lognormal,arctan,centered_lognormal,700070,0.2923965432688825,0.1372974223398985,0.5,0.1093454348436881,0.1247443010128899,0.271839354770452,0.1665300743953273,0.1703243807790229,0.37864158701055,0.2541927159334722,0.1215412586941559,0.3933137154066631,0.2958532983948421,0.1382544893206497,0.4412837770803196,0.0329872850116949,0.1173588308652793,0.1859900718180013,0.1844035187712664,0.0994301447030447,0.3765770741716178,0.1954489564182323,0.1017381803024034,0.381380997078344,0.1428571428571429,0.8571428571428571
final_arctan_centered_lognormal_011,arctan_centered_lognormal,arctan,centered_lognormal,700071,0.2923965432688825,0.1372974223398985,0.5,0.2170218253723358,0.1247443010128899,0.3795157452990998,0.1414613421371071,0.1703243807790229,0.3535728547523299,0.2639391082380149,0.1215412586941559,0.4030601077112058,0.1750148213211409,0.1382544893206497,0.3204453000066184,0.0771652352449378,0.1173588308652793,0.2301680220512442,0.2709746701192831,0.0994301447030447,0.4631482255196346,0.2561379415127548,0.1017381803024034,0.4420699821728664,0.1724137931034483,0.8275862068965517
final_arctan_centered_lognormal_012,arctan_centered_lognormal,arctan,centered_lognormal,700072,0.2923965432688825,0.1372974223398985,0.5,0.14205144290751,0.1247443010128899,0.304545362834274,0.1334820907263895,0.1703243807790229,0.3455936033416122,0.1908411659539454,0.1215412586941559,0.3299621654271363,0.1400965438815725,0.1382544893206497,0.2855270225670501,-0.064386624725199,0.1173588308652793,0.0886161620811073,0.1445941092077148,0.0994301447030447,0.3367676646080663,0.1348490072121322,0.1017381803024034,0.3207810478722439,0.0,1.0
final_arctan_centered_lognormal_013,arctan_centered_lognormal,arctan,centered_lognormal,700073,0.2923965432688825,0.1372974223398985,0.5,0.3088842653027676,0.1247443010128899,0.4713781852295315,0.1626590564669117,0.1703243807790229,0.3747705690821344,0.3240418607826942,0.1215412586941559,0.4631628602558851,0.1497992037448935,0.1382544893206497,0.295229682430371,0.1390734896202317,0.1173588308652793,0.2920762764265382,0.3068870002478575,0.0994301447030447,0.4990605556482089,0.3122061360849922,0.1017381803024034,0.4981381767451038,0.4285714285714286,0.5714285714285714
final_arctan_centered_lognormal_014,arctan_centered_lognormal,arctan,centered_lognormal,700074,0.2923965432688825,0.1372974223398985,0.5,0.1911661667982448,0.1247443010128899,0.3536600867250087,0.1709806321342111,0.1703243807790229,0.3830921447494338,0.2135827479978781,0.1215412586941559,0.352703747471069,0.1261487078739796,0.1382544893206497,0.2715791865594572,0.0788990519542217,0.1173588308652793,0.2319018387605282,0.1811107485085731,0.0994301447030447,0.3732843039089245,0.1817488099341203,0.1017381803024034,0.3676808505942319,0.06666666666666665,0.9333333333333333
final_arctan_centered_lognormal_015,arctan_centered_lognormal,arctan,centered_lognormal,700075,0.2923965432688825,0.1372974223398985,0.5,0.2869140502793375,0.1247443010128899,0.4494079702061014,0.1485424138993776,0.1703243807790229,0.3606539265146004,0.2395731274766583,0.1215412586941559,0.3786941269498493,0.176598036524001,0.1382544893206497,0.3220285152094786,0.0709193340464123,0.1173588308652793,0.2239221208527187,0.2312262807448903,0.0994301447030447,0.4233998361452418,0.2397409589311271,0.1017381803024034,0.4256729995912388,0.2941176470588235,0.7058823529411765
final_arctan_centered_lognormal_016,arctan_centered_lognormal,arctan,centered_lognormal,700076,0.2923965432688825,0.1372974223398985,0.5,0.1951411816371781,0.1247443010128899,0.357635101563942,0.1737964193585629,0.1703243807790229,0.3859079319737856,0.340285847956932,0.1215412586941559,0.4794068474301229,0.2294895718743629,0.1382544893206497,0.3749200505598404,0.1257970998724466,0.1173588308652793,0.278799886678753,0.2460995248010583,0.0994301447030447,0.4382730802014097,0.260298129318219,0.1017381803024034,0.4462301699783307,0.2857142857142858,0.7142857142857142
final_arctan_centered_lognormal_017,arctan_centered_lognormal,arctan,centered_lognormal,700077,0.2923965432688825,0.1372974223398985,0.5,0.2201184028686243,0.1247443010128899,0.3826123227953882,0.1282748557369222,0.1703243807790229,0.340386368352145,0.192465564671369,0.1215412586941559,0.33158656414456,0.075527749028176,0.1382544893206497,0.2209582277136535,-0.0571621445837151,0.1173588308652793,0.0958406422225913,0.1707943572298114,0.0994301447030447,0.3629679126301628,0.1696862552293515,0.1017381803024034,0.3556182958894631,0.0,1.0
final_arctan_centered_lognormal_018,arctan_centered_lognormal,arctan,centered_lognormal,700078,0.2923965432688825,0.1372974223398985,0.5,0.3094667802289965,0.1247443010128899,0.4719607001557604,0.1659066990197018,0.1703243807790229,0.3780182116349245,0.4085105940887301,0.1215412586941559,0.547631593561921,0.2761526339629205,0.1382544893206497,0.421583112648398,0.2090334277886714,0.1173588308652793,0.3620362145949778,0.3860970441840389,0.0994301447030447,0.5782705995843904,0.3982611764436819,0.1017381803024034,0.5841932171037936,0.45945945945945943,0.5405405405405406
final_arctan_centered_lognormal_019,arctan_centered_lognormal,arctan,centered_lognormal,700079,0.2923965432688825,0.1372974223398985,0.5,0.2630168733084528,0.1247443010128899,0.4255107932352168,0.1475473772612233,0.1703243807790229,0.359658889876446,0.3061734748910327,0.1215412586941559,0.4452944743642236,0.1520279132802259,0.1382544893206497,0.2974583919657034,0.0861667082669834,0.1173588308652793,0.2391694950732898,0.289782413141139,0.0994301447030447,0.4819559685414904,0.2924640169009468,0.1017381803024034,0.4783960575610585,0.4,0.6
final_arctan_centered_lognormal_020,arctan_centered_lognormal,arctan,centered_lognormal,700080,0.2923965432688825,0.1372974223398985,0.5,0.2185008264296674,0.1247443010128899,0.3809947463564314,0.175223626312317,0.1703243807790229,0.3873351389275398,0.2720611018251337,0.1215412586941559,0.4111821012983246,0.2300744382389674,0.1382544893206497,0.3755049169244449,0.0977137918979172,0.1173588308652793,0.2507165787042236,0.2062455496470078,0.0994301447030447,0.3984191050473593,0.191011222444816,0.1017381803024034,0.3769432631049277,0.23076923076923084,0.7692307692307692
final_arctan_centered_lognormal_021,arctan_centered_lognormal,arctan,centered_lognormal,700081,0.2923965432688825,0.1372974223398985,0.5,0.272771452962285,0.1247443010128899,0.435265372889049,0.1776102875897417,0.1703243807790229,0.3897218002049644,0.3597786325660171,0.1215412586941559,0.498899632039208,0.2675759852975061,0.1382544893206497,0.4130064639829836,0.148727397333004,0.1173588308652793,0.3017301841393105,0.2851507496218858,0.0994301447030447,0.4773243050222372,0.3265476575344441,0.1017381803024034,0.5124796981945557,0.23529411764705876,0.7647058823529412
final_arctan_centered_lognormal_022,arctan_centered_lognormal,arctan,centered_lognormal,700082,0.2923965432688825,0.1372974223398985,0.5,0.3383759692827645,0.1247443010128899,0.5008698892095285,0.1739045580235368,0.1703243807790229,0.3860160706387595,0.3581542338485935,0.1215412586941559,0.4972752333217844,0.2825041709019188,0.1382544893206497,0.4279346495873963,0.2269473088419993,0.1173588308652793,0.3799500956483057,0.3547726077935695,0.0994301447030447,0.546946163193921,0.3612530333987198,0.1017381803024034,0.5471850740588315,0.2500000000000001,0.7499999999999999
final_arctan_centered_lognormal_023,arctan_centered_lognormal,arctan,centered_lognormal,700083,0.2923965432688825,0.1372974223398985,0.5,0.2901133108814493,0.1247443010128899,0.4526072308082133,0.1564770578574159,0.1703243807790229,0.3685885704726386,0.2899294877167952,0.1215412586941559,0.4290504871899861,0.2186868485475323,0.1382544893206497,0.3641173272330099,0.1863681516669817,0.1173588308652793,0.3393709384732881,0.2998695782030692,0.0994301447030447,0.4920431336034206,0.2890277470886683,0.1017381803024034,0.47495978774878,0.2666666666666666,0.7333333333333334
final_arctan_centered_lognormal_024,arctan_centered_lognormal,arctan,centered_lognormal,700084,0.2923965432688825,0.1372974223398985,0.5,0.1060462191349285,0.1247443010128899,0.2685401390616925,0.1386987829117098,0.1703243807790229,0.3508102955269325,0.1875923685190978,0.1215412586941559,0.3267133679922888,0.1485252881206281,0.1382544893206497,0.2939557668061057,-0.0439289665939435,0.1173588308652793,0.1090738202123628,0.1219748215527301,0.0994301447030447,0.3141483769530815,0.1243973332474835,0.1017381803024034,0.3103293739075952,0.07692307692307698,0.923076923076923
final_arctan_centered_lognormal_025,arctan_centered_lognormal,arctan,centered_lognormal,700085,0.2923965432688825,0.1372974223398985,0.5,0.2631301305466591,0.1247443010128899,0.425624050473423,0.1541500133699231,0.1703243807790229,0.3662615259851459,0.2818074941296764,0.1215412586941559,0.4209284936028673,0.1987693458277699,0.1382544893206497,0.3441998245132474,0.0853787484117624,0.1173588308652793,0.2383815352180688,0.2513213430968251,0.0994301447030447,0.4434948984971765,0.2539454626595984,0.1017381803024034,0.4398775033197101,0.25,0.75
final_arctan_centered_lognormal_026,arctan_centered_lognormal,arctan,centered_lognormal,700086,0.2923965432688825,0.1372974223398985,0.5,0.2251742540794769,0.1247443010128899,0.3876681740062409,0.1697133077848284,0.1703243807790229,0.3818248204000511,0.2818074941296764,0.1215412586941559,0.4209284936028673,0.2605633445441881,0.1382544893206497,0.4059938232296657,0.1638407515406817,0.1173588308652793,0.3168435383469882,0.2661557345501407,0.0994301447030447,0.4583292899504921,0.2497990785979698,0.1017381803024034,0.4357311192580815,0.11764705882352944,0.8823529411764706
final_arctan_centered_lognormal_027,arctan_centered_lognormal,arctan,centered_lognormal,700087,0.2923965432688825,0.1372974223398985,0.5,0.2444526199191324,0.1247443010128899,0.4069465398458963,0.1328834421802364,0.1703243807790229,0.3449949547954591,0.3126710697607279,0.1215412586941559,0.4517920692339188,0.1810469570992064,0.1382544893206497,0.3264774357846839,0.0935660077482928,0.1173588308652793,0.2465687945545992,0.3046562028921779,0.0994301447030447,0.4968297582925293,0.3049580949581493,0.1017381803024034,0.490890135618261,0.3793103448275862,0.6206896551724138
final_arctan_centered_lognormal_028,arctan_centered_lognormal,arctan,centered_lognormal,700088,0.2923965432688825,0.1372974223398985,0.5,0.2512725235850354,0.1247443010128899,0.4137664435117993,0.1573259204446389,0.1703243807790229,0.3694374330598616,0.2866806902819476,0.1215412586941559,0.4258016897551385,0.2044440535411665,0.1382544893206497,0.349874532226644,0.1467860382131151,0.1173588308652793,0.2997888250194215,0.3061773421473782,0.0994301447030447,0.4983508975477296,0.2927502110788239,0.1017381803024034,0.4786822517389356,0.22580645161290325,0.7741935483870968
final_arctan_centered_lognormal_029,arctan_centered_lognormal,arctan,centered_lognormal,700089,0.2923965432688825,0.1372974223398985,0.5,0.0760938136845995,0.1247443010128899,0.2385877336113635,0.1782508936836317,0.1703243807790229,0.3903624062988544,0.1973387608236405,0.1215412586941559,0.3364597602968314,0.160935025627039,0.1382544893206497,0.3063655043125165,-0.0009954295702076,0.1173588308652793,0.1520073572360987,0.1437808297250149,0.0994301447030447,0.3359543851253663,0.1374585485167307,0.1017381803024034,0.3233905891768424,0.0,1.0
final_cubic_gaussian_000,cubic_gaussian,cubic,gaussian,700090,0.2923965432688825,0.1372974223398985,0.5,0.3210650093727479,0.1247443010128899,0.4835589292995118,0.3026980590616251,0.1703243807790229,0.5148095716768478,0.3321638543698132,0.1215412586941559,0.4712848538430041,0.3665695896074621,0.1382544893206497,0.5120000682929396,0.3789961479880238,0.1173588308652793,0.5319989347943302,0.3849494965229506,0.0994301447030447,0.5771230519233019,0.3573351826438918,0.1017381803024034,0.5432672233040035,0.4482758620689654,0.5517241379310346
final_cubic_gaussian_001,cubic_gaussian,cubic,gaussian,700091,0.2923965432688825,0.1372974223398985,0.5,0.3744401545318043,0.1247443010128899,0.5369340744585682,0.2846820949594231,0.1703243807790229,0.4967936075746458,0.3646518287182886,0.1215412586941559,0.5037728281914795,0.3478232715882529,0.1382544893206497,0.4932537502737304,0.4129506925919952,0.1173588308652793,0.5659534793983017,0.3888110996106226,0.0994301447030447,0.5809846550109741,0.3876383563877013,0.1017381803024034,0.573570397047813,0.3124999999999999,0.6875000000000001
final_cubic_gaussian_002,cubic_gaussian,cubic,gaussian,700092,0.2923965432688825,0.1372974223398985,0.5,0.320707436382131,0.1247443010128899,0.4832013563088949,0.2504782996592707,0.1703243807790229,0.4625898122744935,0.4296277774152391,0.1215412586941559,0.5687487768884301,0.2225467804498945,0.1382544893206497,0.367977259135372,0.3144685673121566,0.1173588308652793,0.4674713541184631,0.4072023855449159,0.0994301447030447,0.5993759409452674,0.4177436583004961,0.1017381803024034,0.6036756989606078,0.4814814814814815,0.5185185185185185
final_cubic_gaussian_003,cubic_gaussian,cubic,gaussian,700093,0.2923965432688825,0.1372974223398985,0.5,0.4021315059085149,0.1247443010128899,0.5646254258352789,0.2504018900008249,0.1703243807790229,0.4625134026160476,0.5043501184167326,0.1215412586941559,0.6434711178899235,0.2530367849151507,0.1382544893206497,0.3984672636006283,0.3939567136929882,0.1173588308652793,0.5469595004992946,0.500723835472451,0.0994301447030447,0.6928973908728024,0.5008490712627053,0.1017381803024034,0.6867811119228169,0.5,0.5
final_cubic_gaussian_004,cubic_gaussian,cubic,gaussian,700094,0.2923965432688825,0.1372974223398985,0.5,0.3499448182164162,0.1247443010128899,0.5124387381431801,0.2896952269410424,0.1703243807790229,0.5018067395562651,0.4767353402205284,0.1215412586941559,0.6158563396937193,0.3062888969768502,0.1382544893206497,0.4517193756623278,0.400630396978294,0.1173588308652793,0.5536331837846005,0.4688444156963317,0.0994301447030447,0.6610179710966831,0.4803274138173202,0.1017381803024034,0.6662594544774318,0.5384615384615384,0.46153846153846156
final_cubic_gaussian_005,cubic_gaussian,cubic,gaussian,700095,0.2923965432688825,0.1372974223398985,0.5,0.3359836255719672,0.1247443010128899,0.4984775454987312,0.2765491328532694,0.1703243807790229,0.4886606454684921,0.2736855005425576,0.1215412586941559,0.4128065000157485,0.3239301049551211,0.1382544893206497,0.4693605836405987,0.3549060669360265,0.1173588308652793,0.5079088537423329,0.3460835382529318,0.0994301447030447,0.5382570936532833,0.3209796006954081,0.1017381803024034,0.5069116413555198,0.5714285714285714,0.42857142857142855
final_cubic_gaussian_006,cubic_gaussian,cubic,gaussian,700096,0.2923965432688825,0.1372974223398985,0.5,0.3697399751599411,0.1247443010128899,0.5322338950867052,0.2919556151411534,0.1703243807790229,0.5040671277563762,0.374398221022831,0.1215412586941559,0.5135192204960219,0.311640546677746,0.1382544893206497,0.4570710253632235,0.4635482286161806,0.1173588308652793,0.616551015422487,0.4970586809173469,0.0994301447030447,0.6892322363176984,0.4550105153987973,0.1017381803024034,0.640942556058909,0.3181818181818181,0.6818181818181819
final_cubic_gaussian_007,cubic_gaussian,cubic,gaussian,700097,0.2923965432688825,0.1372974223398985,0.5,0.3494432706158926,0.1247443010128899,0.5119371905426566,0.2703222456946711,0.1703243807790229,0.4824337583098938,0.3987642017841876,0.1215412586941559,0.5378852012573785,0.3198204464165985,0.1382544893206497,0.4652509251020761,0.3918492997306566,0.1173588308652793,0.544852086536963,0.4198499047385573,0.0994301447030447,0.6120234601389087,0.4348660591367794,0.1017381803024034,0.6207980997968912,0.4545454545454546,0.5454545454545454
final_cubic_gaussian_008,cubic_gaussian,cubic,gaussian,700098,0.2923965432688825,0.1372974223398985,0.5,0.3586691792762444,0.1247443010128899,0.5211630992030083,0.2961046881093534,0.1703243807790229,0.5082162007245761,0.3289150569349657,0.1215412586941559,0.4680360564081566,0.3533091656352587,0.1382544893206497,0.4987396443207363,0.3951912845323939,0.1173588308652793,0.5481940713387004,0.3606585538782625,0.0994301447030447,0.5528321092786139,0.3703881830643536,0.1017381803024034,0.5563202237244653,0.4482758620689655,0.5517241379310345
final_cubic_gaussian_009,cubic_gaussian,cubic,gaussian,700099,0.2923965432688825,0.1372974223398985,0.5,0.3634612610746369,0.1247443010128899,0.5259551810014009,0.2918141935320639,0.1703243807790229,0.5039257061472866,0.3272906582175418,0.1215412586941559,0.4664116576907327,0.3295719513027256,0.1382544893206497,0.4750024299882032,0.3793035402669346,0.1173588308652793,0.5323063270732411,0.3773090929349791,0.0994301447030447,0.5694826483353306,0.3601108018233195,0.1017381803024034,0.5460428424834312,0.4838709677419355,0.5161290322580645
final_cubic_gaussian_010,cubic_gaussian,cubic,gaussian,700100,0.2923965432688825,0.1372974223398985,0.5,0.2027659198939968,0.1247443010128899,0.3652598398207608,0.2820278714082235,0.1703243807790229,0.4941393840234462,0.2346999313243871,0.1215412586941559,0.373820930797578,0.2501946875643915,0.1382544893206497,0.3956251662498691,0.1793525510170173,0.1173588308652793,0.3323553378233237,0.1911506205357213,0.0994301447030447,0.3833241759360728,0.1915985184683932,0.1017381803024034,0.3775305591285049,0.06666666666666665,0.9333333333333333
final_cubic_gaussian_011,cubic_gaussian,cubic,gaussian,700101,0.2923965432688825,0.1372974223398985,0.5,0.2541869667786097,0.1247443010128899,0.4166808867053736,0.2903918289130999,0.1703243807790229,0.5025033415283227,0.2476951210637771,0.1215412586941559,0.386816120536968,0.3201999529632801,0.1382544893206497,0.4656304316487576,0.3053343416304639,0.1173588308652793,0.4583371284367703,0.2576141402092008,0.0994301447030447,0.4497876956095522,0.2153892594781882,0.1017381803024034,0.4013213001382998,0.30434782608695654,0.6956521739130435
final_cubic_gaussian_012,cubic_gaussian,cubic,gaussian,700102,0.2923965432688825,0.1372974223398985,0.5,0.3362709820749965,0.1247443010128899,0.4987649020017604,0.3026442867573519,0.1703243807790229,0.5147557993725747,0.2801830954122525,0.1215412586941559,0.4193040948854434,0.2790755681990597,0.1382544893206497,0.4245060468845373,0.3248629589041802,0.1173588308652793,0.4778657457104867,0.2856040395276538,0.0994301447030447,0.4777775949280052,0.2856328262641481,0.1017381803024034,0.4715648669242598,0.41666666666666663,0.5833333333333334
final_cubic_gaussian_013,cubic_gaussian,cubic,gaussian,700103,0.2923965432688825,0.1372974223398985,0.5,0.3206016674476026,0.1247443010128899,0.4830955873743666,0.2822358578287847,0.1703243807790229,0.4943473704440074,0.353281037696322,0.1215412586941559,0.4924020371695129,0.335901478903069,0.1382544893206497,0.4813319575885465,0.361228870549941,0.1173588308652793,0.5142316573562474,0.4071102749155141,0.0994301447030447,0.5992838303158655,0.3784789433438718,0.1017381803024034,0.5644109840039835,0.5151515151515151,0.48484848484848486
final_cubic_gaussian_014,cubic_gaussian,cubic,gaussian,700104,0.2923965432688825,0.1372974223398985,0.5,0.2815751184644929,0.1247443010128899,0.4440690383912568,0.1706659720495913,0.1703243807790229,0.3827774846648141,0.4263789799803915,0.1215412586941559,0.5654999794535824,0.099801231123744,0.1382544893206497,0.2452317098092215,0.3026572438222084,0.1173588308652793,0.4556600306285148,0.3658147675617512,0.0994301447030447,0.5579883229621027,0.3697421827904397,0.1017381803024034,0.5556742234505514,0.4666666666666667,0.5333333333333333
final_cubic_gaussian_015,cubic_gaussian,cubic,gaussian,700105,0.2923965432688825,0.1372974223398985,0.5,0.3220728396117907,0.1247443010128899,0.4845667595385546,0.3000984850826364,0.1703243807790229,0.5122099976978591,0.3224174620652705,0.1215412586941559,0.4615384615384614,0.3320407020700636,0.1382544893206497,0.4774711807555411,0.3373911011897128,0.1173588308652793,0.4903938879960192,0.3437148893505072,0.0994301447030447,0.5358884447508586,0.3337571112205096,0.1017381803024034,0.5196891518806213,0.40740740740740744,0.5925925925925926
final_cubic_gaussian_016,cubic_gaussian,cubic,gaussian,700106,0.2923965432688825,0.1372974223398985,0.5,0.2377226127319267,0.1247443010128899,0.4002165326586907,0.2998668668229665,0.1703243807790229,0.5119783794381892,0.2460707223463535,0.1215412586941559,0.3851917218195444,0.3168808648340134,0.1382544893206497,0.462311343519491,0.2465908814141921,0.1173588308652793,0.3995936682204986,0.2502568046111289,0.0994301447030447,0.4424303600114803,0.2501107564617424,0.1017381803024034,0.4360427971218541,0.26315789473684215,0.7368421052631579
final_cubic_gaussian_017,cubic_gaussian,cubic,gaussian,700107,0.2923965432688825,0.1372974223398985,0.5,0.2568146939420177,0.1247443010128899,0.4193086138687816,0.2922384950565924,0.1703243807790229,0.504350007671815,0.1892167672365215,0.1215412586941559,0.3283377667097124,0.2618587163643288,0.1382544893206497,0.4072891950498064,0.1965298278373874,0.1173588308652793,0.3495326146436939,0.2112262180105831,0.0994301447030447,0.4033997734109346,0.2048119404231098,0.1017381803024034,0.3907439810832215,0.2857142857142857,0.7142857142857143
final_cubic_gaussian_018,cubic_gaussian,cubic,gaussian,700108,0.2923965432688825,0.1372974223398985,0.5,0.329950150603112,0.1247443010128899,0.4924440705298759,0.297531409683903,0.1703243807790229,0.5096429222991258,0.4328765748500867,0.1215412586941559,0.5719975743232776,0.3579315217526068,0.1382544893206497,0.5033620004380843,0.4143049501382384,0.1173588308652793,0.5673077369445448,0.4740465880486744,0.0994301447030447,0.6662201434490258,0.4583768463296883,0.1017381803024034,0.6443088869897999,0.4883720930232558,0.5116279069767442
final_cubic_gaussian_019,cubic_gaussian,cubic,gaussian,700109,0.2923965432688825,0.1372974223398985,0.5,0.3057568535346333,0.1247443010128899,0.4682507734613972,0.2890549745588125,0.1703243807790229,0.5011664871740352,0.2135827479978781,0.1215412586941559,0.352703747471069,0.2946756505220425,0.1382544893206497,0.44010612920752,0.2929548755874329,0.1173588308652793,0.4459576623937393,0.2559563812355224,0.0994301447030447,0.4481299366358738,0.2374246968836022,0.1017381803024034,0.4233567375437139,0.33333333333333337,0.6666666666666666
final_cubic_gaussian_020,cubic_gaussian,cubic,gaussian,700110,0.2923965432688825,0.1372974223398985,0.5,0.264698264763301,0.1247443010128899,0.4271921846900649,0.2941120960875117,0.1703243807790229,0.5062236087027344,0.2217047415849969,0.1215412586941559,0.3608257410581877,0.3141307924168796,0.1382544893206497,0.4595612711023571,0.2138486314480888,0.1173588308652793,0.3668514182543952,0.1929986009798778,0.0994301447030447,0.3851721563802292,0.2114392754405392,0.1017381803024034,0.3973713161006508,0.23076923076923073,0.7692307692307693
final_cubic_gaussian_021,cubic_gaussian,cubic,gaussian,700111,0.2923965432688825,0.1372974223398985,0.5,0.3082962555805025,0.1247443010128899,0.4707901755072665,0.2891136053002182,0.1703243807790229,0.5012251179154409,0.2298267351721159,0.1215412586941559,0.3689477346453068,0.2998879327314482,0.1382544893206497,0.4453184114169258,0.3038814312171448,0.1173588308652793,0.4568842180234512,0.2240788682032147,0.0994301447030447,0.4162524236035661,0.2189938870304273,0.1017381803024034,0.404925927690539,0.5999999999999999,0.4000000000000001
final_cubic_gaussian_022,cubic_gaussian,cubic,gaussian,700112,0.2923965432688825,0.1372974223398985,0.5,0.321509733742805,0.1247443010128899,0.4840036536695689,0.2721734797086255,0.1703243807790229,0.4842849923238482,0.298051481303914,0.1215412586941559,0.4371724807771049,0.2757528782736534,0.1382544893206497,0.421183356959131,0.2919110709100297,0.1173588308652793,0.4449138577163362,0.2948919517528945,0.0994301447030447,0.4870655071532459,0.3102197571953128,0.1017381803024034,0.4961517978554244,0.4782608695652174,0.5217391304347826
final_cubic_gaussian_023,cubic_gaussian,cubic,gaussian,700113,0.2923965432688825,0.1372974223398985,0.5,0.3091765210728111,0.1247443010128899,0.471670440999575,0.2783933010493689,0.1703243807790229,0.4905048136645916,0.3679006261531359,0.1215412586941559,0.5070216256263269,0.1950605188583687,0.1382544893206497,0.3404909975438463,0.276183592216057,0.1173588308652793,0.4291863790223634,0.3915085471736182,0.0994301447030447,0.5836821025739697,0.4038950416842582,0.1017381803024034,0.5898270823443699,0.4782608695652173,0.5217391304347827
final_cubic_gaussian_024,cubic_gaussian,cubic,gaussian,700114,0.2923965432688825,0.1372974223398985,0.5,0.2704828604362038,0.1247443010128899,0.4329767803629678,0.2984754434455882,0.1703243807790229,0.510586956060811,0.2070851531281829,0.1215412586941559,0.3462061526013739,0.2973526619630079,0.1382544893206497,0.4427831406484855,0.2387627752139145,0.1173588308652793,0.3917655620202209,0.2277694793332862,0.0994301447030447,0.4199430347336377,0.2106946080364635,0.1017381803024034,0.3966266486965752,0.2222222222222222,0.7777777777777778
final_cubic_gaussian_025,cubic_gaussian,cubic,gaussian,700115,0.2923965432688825,0.1372974223398985,0.5,0.3151252871348207,0.1247443010128899,0.4776192070615846,0.2987170874330991,0.1703243807790229,0.5108286000483219,0.2899294877167952,0.1215412586941559,0.4290504871899861,0.2963239379877663,0.1382544893206497,0.4417544166732439,0.319011571067246,0.1173588308652793,0.4720143578735524,0.3374549007358333,0.0994301447030447,0.5296284561361847,0.324202756608049,0.1017381803024034,0.5101347972681607,0.31034482758620685,0.6896551724137931
final_cubic_gaussian_026,cubic_gaussian,cubic,gaussian,700116,0.2923965432688825,0.1372974223398985,0.5,0.3568586381237686,0.1247443010128899,0.5193525580505325,0.2591130456098059,0.1703243807790229,0.4712245582250286,0.4166325876758491,0.1215412586941559,0.55575358714904,0.313838222702291,0.1382544893206497,0.4592687013877686,0.4069063568427223,0.1173588308652793,0.5599091436490288,0.3998998248972198,0.0994301447030447,0.5920733802975713,0.4199266900608767,0.1017381803024034,0.6058587307209884,0.3157894736842105,0.6842105263157895
final_cubic_gaussian_027,cubic_gaussian,cubic,gaussian,700117,0.2923965432688825,0.1372974223398985,0.5,0.3882348279862813,0.1247443010128899,0.5507287479130452,0.2342232508887433,0.1703243807790229,0.446334763503966,0.4507449607417481,0.1215412586941559,0.589865960214939,0.2397695412194474,0.1382544893206497,0.385200019904925,0.4150287794044361,0.1173588308652793,0.5680315662107425,0.4793971050926738,0.0994301447030447,0.6715706604930253,0.4578269375304696,0.1017381803024034,0.6437589781905813,0.45945945945945954,0.5405405405405405
final_cubic_gaussian_028,cubic_gaussian,cubic,gaussian,700118,0.2923965432688825,0.1372974223398985,0.5,0.2563131922957316,0.1247443010128899,0.4188071122224955,0.2898378331979998,0.1703243807790229,0.5019493458132225,0.262314709520591,0.1215412586941559,0.4014357089937819,0.2794993098398043,0.1382544893206497,0.4249297885252819,0.2685228812308389,0.1173588308652793,0.4215256680371453,0.2700808621540381,0.0994301447030447,0.4622544175543895,0.2391244281886184,0.1017381803024034,0.42505646884873,0.5238095238095237,0.4761904761904762
final_cubic_gaussian_029,cubic_gaussian,cubic,gaussian,700119,0.2923965432688825,0.1372974223398985,0.5,0.2393384041369441,0.1247443010128899,0.4018323240637081,0.2947819972477447,0.1703243807790229,0.5068935098629674,0.2119583492804544,0.1215412586941559,0.3510793487536453,0.2817340322644419,0.1382544893206497,0.4271645109499195,0.1990355482951276,0.1173588308652793,0.352038335101434,0.2411745783289526,0.0994301447030447,0.433348133729304,0.2372377698040429,0.1017381803024034,0.4231698104641546,0.2941176470588236,0.7058823529411764
final_cubic_student_t3_000,cubic_student_t3,cubic,student_t3,700120,0.2923965432688825,0.1372974223398985,0.5,0.2302259700027029,0.1247443010128899,0.3927198899294669,0.135662087410176,0.1703243807790229,0.3477736000253987,0.2444463236289298,0.1215412586941559,0.3835673231021207,-0.0448838036169276,0.1382544893206497,0.1005466750685499,0.1394914515414909,0.1173588308652793,0.2924942383477973,0.2539386449974349,0.0994301447030447,0.4461122003977864,0.2482297023859213,0.1017381803024034,0.434161743046033,0.6666666666666666,0.33333333333333337
final_cubic_student_t3_001,cubic_student_t3,cubic,student_t3,700121,0.2923965432688825,0.1372974223398985,0.5,0.217928898557456,0.1247443010128899,0.38042281848422,0.2275443117012839,0.1703243807790229,0.4396558243165067,0.3646518287182884,0.1215412586941559,0.5037728281914793,0.0782333847027705,0.1382544893206497,0.223663863388248,0.281531356619109,0.1173588308652793,0.4345341434254154,0.2724117096579354,0.0994301447030447,0.4645852650582868,0.2928312567688305,0.1017381803024034,0.4787632974289421,0.3076923076923077,0.6923076923076923
final_cubic_student_t3_002,cubic_student_t3,cubic,student_t3,700122,0.2923965432688825,0.1372974223398985,0.5,0.3125810651513432,0.1247443010128899,0.4750749850781072,0.0875926602400029,0.1703243807790229,0.2997041728552256,0.2087095518456069,0.1215412586941559,0.3478305513187978,-0.2712768048037231,0.1382544893206497,0.0,0.1958123841149787,0.1173588308652793,0.3488151709212852,0.1743627138275922,0.0994301447030447,0.3665362692279436,0.1942535155582359,0.1017381803024034,0.3801855562183476,1.0,0.0
final_cubic_student_t3_003,cubic_student_t3,cubic,student_t3,700123,0.2923965432688825,0.1372974223398985,0.5,0.2567419231303188,0.1247443010128899,0.4192358430570828,0.2336323682891057,0.1703243807790229,0.4457438809043284,0.2444463236289298,0.1215412586941559,0.3835673231021207,0.05036584561451,0.1382544893206497,0.1957963242999876,0.2025696783823063,0.1173588308652793,0.3555724651886127,0.228191482598563,0.0994301447030447,0.4203650379989144,0.2485159388135661,0.1017381803024034,0.4344479794736777,0.5714285714285714,0.42857142857142855
final_cubic_student_t3_004,cubic_student_t3,cubic,student_t3,700124,0.2923965432688825,0.1372974223398985,0.5,0.2015072940395839,0.1247443010128899,0.3640012139663479,0.2084579771029661,0.1703243807790229,0.4205694897181888,0.2135827479978781,0.1215412586941559,0.352703747471069,0.0917343065737148,0.1382544893206497,0.2371647852591923,0.3179232023876896,0.1173588308652793,0.470925989193996,0.1718249229987411,0.0994301447030447,0.3639984783990926,0.1794648879961786,0.1017381803024034,0.3653969286562902,0.23809523809523803,0.761904761904762
final_cubic_student_t3_005,cubic_student_t3,cubic,student_t3,700125,0.2923965432688825,0.1372974223398985,0.5,0.0881910317348548,0.1247443010128899,0.2506849516616187,0.1995097907632626,0.1703243807790229,0.4116213033784853,0.1989631595410642,0.1215412586941559,0.3380841590142551,0.0253487294808053,0.1382544893206497,0.1707792081662828,-0.0133760132235813,0.1173588308652793,0.139626773582725,0.1358843860129552,0.0994301447030447,0.3280579414133066,0.1428021737958237,0.1017381803024034,0.3287342144559354,0.4444444444444444,0.5555555555555556
final_cubic_student_t3_006,cubic_student_t3,cubic,student_t3,700126,0.2923965432688825,0.1372974223398985,0.5,0.2783341531424453,0.1247443010128899,0.4408280730692093,0.1795457831538843,0.1703243807790229,0.391657295769107,0.2574415133683198,0.1215412586941559,0.3965625128415107,-0.0370630984710757,0.1382544893206497,0.1083673802144017,0.0841682933985176,0.1173588308652793,0.237171080204824,0.2329018593947848,0.0994301447030447,0.4250754147951362,0.2570003141150187,0.1017381803024034,0.4429323547751304,0.2727272727272728,0.7272727272727272
final_cubic_student_t3_007,cubic_student_t3,cubic,student_t3,700127,0.2923965432688825,0.1372974223398985,0.5,0.2115477854034925,0.1247443010128899,0.3740417053302564,0.1890292822491658,0.1703243807790229,0.4011407948643886,0.3451590441092033,0.1215412586941559,0.4842800435823942,-0.002242482277426,0.1382544893206497,0.1431879964080515,0.2725242745458718,0.1173588308652793,0.4255270613521782,0.2849787822592244,0.0994301447030447,0.4771523376595759,0.3006342445426704,0.1017381803024034,0.486566285202782,0.29999999999999993,0.7000000000000001
final_cubic_student_t3_008,cubic_student_t3,cubic,student_t3,700128,0.2923965432688825,0.1372974223398985,0.5,0.2830041969171782,0.1247443010128899,0.4454981168439421,0.191793017394577,0.1703243807790229,0.4039045300097997,0.3224174620652705,0.1215412586941559,0.4615384615384614,0.1052062260440389,0.1382544893206497,0.2506367047295164,0.2746745465437326,0.1173588308652793,0.427677333350039,0.2969407275993602,0.0994301447030447,0.4891142829997116,0.2959581189320016,0.1017381803024034,0.4818901595921132,0.33333333333333337,0.6666666666666666
final_cubic_student_t3_009,cubic_student_t3,cubic,student_t3,700129,0.2923965432688825,0.1372974223398985,0.5,0.2536196482959487,0.1247443010128899,0.4161135682227126,0.161498082649207,0.1703243807790229,0.3736095952644297,0.2444463236289298,0.1215412586941559,0.3835673231021207,-0.0678401356952881,0.1382544893206497,0.0775903429901893,0.0751967741930483,0.1173588308652793,0.2281995609993547,0.2572101973873127,0.0994301447030447,0.4493837527876642,0.2708932773131038,0.1017381803024034,0.4568253179732154,0.8571428571428571,0.14285714285714288
final_cubic_student_t3_010,cubic_student_t3,cubic,student_t3,700130,0.2923965432688825,0.1372974223398985,0.5,0.1483922010656205,0.1247443010128899,0.3108861209923844,0.2647926652429185,0.1703243807790229,0.4769041778581412,0.2168315454327256,0.1215412586941559,0.3559525449059165,0.0651826590963608,0.1382544893206497,0.2106131377818383,0.1234892876302106,0.1173588308652793,0.276492074436517,0.1708635091837611,0.0994301447030447,0.3630370645841125,0.169082798981118,0.1017381803024034,0.3550148396412296,0.25,0.75
final_cubic_student_t3_011,cubic_student_t3,cubic,student_t3,700131,0.2923965432688825,0.1372974223398985,0.5,0.1832008726660002,0.1247443010128899,0.3456947925927641,0.2094537961379485,0.1703243807790229,0.4215653087531712,0.2363243300418108,0.1215412586941559,0.3754453295150017,0.0511722435407179,0.1382544893206497,0.1966027222261955,0.0872087571965613,0.1173588308652793,0.2402115440028677,0.1660074314339093,0.0994301447030447,0.3581809868342607,0.1901110266194083,0.1017381803024034,0.3760430672795199,0.20000000000000007,0.7999999999999999
final_cubic_student_t3_012,cubic_student_t3,cubic,student_t3,700132,0.2923965432688825,0.1372974223398985,0.5,0.2859709566355347,0.1247443010128899,0.4484648765622986,0.2574557917719172,0.1703243807790229,0.4695673043871399,0.2298267351721159,0.1215412586941559,0.3689477346453068,0.1027770398622668,0.1382544893206497,0.2482075185477444,0.2451691897202858,0.1173588308652793,0.3981719765265922,0.203602137146046,0.0994301447030447,0.3957756925463974,0.209997407986445,0.1017381803024034,0.3959294486465567,0.4,0.6
final_cubic_student_t3_013,cubic_student_t3,cubic,student_t3,700133,0.2923965432688825,0.1372974223398985,0.5,0.1855978694931115,0.1247443010128899,0.3480917894198754,0.1856022694575395,0.1703243807790229,0.3977137820727622,0.2948026838690664,0.1215412586941559,0.4339236833422573,0.044239209654057,0.1382544893206497,0.1896696883395345,0.1391025528763617,0.1173588308652793,0.2921053396826681,0.2540331141232341,0.0994301447030447,0.4462066695235855,0.2387997130533876,0.1017381803024034,0.4247317537134992,0.4814814814814814,0.5185185185185186
final_cubic_student_t3_014,cubic_student_t3,cubic,student_t3,700134,0.2923965432688825,0.1372974223398985,0.5,0.1660393570797952,0.1247443010128899,0.3285332770065592,0.2136296641868374,0.1703243807790229,0.4257411768020601,0.2200803428675732,0.1215412586941559,0.3592013423407641,-0.0431097676983556,0.1382544893206497,0.1023207109871219,0.1106217179601297,0.1173588308652793,0.2636245047664361,0.1904424698944164,0.0994301447030447,0.3826160252947678,0.1971754921843763,0.1017381803024034,0.3831075328444879,0.19999999999999996,0.8
final_cubic_student_t3_015,cubic_student_t3,cubic,student_t3,700135,0.2923965432688825,0.1372974223398985,0.5,0.147728394521257,0.1247443010128899,0.3102223144480209,0.2216044997314875,0.1703243807790229,0.4337160123467103,0.353281037696322,0.1215412586941559,0.4924020371695129,0.0068617168208519,0.1382544893206497,0.1522921955063295,0.2743743881756454,0.1173588308652793,0.4273771749819518,0.2569893152836869,0.0994301447030447,0.4491628706840384,0.276326796752272,0.1017381803024034,0.4622588374123836,0.4285714285714286,0.5714285714285714
final_cubic_student_t3_016,cubic_student_t3,cubic,student_t3,700136,0.2923965432688825,0.1372974223398985,0.5,0.1268093572110696,0.1247443010128899,0.2893032771378335,0.1950693603485203,0.1703243807790229,0.407180872963743,0.2233291403024208,0.1215412586941559,0.3624501397756117,-0.050624621636309,0.1382544893206497,0.0948058570491685,0.1498514463851506,0.1173588308652793,0.3028542331914571,0.1643502304279677,0.0994301447030447,0.3565237858283191,0.1621109424284324,0.1017381803024034,0.3480429830885441,0.5,0.5
final_cubic_student_t3_017,cubic_student_t3,cubic,student_t3,700137,0.2923965432688825,0.1372974223398985,0.5,0.1582242406687392,0.1247443010128899,0.3207181605955032,0.14631436104159,0.1703243807790229,0.3584258736568128,0.2411975261940822,0.1215412586941559,0.3803185256672731,-0.0735719585290151,0.1382544893206497,0.0718585201564623,0.1036792326927442,0.1173588308652793,0.2566820194990506,0.1840575275501417,0.0994301447030447,0.3762310829504932,0.1930755195122769,0.1017381803024034,0.3790075601723885,0.6,0.4
final_cubic_student_t3_018,cubic_student_t3,cubic,student_t3,700138,0.2923965432688825,0.1372974223398985,0.5,0.2086722640511968,0.1247443010128899,0.3711661839779607,0.2565377741806373,0.1703243807790229,0.46864928679586,0.3077978736084567,0.1215412586941559,0.4469188730816475,0.1260987866218886,0.1382544893206497,0.2715292653073661,0.3075993432037605,0.1173588308652793,0.4606021300100669,0.2249837351295035,0.0994301447030447,0.4171572905298549,0.2299235343228557,0.1017381803024034,0.4158555749829674,0.41666666666666663,0.5833333333333334
final_cubic_student_t3_019,cubic_student_t3,cubic,student_t3,700139,0.2923965432688825,0.1372974223398985,0.5,0.2997296426767613,0.1247443010128899,0.4622235626035252,0.1403780475360433,0.1703243807790229,0.352489560151266,0.3289150569349657,0.1215412586941559,0.4680360564081566,-0.014800063965747,0.1382544893206497,0.1306304147197305,0.3150628289133736,0.1173588308652793,0.46806561571968,0.2684799112094691,0.0994301447030447,0.4606534666098205,0.2877152498715286,0.1017381803024034,0.4736472905316402,0.52,0.4799999999999999
final_cubic_student_t3_020,cubic_student_t3,cubic,student_t3,700140,0.2923965432688825,0.1372974223398985,0.5,0.116108989539829,0.1247443010128899,0.2786029094665929,0.2308779205736111,0.1703243807790229,0.4429894331888339,0.2038363556933354,0.1215412586941559,0.3429573551665263,0.0681347338267816,0.1382544893206497,0.2135652125122591,0.0842539638035185,0.1173588308652793,0.2372567506098249,0.1185659767798974,0.0994301447030447,0.3107395321802488,0.1346219464287508,0.1017381803024034,0.3205539870888625,0.2727272727272727,0.7272727272727273
final_cubic_student_t3_021,cubic_student_t3,cubic,student_t3,700141,0.2923965432688825,0.1372974223398985,0.5,0.1764208829428814,0.1247443010128899,0.3389148028696453,0.2056161248483785,0.1703243807790229,0.4177276374636012,0.2395731274766583,0.1215412586941559,0.3786941269498493,-0.00024387507854,0.1382544893206497,0.1451866036069374,0.1104889686171222,0.1173588308652793,0.2634917554234287,0.2075622012879218,0.0994301447030447,0.3997357566882732,0.2113846905381093,0.1017381803024034,0.397316731198221,0.6000000000000001,0.39999999999999997
final_cubic_student_t3_022,cubic_student_t3,cubic,student_t3,700142,0.2923965432688825,0.1372974223398985,0.5,0.3144803359600565,0.1247443010128899,0.4769742558868204,0.1516494567277669,0.1703243807790229,0.3637609693429896,0.2476951210637771,0.1215412586941559,0.386816120536968,-0.0002466122850811,0.1382544893206497,0.1451838664003963,0.1873495180971708,0.1173588308652793,0.3403523049034772,0.3087568942286963,0.0994301447030447,0.5009304496290478,0.3061342773572461,0.1017381803024034,0.4920663180173577,0.3749999999999999,0.6250000000000001
final_cubic_student_t3_023,cubic_student_t3,cubic,student_t3,700143,0.2923965432688825,0.1372974223398985,0.5,0.2996300653262241,0.1247443010128899,0.4621239852529881,0.1611436128663849,0.1703243807790229,0.3732551254816076,0.2249535390198444,0.1215412586941559,0.3640745384930353,-0.0165338493346282,0.1382544893206497,0.1288966293508493,0.169358538000733,0.1173588308652793,0.3223613248070394,0.2306436599432678,0.0994301447030447,0.4228172153436192,0.2470343558882031,0.1017381803024034,0.4329663965483147,0.5294117647058822,0.4705882352941177
final_cubic_student_t3_024,cubic_student_t3,cubic,student_t3,700144,0.2923965432688825,0.1372974223398985,0.5,0.2212912773088755,0.1247443010128899,0.3837851972356394,0.1780731025288327,0.1703243807790229,0.3901846151440554,0.285056291564524,0.1215412586941559,0.4241772910377149,-0.027813060697986,0.1382544893206497,0.1176174179874915,0.2156462583238327,0.1173588308652793,0.3686490451301391,0.248501057253101,0.0994301447030447,0.4406746126534524,0.2684925809734946,0.1017381803024034,0.4544246216336062,0.3913043478260869,0.6086956521739131
final_cubic_student_t3_025,cubic_student_t3,cubic,student_t3,700145,0.2923965432688825,0.1372974223398985,0.5,0.2307341336631256,0.1247443010128899,0.3932280535898895,0.1763436169223285,0.1703243807790229,0.3884551295375513,0.3549054364137459,0.1215412586941559,0.4940264358869368,0.0271888304842827,0.1382544893206497,0.1726193091697602,0.2820151625975169,0.1173588308652793,0.4350179494038233,0.3194604776109101,0.0994301447030447,0.5116340330112615,0.3245975700550232,0.1017381803024034,0.5105296107151349,0.5,0.5
final_cubic_student_t3_026,cubic_student_t3,cubic,student_t3,700146,0.2923965432688825,0.1372974223398985,0.5,0.2023065265122832,0.1247443010128899,0.3648004464390471,0.2580629588380991,0.1703243807790229,0.4701744714533218,0.1973387608236405,0.1215412586941559,0.3364597602968314,0.0823932747191264,0.1382544893206497,0.227823753404604,0.1822846077824305,0.1173588308652793,0.3352873945887369,0.1650855823764605,0.0994301447030447,0.3572591377768119,0.1659412696546466,0.1017381803024034,0.3518733103147583,0.07692307692307698,0.923076923076923
final_cubic_student_t3_027,cubic_student_t3,cubic,student_t3,700147,0.2923965432688825,0.1372974223398985,0.5,0.2721788356451731,0.1247443010128899,0.434672755571937,0.2121498877553483,0.1703243807790229,0.424261400370571,0.353281037696322,0.1215412586941559,0.4924020371695129,0.0786326522496601,0.1382544893206497,0.2240631309351376,0.287052529651381,0.1173588308652793,0.4400553164576874,0.2913648852922073,0.0994301447030447,0.4835384406925587,0.3360213361232556,0.1017381803024034,0.5219533767833673,0.5384615384615384,0.46153846153846156
final_cubic_student_t3_028,cubic_student_t3,cubic,student_t3,700148,0.2923965432688825,0.1372974223398985,0.5,0.1928620270610083,0.1247443010128899,0.3553559469877722,0.1457242155991668,0.1703243807790229,0.3578357282143895,0.3077978736084567,0.1215412586941559,0.4469188730816475,-0.1257024982789311,0.1382544893206497,0.0197279804065463,0.2563348670618346,0.1173588308652793,0.4093376538681411,0.2566882323046879,0.0994301447030447,0.4488617877050393,0.2643482544032016,0.1017381803024034,0.4502802950633133,0.4285714285714287,0.5714285714285713
final_cubic_student_t3_029,cubic_student_t3,cubic,student_t3,700149,0.2923965432688825,0.1372974223398985,0.5,0.2217972624776051,0.1247443010128899,0.3842911824043691,0.2258699879685516,0.1703243807790229,0.4379815005837744,0.2103339505630305,0.1215412586941559,0.3494549500362214,-0.0267542496024768,0.1382544893206497,0.1186762290830006,0.1597010445749948,0.1173588308652793,0.3127038313813012,0.1839720015433507,0.0994301447030447,0.3761455569437021,0.1905913338285881,0.1017381803024034,0.3765233744886998,0.4545454545454546,0.5454545454545454
final_cubic_centered_lognormal_000,cubic_centered_lognormal,cubic,centered_lognormal,700150,0.2923965432688825,0.1372974223398985,0.5,0.3580755113536023,0.1247443010128899,0.5205694312803663,0.1143504085253386,0.1703243807790229,0.3264619211405614,0.3175442659129993,0.1215412586941559,0.4566652653861902,0.0163372353479971,0.1382544893206497,0.1617677140334747,0.2850947920724712,0.1173588308652793,0.4380975788787776,0.3857620919302096,0.0994301447030447,0.577935647330561,0.3689631362544411,0.1017381803024034,0.5548951769145528,0.3793103448275862,0.6206896551724138
final_cubic_centered_lognormal_001,cubic_centered_lognormal,cubic,centered_lognormal,700151,0.2923965432688825,0.1372974223398985,0.5,0.2785449033635703,0.1247443010128899,0.4410388232903343,0.1450642130360396,0.1703243807790229,0.3571757256512623,0.2785586966948288,0.1215412586941559,0.4176796961680197,0.0151423025593306,0.1382544893206497,0.1605727812448081,0.1774817245207119,0.1173588308652793,0.3304845113270184,0.2737455239326761,0.0994301447030447,0.4659190793330275,0.2500893682143653,0.1017381803024034,0.4360214088744769,0.33333333333333337,0.6666666666666666
final_cubic_centered_lognormal_002,cubic_centered_lognormal,cubic,centered_lognormal,700152,0.2923965432688825,0.1372974223398985,0.5,0.2717781049100779,0.1247443010128899,0.4342720248368418,-0.1952310989613115,0.1703243807790229,0.0168804136539111,0.3094222723258803,0.1215412586941559,0.4485432717990712,0.0492673121376257,0.1382544893206497,0.1946977908231033,0.8033815356161587,0.1173588308652793,0.9563843224224652,0.3026609266878816,0.0994301447030447,0.494834482088233,0.2886583201875228,0.1017381803024034,0.4745903608476345,0.3529411764705883,0.6470588235294117
final_cubic_centered_lognormal_003,cubic_centered_lognormal,cubic,centered_lognormal,700153,0.2923965432688825,0.1372974223398985,0.5,0.3456437326346901,0.1247443010128899,0.508137652561454,0.1374912256465665,0.1703243807790229,0.3496027382617893,0.4020129992190352,0.1215412586941559,0.5411339986922261,-0.0236302512876025,0.1382544893206497,0.121800227397875,0.3646212441229214,0.1173588308652793,0.5176240309292279,0.4008902374450169,0.0994301447030447,0.5930637928453684,0.4308692466934565,0.1017381803024034,0.6168012873535682,0.4117647058823529,0.5882352941176471
final_cubic_centered_lognormal_004,cubic_centered_lognormal,cubic,centered_lognormal,700154,0.2923965432688825,0.1372974223398985,0.5,0.389470447349678,0.1247443010128899,0.551964367276442,0.1192082079631571,0.1703243807790229,0.3313197205783799,0.4020129992190352,0.1215412586941559,0.5411339986922261,0.0180132794209837,0.1382544893206497,0.1634437581064612,0.2598411458856731,0.1173588308652793,0.4128439326919795,0.4543244724128801,0.0994301447030447,0.6464980278132315,0.471824449239015,0.1017381803024034,0.6577564898991267,0.38888888888888884,0.6111111111111112
final_cubic_centered_lognormal_005,cubic_centered_lognormal,cubic,centered_lognormal,700155,0.2923965432688825,0.1372974223398985,0.5,0.3376794237110095,0.1247443010128899,0.5001733436377735,0.1483413420035676,0.1703243807790229,0.3604528546187903,0.3662762274357123,0.1215412586941559,0.5053972269089032,-0.0261146064363146,0.1382544893206497,0.1193158722491629,0.3208775423657976,0.1173588308652793,0.473880329172104,0.3849969990736825,0.0994301447030447,0.577170554474034,0.3922324667427189,0.1017381803024034,0.5781645074028305,0.33333333333333337,0.6666666666666666
final_cubic_centered_lognormal_006,cubic_centered_lognormal,cubic,centered_lognormal,700156,0.2923965432688825,0.1372974223398985,0.5,0.3352255457822614,0.1247443010128899,0.4977194657090253,0.0963240628684958,0.1703243807790229,0.3084355754837185,0.2379487287592347,0.1215412586941559,0.3770697282324255,-0.0204731749037579,0.1382544893206497,0.1249573037817195,0.1800710115491204,0.1173588308652793,0.3330737983554268,0.2666850076282501,0.0994301447030447,0.4588585630286015,0.2591756097542788,0.1017381803024034,0.4451076504143904,0.29999999999999993,0.7000000000000001
final_cubic_centered_lognormal_007,cubic_centered_lognormal,cubic,centered_lognormal,700157,0.2923965432688825,0.1372974223398985,0.5,0.3118450560007866,0.1247443010128899,0.4743389759275505,0.0981976392984117,0.1703243807790229,0.3103091519136345,0.262314709520591,0.1215412586941559,0.4014357089937819,0.0265131056533296,0.1382544893206497,0.1719435843388072,0.3626328737837083,0.1173588308652793,0.5156356605900148,0.2915174021161602,0.0994301447030447,0.4836909575165116,0.2738980855995014,0.1017381803024034,0.4598301262596131,0.40740740740740733,0.5925925925925927
final_cubic_centered_lognormal_008,cubic_centered_lognormal,cubic,centered_lognormal,700158,0.2923965432688825,0.1372974223398985,0.5,0.222403119578388,0.1247443010128899,0.3848970395051519,0.135638571556974,0.1703243807790229,0.3477500841721967,0.2119583492804544,0.1215412586941559,0.3510793487536453,0.0451434951048112,0.1382544893206497,0.1905739737902887,0.118907997170836,0.1173588308652793,0.2719107839771424,0.2167441483718059,0.0994301447030447,0.4089177037721573,0.2118186294710263,0.1017381803024034,0.397750670131138,0.11111111111111105,0.888888888888889
final_cubic_centered_lognormal_009,cubic_centered_lognormal,cubic,centered_lognormal,700159,0.2923965432688825,0.1372974223398985,0.5,0.2607360145039137,0.1247443010128899,0.4232299344306776,0.1836203234488073,0.1703243807790229,0.39573183606403,0.2541927159334722,0.1215412586941559,0.3933137154066631,0.0020164272676006,0.1382544893206497,0.1474469059530782,0.2493987626238809,0.1173588308652793,0.4024015494301873,0.2129554685025896,0.0994301447030447,0.405129023902941,0.1942064266102404,0.1017381803024034,0.380138467270352,0.30434782608695654,0.6956521739130435
final_cubic_centered_lognormal_010,cubic_centered_lognormal,cubic,centered_lognormal,700160,0.2923965432688825,0.1372974223398985,0.5,0.3276755722232226,0.1247443010128899,0.4901694921499865,0.079006057791418,0.1703243807790229,0.2911175704066407,0.4799841376553759,0.1215412586941559,0.6191051371285669,0.0527040994562613,0.1382544893206497,0.1981345781417388,0.2537680728321557,0.1173588308652793,0.4067708596384621,0.4389362211593802,0.0994301447030447,0.6311097765597317,0.4437300255796228,0.1017381803024034,0.6296620662397345,0.5263157894736842,0.4736842105263158
final_cubic_centered_lognormal_011,cubic_centered_lognormal,cubic,centered_lognormal,700161,0.2923965432688825,0.1372974223398985,0.5,0.327185632748348,0.1247443010128899,0.4896795526751119,0.1715675580451388,0.1703243807790229,0.3836790706603615,0.4150081889584252,0.1215412586941559,0.5541291884316162,-0.0227536817994477,0.1382544893206497,0.1226767968860297,0.3772301240238959,0.1173588308652793,0.5302329108302024,0.4455884966978813,0.0994301447030447,0.6377620520982328,0.4398914500508951,0.1017381803024034,0.6258234907110067,0.47619047619047616,0.5238095238095238
final_cubic_centered_lognormal_012,cubic_centered_lognormal,cubic,centered_lognormal,700162,0.2923965432688825,0.1372974223398985,0.5,0.3254147740755843,0.1247443010128899,0.4879086940023482,0.1721859242663459,0.1703243807790229,0.3842974368815686,0.3061734748910327,0.1215412586941559,0.4452944743642236,0.0490822439955326,0.1382544893206497,0.1945127226810101,0.1906650491012846,0.1173588308652793,0.343667835907591,0.2655293907428817,0.0994301447030447,0.4577029461432331,0.2880324300622874,0.1017381803024034,0.4739644707223991,0.19999999999999996,0.8
final_cubic_centered_lognormal_013,cubic_centered_lognormal,cubic,centered_lognormal,700163,0.2923965432688825,0.1372974223398985,0.5,0.257127123337757,0.1247443010128899,0.4196210432645209,0.1212277046108016,0.1703243807790229,0.3333392172260243,0.2022119569759117,0.1215412586941559,0.3413329564491026,0.0216007318294308,0.1382544893206497,0.1670312105149083,0.2529884208328029,0.1173588308652793,0.4059912076391093,0.2063681536569586,0.0994301447030447,0.39854170905731,0.1959518891259671,0.1017381803024034,0.3818839297860787,0.375,0.625
final_cubic_centered_lognormal_014,cubic_centered_lognormal,cubic,centered_lognormal,700164,0.2923965432688825,0.1372974223398985,0.5,0.3045838944052083,0.1247443010128899,0.4670778143319722,0.1225353025207246,0.1703243807790229,0.3346468151359473,0.2899294877167952,0.1215412586941559,0.4290504871899861,0.0236252842203047,0.1382544893206497,0.1690557629057822,0.4244313652177871,0.1173588308652793,0.5774341520240935,0.2497488405487919,0.0994301447030447,0.4419223959491433,0.2665988769769115,0.1017381803024034,0.4525309176370232,0.3913043478260869,0.6086956521739131
final_cubic_centered_lognormal_015,cubic_centered_lognormal,cubic,centered_lognormal,700165,0.2923965432688825,0.1372974223398985,0.5,0.3215876515854838,0.1247443010128899,0.4840815715122478,0.1104357458697778,0.1703243807790229,0.3225472584850005,0.3126710697607279,0.1215412586941559,0.4517920692339188,0.0425544724622709,0.1382544893206497,0.1879849511477485,0.1501817058127064,0.1173588308652793,0.3031844926190128,0.3112386079992095,0.0994301447030447,0.503412163399561,0.3247038207659584,0.1017381803024034,0.5106358614260701,0.5384615384615385,0.4615384615384615
final_cubic_centered_lognormal_016,cubic_centered_lognormal,cubic,centered_lognormal,700166,0.2923965432688825,0.1372974223398985,0.5,0.3341879958358837,0.1247443010128899,0.4966819157626477,0.1214166829134101,0.1703243807790229,0.3335281955286329,0.2785586966948288,0.1215412586941559,0.4176796961680197,-0.0948867854762354,0.1382544893206497,0.050543693209242,0.2240517009838411,0.1173588308652793,0.3770544877901476,0.2923244184431138,0.0994301447030447,0.4844979738434652,0.3190264284074803,0.1017381803024034,0.504958469067592,0.5,0.5
final_cubic_centered_lognormal_017,cubic_centered_lognormal,cubic,centered_lognormal,700167,0.2923965432688825,0.1372974223398985,0.5,0.2583198640987053,0.1247443010128899,0.4208137840254692,0.1479117455744752,0.1703243807790229,0.3600232581896979,0.2217047415849969,0.1215412586941559,0.3608257410581877,0.0325407007642657,0.1382544893206497,0.1779711794497433,0.0938035946161731,0.1173588308652793,0.2468063814224795,0.1941606229432102,0.0994301447030447,0.3863341783435616,0.1973179369376152,0.1017381803024034,0.3832499775977269,0.1578947368421052,0.8421052631578948
final_cubic_centered_lognormal_018,cubic_centered_lognormal,cubic,centered_lognormal,700168,0.2923965432688825,0.1372974223398985,0.5,0.3410996650361699,0.1247443010128899,0.5035935849629338,0.1255914408219658,0.1703243807790229,0.3377029534371886,0.3549054364137459,0.1215412586941559,0.4940264358869368,0.0008730015010257,0.1382544893206497,0.1463034801865033,0.3349996836896233,0.1173588308652793,0.4880024704959297,0.3480905556779313,0.0994301447030447,0.5402641110782828,0.3623736204214945,0.1017381803024034,0.5483056610816062,0.4117647058823529,0.5882352941176471
final_cubic_centered_lognormal_019,cubic_centered_lognormal,cubic,centered_lognormal,700169,0.2923965432688825,0.1372974223398985,0.5,0.350889357318489,0.1247443010128899,0.5133832772452529,0.1243607472056541,0.1703243807790229,0.3364722598208768,0.298051481303914,0.1215412586941559,0.4371724807771049,-0.0163432847506718,0.1382544893206497,0.1290871939348056,0.2285972056382521,0.1173588308652793,0.3815999924445585,0.3428694383676337,0.0994301447030447,0.5350429937679851,0.3517410348483124,0.1017381803024034,0.537673075508424,0.33333333333333337,0.6666666666666666
final_cubic_centered_lognormal_020,cubic_centered_lognormal,cubic,centered_lognormal,700170,0.2923965432688825,0.1372974223398985,0.5,0.2625456360970581,0.1247443010128899,0.4250395560238221,0.1286839815762643,0.1703243807790229,0.340795494191487,0.4247545812629679,0.1215412586941559,0.5638755807361588,-0.02693238489227,0.1382544893206497,0.1184980937932074,0.232282255155919,0.1173588308652793,0.3852850419622254,0.3406777601693067,0.0994301447030447,0.5328513155696581,0.3650472537796356,0.1017381803024034,0.5509792944397472,0.3513513513513514,0.6486486486486486
final_cubic_centered_lognormal_021,cubic_centered_lognormal,cubic,centered_lognormal,700171,0.2923965432688825,0.1372974223398985,0.5,0.3615503258733654,0.1247443010128899,0.5240442458001293,0.126948608072584,0.1703243807790229,0.3390601206878067,0.4345009735675106,0.1215412586941559,0.5736219730407015,0.0056142257726044,0.1382544893206497,0.151044704458082,0.2902721313536665,0.1173588308652793,0.4432749181599729,0.4323636869047189,0.0994301447030447,0.6245372423050704,0.4421833653638612,0.1017381803024034,0.6281154060239729,0.4444444444444444,0.5555555555555556
final_cubic_centered_lognormal_022,cubic_centered_lognormal,cubic,centered_lognormal,700172,0.2923965432688825,0.1372974223398985,0.5,0.286157245448371,0.1247443010128899,0.4486511653751349,0.1564227187821159,0.1703243807790229,0.3685342313973386,0.2217047415849969,0.1215412586941559,0.3608257410581877,-0.0359567109640436,0.1382544893206497,0.1094737677214339,0.1090370883652969,0.1173588308652793,0.2620398751716034,0.1991994749606863,0.0994301447030447,0.3913730303610377,0.2056695688396307,0.1017381803024034,0.3916016094997424,0.1428571428571429,0.8571428571428571
final_cubic_centered_lognormal_023,cubic_centered_lognormal,cubic,centered_lognormal,700173,0.2923965432688825,0.1372974223398985,0.5,0.3714616192522106,0.1247443010128899,0.5339555391789745,0.1036784945156079,0.1703243807790229,0.3157900071308306,0.4361253722849343,0.1215412586941559,0.5752463717581252,-0.0196617093424109,0.1382544893206497,0.1257687693430665,0.2995241172205202,0.1173588308652793,0.4525269040268266,0.4066300166414112,0.0994301447030447,0.5988035720417626,0.4319058091723625,0.1017381803024034,0.6178378498324741,0.38888888888888884,0.6111111111111112
final_cubic_centered_lognormal_024,cubic_centered_lognormal,cubic,centered_lognormal,700174,0.2923965432688825,0.1372974223398985,0.5,0.2529884782089065,0.1247443010128899,0.4154823981356704,0.0723241778961723,0.1703243807790229,0.284435690511395,0.27043670310771,0.1215412586941559,0.4095577025809009,0.0483020187871694,0.1382544893206497,0.1937324974726469,0.0829207194263009,0.1173588308652793,0.2359235062326073,0.2234206573316658,0.0994301447030447,0.4155942127320172,0.2362350847015177,0.1017381803024034,0.4221671253616294,0.18181818181818177,0.8181818181818182
final_cubic_centered_lognormal_025,cubic_centered_lognormal,cubic,centered_lognormal,700175,0.2923965432688825,0.1372974223398985,0.5,0.3057399682943611,0.1247443010128899,0.468233888221125,0.1355465376867024,0.1703243807790229,0.3476580503019251,0.2476951210637771,0.1215412586941559,0.386816120536968,0.0564267259496998,0.1382544893206497,0.2018572046351774,0.159503592225405,0.1173588308652793,0.3125063790317115,0.3591880237396312,0.0994301447030447,0.5513615791399826,0.3395483494834024,0.1017381803024034,0.5254803901435141,0.30434782608695643,0.6956521739130436
final_cubic_centered_lognormal_026,cubic_centered_lognormal,cubic,centered_lognormal,700176,0.2923965432688825,0.1372974223398985,0.5,0.277372139314273,0.1247443010128899,0.439866059241037,0.1880132007487935,0.1703243807790229,0.4001247133640162,0.2558171146508962,0.1215412586941559,0.3949381141240871,-0.0410887727590724,0.1382544893206497,0.104341705926405,0.1913048810988198,0.1173588308652793,0.3443076679051263,0.2248017788874426,0.0994301447030447,0.416975334287794,0.2156967202094086,0.1017381803024034,0.4016287608695203,0.4,0.6
final_cubic_centered_lognormal_027,cubic_centered_lognormal,cubic,centered_lognormal,700177,0.2923965432688825,0.1372974223398985,0.5,0.2641628266154773,0.1247443010128899,0.4266567465422413,0.0115173607265821,0.1703243807790229,0.2236288733418048,0.2379487287592347,0.1215412586941559,0.3770697282324255,-0.0150821135486465,0.1382544893206497,0.130348365136831,0.5689662737505676,0.1173588308652793,0.721969060556874,0.2307325070682594,0.0994301447030447,0.4229060624686108,0.2169633940613119,0.1017381803024034,0.4028954347214236,0.23076923076923084,0.7692307692307692
final_cubic_centered_lognormal_028,cubic_centered_lognormal,cubic,centered_lognormal,700178,0.2923965432688825,0.1372974223398985,0.5,0.2523667328244913,0.1247443010128899,0.4148606527512552,0.1553560019473207,0.1703243807790229,0.3674675145625434,0.2883050889993716,0.1215412586941559,0.4274260884725624,0.0355011485138785,0.1382544893206497,0.180931627199356,0.1421938537190744,0.1173588308652793,0.2951966405253808,0.2936687239305345,0.0994301447030447,0.485842279330886,0.2897809758726495,0.1017381803024034,0.4757130165327612,0.23076923076923073,0.7692307692307693
final_cubic_centered_lognormal_029,cubic_centered_lognormal,cubic,centered_lognormal,700179,0.2923965432688825,0.1372974223398985,0.5,0.2991025287306654,0.1247443010128899,0.4615964486574293,-0.1235817059252366,0.1703243807790229,0.088529806689986,0.2753098992599813,0.1215412586941559,0.4144308987331722,0.0234658395020527,0.1382544893206497,0.1688963181875303,0.7563949467949964,0.1173588308652793,0.9093977336013028,0.2279610134144467,0.0994301447030447,0.4201345688147981,0.237676753640831,0.1017381803024034,0.4236087943009427,0.1578947368421052,0.8421052631578948
