task_id,split,domain,mechanism,noise,task_index,graph_seed,N,D,lambda,generator_mechanism,dataset_path,full_raw_path,source
final_arctan_gaussian_000,final,arctan_gaussian,arctan,gaussian,0,700000,1000,10,,,gate4_risk_certificate/cache/datasets/final_arctan_gaussian_000.npz,gate4_risk_certificate/cache/full_predictions/final_arctan_gaussian_000.npz,gate4_new_final
final_arctan_gaussian_001,final,arctan_gaussian,arctan,gaussian,1,700001,1000,10,,,gate4_risk_certificate/cache/datasets/final_arctan_gaussian_001.npz,gate4_risk_certificate/cache/full_predictions/final_arctan_gaussian_001.npz,gate4_new_final
final_arctan_gaussian_002,final,arctan_gaussian,arctan,gaussian,2,700002,1000,10,,,gate4_risk_certificate/cache/datasets/final_arctan_gaussian_002.npz,gate4_risk_certificate/cache/full_predictions/final_arctan_gaussian_002.npz,gate4_new_final
final_arctan_gaussian_003,final,arctan_gaussian,arctan,gaussian,3,700003,1000,10,,,gate4_risk_certificate/cache/datasets/final_arctan_gaussian_003.npz,gate4_risk_certificate/cache/full_predictions/final_arctan_gaussian_003.npz,gate4_new_final
final_arctan_gaussian_004,final,arctan_gaussian,arctan,gaussian,4,700004,1000,10,,,gate4_risk_certificate/cache/datasets/final_arctan_gaussian_004.npz,gate4_risk_certificate/cache/full_predictions/final_arctan_gaussian_004.npz,gate4_new_final
final_arctan_gaussian_005,final,arctan_gaussian,arctan,gaussian,5,700005,1000,10,,,gate4_risk_certificate/cache/datasets/final_arctan_gaussian_005.npz,gate4_risk_certificate/cache/full_predictions/final_arctan_gaussian_005.npz,gate4_new_final
final_arctan_gaussian_006,final,arctan_gaussian,arctan,gaussian,6,700006,1000,10,,,gate4_risk_certificate/cache/datasets/final_arctan_gaussian_006.npz,gate4_risk_certificate/cache/full_predictions/final_arctan_gaussian_006.npz,gate4_new_final
final_arctan_gaussian_007,final,arctan_gaussian,arctan,gaussian,7,700007,1000,10,,,gate4_risk_certificate/cache/datasets/final_arctan_gaussian_007.npz,gate4_risk_certificate/cache/full_predictions/final_arctan_gaussian_007.npz,gate4_new_final
final_arctan_gaussian_008,final,arctan_gaussian,arctan,gaussian,8,700008,1000,10,,,gate4_risk_certificate/cache/datasets/final_arctan_gaussian_008.npz,gate4_risk_certificate/cache/full_predictions/final_arctan_gaussian_008.npz,gate4_new_final
final_arctan_gaussian_009,final,arctan_gaussian,arctan,gaussian,9,700009,1000,10,,,gate4_risk_certificate/cache/datasets/final_arctan_gaussian_009.npz,gate4_risk_certificate/cache/full_predictions/final_arctan_gaussian_009.npz,gate4_new_final
final_arctan_gaussian_010,final,arctan_gaussian,arctan,gaussian,10,700010,1000,10,,,gate4_risk_certificate/cache/datasets/final_arctan_gaussian_010.npz,gate4_risk_certificate/cache/full_predictions/final_arctan_gaussian_010.npz,gate4_new_final
final_arctan_gaussian_011,final,arctan_gaussian,arctan,gaussian,11,700011,1000,10,,,gate4_risk_certificate/cache/datasets/final_arctan_gaussian_011.npz,gate4_risk_certificate/cache/full_predictions/final_arctan_gaussian_011.npz,gate4_new_final
final_arctan_gaussian_012,final,arctan_gaussian,arctan,gaussian,12,700012,1000,10,,,gate4_risk_certificate/cache/datasets/final_arctan_gaussian_012.npz,gate4_risk_certificate/cache/full_predictions/final_arctan_gaussian_012.npz,gate4_new_final
final_arctan_gaussian_013,final,arctan_gaussian,arctan,gaussian,13,700013,1000,10,,,gate4_risk_certificate/cache/datasets/final_arctan_gaussian_013.npz,gate4_risk_certificate/cache/full_predictions/final_arctan_gaussian_013.npz,gate4_new_final
final_arctan_gaussian_014,final,arctan_gaussian,arctan,gaussian,14,700014,1000,10,,,gate4_risk_certificate/cache/datasets/final_arctan_gaussian_014.npz,gate4_risk_certificate/cache/full_predictions/final_arctan_gaussian_014.npz,gate4_new_final
final_arctan_gaussian_015,final,arctan_gaussian,arctan,gaussian,15,700015,1000,10,,,gate4_risk_certificate/cache/datasets/final_arctan_gaussian_015.npz,gate4_risk_certificate/cache/full_predictions/final_arctan_gaussian_015.npz,gate4_new_final
final_arctan_gaussian_016,final,arctan_gaussian,arctan,gaussian,16,700016,1000,10,,,gate4_risk_certificate/cache/datasets/final_arctan_gaussian_016.npz,gate4_risk_certificate/cache/full_predictions/final_arctan_gaussian_016.npz,gate4_new_final
final_arctan_gaussian_017,final,arctan_gaussian,arctan,gaussian,17,700017,1000,10,,,gate4_risk_certificate/cache/datasets/final_arctan_gaussian_017.npz,gate4_risk_certificate/cache/full_predictions/final_arctan_gaussian_017.npz,gate4_new_final
final_arctan_gaussian_018,final,arctan_gaussian,arctan,gaussian,18,700018,1000,10,,,gate4_risk_certificate/cache/datasets/final_arctan_gaussian_018.npz,gate4_risk_certificate/cache/full_predictions/final_arctan_gaussian_018.npz,gate4_new_final
final_arctan_gaussian_019,final,arctan_gaussian,arctan,gaussian,19,700019,1000,10,,,gate4_risk_certificate/cache/datasets/final_arctan_gaussian_019.npz,gate4_risk_certificate/cache/full_predictions/final_arctan_gaussian_019.npz,gate4_new_final
final_arctan_gaussian_020,final,arctan_gaussian,arctan,gaussian,20,700020,1000,10,,,gate4_risk_certificate/cache/datasets/final_arctan_gaussian_020.npz,gate4_risk_certificate/cache/full_predictions/final_arctan_gaussian_020.npz,gate4_new_final
final_arctan_gaussian_021,final,arctan_gaussian,arctan,gaussian,21,700021,1000,10,,,gate4_risk_certificate/cache/datasets/final_arctan_gaussian_021.npz,gate4_risk_certificate/cache/full_predictions/final_arctan_gaussian_021.npz,gate4_new_final
final_arctan_gaussian_022,final,arctan_gaussian,arctan,gaussian,22,700022,1000,10,,,gate4_risk_certificate/cache/datasets/final_arctan_gaussian_022.npz,gate4_risk_certificate/cache/full_predictions/final_arctan_gaussian_022.npz,gate4_new_final
final_arctan_gaussian_023,final,arctan_gaussian,arctan,gaussian,23,700023,1000,10,,,gate4_risk_certificate/cache/datasets/final_arctan_gaussian_023.npz,gate4_risk_certificate/cache/full_predictions/final_arctan_gaussian_023.npz,gate4_new_final
final_arctan_gaussian_024,final,arctan_gaussian,arctan,gaussian,24,700024,1000,10,,,gate4_risk_certificate/cache/datasets/final_arctan_gaussian_024.npz,gate4_risk_certificate/cache/full_predictions/final_arctan_gaussian_024.npz,gate4_new_final
final_arctan_gaussian_025,final,arctan_gaussian,arctan,gaussian,25,700025,1000,10,,,gate4_risk_certificate/cache/datasets/final_arctan_gaussian_025.npz,gate4_risk_certificate/cache/full_predictions/final_arctan_gaussian_025.npz,gate4_new_final
final_arctan_gaussian_026,final,arctan_gaussian,arctan,gaussian,26,700026,1000,10,,,gate4_risk_certificate/cache/datasets/final_arctan_gaussian_026.npz,gate4_risk_certificate/cache/full_predictions/final_arctan_gaussian_026.npz,gate4_new_final
final_arctan_gaussian_027,final,arctan_gaussian,arctan,gaussian,27,700027,1000,10,,,gate4_risk_certificate/cache/datasets/final_arctan_gaussian_027.npz,gate4_risk_certificate/cache/full_predictions/final_arctan_gaussian_027.npz,gate4_new_final
final_arctan_gaussian_028,final,arctan_gaussian,arctan,gaussian,28,700028,1000,10,,,gate4_risk_certificate/cache/datasets/final_arctan_gaussian_028.npz,gate4_risk_certificate/cache/full_predictions/final_arctan_gaussian_028.npz,gate4_new_final
final_arctan_gaussian_029,final,arctan_gaussian,arctan,gaussian,29,700029,1000,10,,,gate4_risk_certificate/cache/datasets/final_arctan_gaussian_029.npz,gate4_risk_certificate/cache/full_predictions/final_arctan_gaussian_029.npz,gate4_new_final
final_arctan_student_t3_000,final,arctan_student_t3,arctan,student_t3,0,700030,1000,10,,,gate4_risk_certificate/cache/datasets/final_arctan_student_t3_000.npz,gate4_risk_certificate/cache/full_predictions/final_arctan_student_t3_000.npz,gate4_new_final
final_arctan_student_t3_001,final,arctan_student_t3,arctan,student_t3,1,700031,1000,10,,,gate4_risk_certificate/cache/datasets/final_arctan_student_t3_001.npz,gate4_risk_certificate/cache/full_predictions/final_arctan_student_t3_001.npz,gate4_new_final
final_arctan_student_t3_002,final,arctan_student_t3,arctan,student_t3,2,700032,1000,10,,,gate4_risk_certificate/cache/datasets/final_arctan_student_t3_002.npz,gate4_risk_certificate/cache/full_predictions/final_arctan_student_t3_002.npz,gate4_new_final
final_arctan_student_t3_003,final,arctan_student_t3,arctan,student_t3,3,700033,1000,10,,,gate4_risk_certificate/cache/datasets/final_arctan_student_t3_003.npz,gate4_risk_certificate/cache/full_predictions/final_arctan_student_t3_003.npz,gate4_new_final
final_arctan_student_t3_004,final,arctan_student_t3,arctan,student_t3,4,700034,1000,10,,,gate4_risk_certificate/cache/datasets/final_arctan_student_t3_004.npz,gate4_risk_certificate/cache/full_predictions/final_arctan_student_t3_004.npz,gate4_new_final
final_arctan_student_t3_005,final,arctan_student_t3,arctan,student_t3,5,700035,1000,10,,,gate4_risk_certificate/cache/datasets/final_arctan_student_t3_005.npz,gate4_risk_certificate/cache/full_predictions/final_arctan_student_t3_005.npz,gate4_new_final
final_arctan_student_t3_006,final,arctan_student_t3,arctan,student_t3,6,700036,1000,10,,,gate4_risk_certificate/cache/datasets/final_arctan_student_t3_006.npz,gate4_risk_certificate/cache/full_predictions/final_arctan_student_t3_006.npz,gate4_new_final
final_arctan_student_t3_007,final,arctan_student_t3,arctan,student_t3,7,700037,1000,10,,,gate4_risk_certificate/cache/datasets/final_arctan_student_t3_007.npz,gate4_risk_certificate/cache/full_predictions/final_arctan_student_t3_007.npz,gate4_new_final
final_arctan_student_t3_008,final,arctan_student_t3,arctan,student_t3,8,700038,1000,10,,,gate4_risk_certificate/cache/datasets/final_arctan_student_t3_008.npz,gate4_risk_certificate/cache/full_predictions/final_arctan_student_t3_008.npz,gate4_new_final
final_arctan_student_t3_009,final,arctan_student_t3,arctan,student_t3,9,700039,1000,10,,,gate4_risk_certificate/cache/datasets/final_arctan_student_t3_009.npz,gate4_risk_certificate/cache/full_predictions/final_arctan_student_t3_009.npz,gate4_new_final
final_arctan_student_t3_010,final,arctan_student_t3,arctan,student_t3,10,700040,1000,10,,,gate4_risk_certificate/cache/datasets/final_arctan_student_t3_010.npz,gate4_risk_certificate/cache/full_predictions/final_arctan_student_t3_010.npz,gate4_new_final
final_arctan_student_t3_011,final,arctan_student_t3,arctan,student_t3,11,700041,1000,10,,,gate4_risk_certificate/cache/datasets/final_arctan_student_t3_011.npz,gate4_risk_certificate/cache/full_predictions/final_arctan_student_t3_011.npz,gate4_new_final
final_arctan_student_t3_012,final,arctan_student_t3,arctan,student_t3,12,700042,1000,10,,,gate4_risk_certificate/cache/datasets/final_arctan_student_t3_012.npz,gate4_risk_certificate/cache/full_predictions/final_arctan_student_t3_012.npz,gate4_new_final
final_arctan_student_t3_013,final,arctan_student_t3,arctan,student_t3,13,700043,1000,10,,,gate4_risk_certificate/cache/datasets/final_arctan_student_t3_013.npz,gate4_risk_certificate/cache/full_predictions/final_arctan_student_t3_013.npz,gate4_new_final
final_arctan_student_t3_014,final,arctan_student_t3,arctan,student_t3,14,700044,1000,10,,,gate4_risk_certificate/cache/datasets/final_arctan_student_t3_014.npz,gate4_risk_certificate/cache/full_predictions/final_arctan_student_t3_014.npz,gate4_new_final
final_arctan_student_t3_015,final,arctan_student_t3,arctan,student_t3,15,700045,1000,10,,,gate4_risk_certificate/cache/datasets/final_arctan_student_t3_015.npz,gate4_risk_certificate/cache/full_predictions/final_arctan_student_t3_015.npz,gate4_new_final
final_arctan_student_t3_016,final,arctan_student_t3,arctan,student_t3,16,700046,1000,10,,,gate4_risk_certificate/cache/datasets/final_arctan_student_t3_016.npz,gate4_risk_certificate/cache/full_predictions/final_arctan_student_t3_016.npz,gate4_new_final
final_arctan_student_t3_017,final,arctan_student_t3,arctan,student_t3,17,700047,1000,10,,,gate4_risk_certificate/cache/datasets/final_arctan_student_t3_017.npz,gate4_risk_certificate/cache/full_predictions/final_arctan_student_t3_017.npz,gate4_new_final
final_arctan_student_t3_018,final,arctan_student_t3,arctan,student_t3,18,700048,1000,10,,,gate4_risk_certificate/cache/datasets/final_arctan_student_t3_018.npz,gate4_risk_certificate/cache/full_predictions/final_arctan_student_t3_018.npz,gate4_new_final
final_arctan_student_t3_019,final,arctan_student_t3,arctan,student_t3,19,700049,1000,10,,,gate4_risk_certificate/cache/datasets/final_arctan_student_t3_019.npz,gate4_risk_certificate/cache/full_predictions/final_arctan_student_t3_019.npz,gate4_new_final
final_arctan_student_t3_020,final,arctan_student_t3,arctan,student_t3,20,700050,1000,10,,,gate4_risk_certificate/cache/datasets/final_arctan_student_t3_020.npz,gate4_risk_certificate/cache/full_predictions/final_arctan_student_t3_020.npz,gate4_new_final
final_arctan_student_t3_021,final,arctan_student_t3,arctan,student_t3,21,700051,1000,10,,,gate4_risk_certificate/cache/datasets/final_arctan_student_t3_021.npz,gate4_risk_certificate/cache/full_predictions/final_arctan_student_t3_021.npz,gate4_new_final
final_arctan_student_t3_022,final,arctan_student_t3,arctan,student_t3,22,700052,1000,10,,,gate4_risk_certificate/cache/datasets/final_arctan_student_t3_022.npz,gate4_risk_certificate/cache/full_predictions/final_arctan_student_t3_022.npz,gate4_new_final
final_arctan_student_t3_023,final,arctan_student_t3,arctan,student_t3,23,700053,1000,10,,,gate4_risk_certificate/cache/datasets/final_arctan_student_t3_023.npz,gate4_risk_certificate/cache/full_predictions/final_arctan_student_t3_023.npz,gate4_new_final
final_arctan_student_t3_024,final,arctan_student_t3,arctan,student_t3,24,700054,1000,10,,,gate4_risk_certificate/cache/datasets/final_arctan_student_t3_024.npz,gate4_risk_certificate/cache/full_predictions/final_arctan_student_t3_024.npz,gate4_new_final
final_arctan_student_t3_025,final,arctan_student_t3,arctan,student_t3,25,700055,1000,10,,,gate4_risk_certificate/cache/datasets/final_arctan_student_t3_025.npz,gate4_risk_certificate/cache/full_predictions/final_arctan_student_t3_025.npz,gate4_new_final
final_arctan_student_t3_026,final,arctan_student_t3,arctan,student_t3,26,700056,1000,10,,,gate4_risk_certificate/cache/datasets/final_arctan_student_t3_026.npz,gate4_risk_certificate/cache/full_predictions/final_arctan_student_t3_026.npz,gate4_new_final
final_arctan_student_t3_027,final,arctan_student_t3,arctan,student_t3,27,700057,1000,10,,,gate4_risk_certificate/cache/datasets/final_arctan_student_t3_027.npz,gate4_risk_certificate/cache/full_predictions/final_arctan_student_t3_027.npz,gate4_new_final
final_arctan_student_t3_028,final,arctan_student_t3,arctan,student_t3,28,700058,1000,10,,,gate4_risk_certificate/cache/datasets/final_arctan_student_t3_028.npz,gate4_risk_certificate/cache/full_predictions/final_arctan_student_t3_028.npz,gate4_new_final
final_arctan_student_t3_029,final,arctan_student_t3,arctan,student_t3,29,700059,1000,10,,,gate4_risk_certificate/cache/datasets/final_arctan_student_t3_029.npz,gate4_risk_certificate/cache/full_predictions/final_arctan_student_t3_029.npz,gate4_new_final
final_arctan_centered_lognormal_000,final,arctan_centered_lognormal,arctan,centered_lognormal,0,700060,1000,10,,,gate4_risk_certificate/cache/datasets/final_arctan_centered_lognormal_000.npz,gate4_risk_certificate/cache/full_predictions/final_arctan_centered_lognormal_000.npz,gate4_new_final
final_arctan_centered_lognormal_001,final,arctan_centered_lognormal,arctan,centered_lognormal,1,700061,1000,10,,,gate4_risk_certificate/cache/datasets/final_arctan_centered_lognormal_001.npz,gate4_risk_certificate/cache/full_predictions/final_arctan_centered_lognormal_001.npz,gate4_new_final
final_arctan_centered_lognormal_002,final,arctan_centered_lognormal,arctan,centered_lognormal,2,700062,1000,10,,,gate4_risk_certificate/cache/datasets/final_arctan_centered_lognormal_002.npz,gate4_risk_certificate/cache/full_predictions/final_arctan_centered_lognormal_002.npz,gate4_new_final
final_arctan_centered_lognormal_003,final,arctan_centered_lognormal,arctan,centered_lognormal,3,700063,1000,10,,,gate4_risk_certificate/cache/datasets/final_arctan_centered_lognormal_003.npz,gate4_risk_certificate/cache/full_predictions/final_arctan_centered_lognormal_003.npz,gate4_new_final
final_arctan_centered_lognormal_004,final,arctan_centered_lognormal,arctan,centered_lognormal,4,700064,1000,10,,,gate4_risk_certificate/cache/datasets/final_arctan_centered_lognormal_004.npz,gate4_risk_certificate/cache/full_predictions/final_arctan_centered_lognormal_004.npz,gate4_new_final
final_arctan_centered_lognormal_005,final,arctan_centered_lognormal,arctan,centered_lognormal,5,700065,1000,10,,,gate4_risk_certificate/cache/datasets/final_arctan_centered_lognormal_005.npz,gate4_risk_certificate/cache/full_predictions/final_arctan_centered_lognormal_005.npz,gate4_new_final
final_arctan_centered_lognormal_006,final,arctan_centered_lognormal,arctan,centered_lognormal,6,700066,1000,10,,,gate4_risk_certificate/cache/datasets/final_arctan_centered_lognormal_006.npz,gate4_risk_certificate/cache/full_predictions/final_arctan_centered_lognormal_006.npz,gate4_new_final
final_arctan_centered_lognormal_007,final,arctan_centered_lognormal,arctan,centered_lognormal,7,700067,1000,10,,,gate4_risk_certificate/cache/datasets/final_arctan_centered_lognormal_007.npz,gate4_risk_certificate/cache/full_predictions/final_arctan_centered_lognormal_007.npz,gate4_new_final
final_arctan_centered_lognormal_008,final,arctan_centered_lognormal,arctan,centered_lognormal,8,700068,1000,10,,,gate4_risk_certificate/cache/datasets/final_arctan_centered_lognormal_008.npz,gate4_risk_certificate/cache/full_predictions/final_arctan_centered_lognormal_008.npz,gate4_new_final
final_arctan_centered_lognormal_009,final,arctan_centered_lognormal,arctan,centered_lognormal,9,700069,1000,10,,,gate4_risk_certificate/cache/datasets/final_arctan_centered_lognormal_009.npz,gate4_risk_certificate/cache/full_predictions/final_arctan_centered_lognormal_009.npz,gate4_new_final
final_arctan_centered_lognormal_010,final,arctan_centered_lognormal,arctan,centered_lognormal,10,700070,1000,10,,,gate4_risk_certificate/cache/datasets/final_arctan_centered_lognormal_010.npz,gate4_risk_certificate/cache/full_predictions/final_arctan_centered_lognormal_010.npz,gate4_new_final
final_arctan_centered_lognormal_011,final,arctan_centered_lognormal,arctan,centered_lognormal,11,700071,1000,10,,,gate4_risk_certificate/cache/datasets/final_arctan_centered_lognormal_011.npz,gate4_risk_certificate/cache/full_predictions/final_arctan_centered_lognormal_011.npz,gate4_new_final
final_arctan_centered_lognormal_012,final,arctan_centered_lognormal,arctan,centered_lognormal,12,700072,1000,10,,,gate4_risk_certificate/cache/datasets/final_arctan_centered_lognormal_012.npz,gate4_risk_certificate/cache/full_predictions/final_arctan_centered_lognormal_012.npz,gate4_new_final
final_arctan_centered_lognormal_013,final,arctan_centered_lognormal,arctan,centered_lognormal,13,700073,1000,10,,,gate4_risk_certificate/cache/datasets/final_arctan_centered_lognormal_013.npz,gate4_risk_certificate/cache/full_predictions/final_arctan_centered_lognormal_013.npz,gate4_new_final
final_arctan_centered_lognormal_014,final,arctan_centered_lognormal,arctan,centered_lognormal,14,700074,1000,10,,,gate4_risk_certificate/cache/datasets/final_arctan_centered_lognormal_014.npz,gate4_risk_certificate/cache/full_predictions/final_arctan_centered_lognormal_014.npz,gate4_new_final
final_arctan_centered_lognormal_015,final,arctan_centered_lognormal,arctan,centered_lognormal,15,700075,1000,10,,,gate4_risk_certificate/cache/datasets/final_arctan_centered_lognormal_015.npz,gate4_risk_certificate/cache/full_predictions/final_arctan_centered_lognormal_015.npz,gate4_new_final
final_arctan_centered_lognormal_016,final,arctan_centered_lognormal,arctan,centered_lognormal,16,700076,1000,10,,,gate4_risk_certificate/cache/datasets/final_arctan_centered_lognormal_016.npz,gate4_risk_certificate/cache/full_predictions/final_arctan_centered_lognormal_016.npz,gate4_new_final
final_arctan_centered_lognormal_017,final,arctan_centered_lognormal,arctan,centered_lognormal,17,700077,1000,10,,,gate4_risk_certificate/cache/datasets/final_arctan_centered_lognormal_017.npz,gate4_risk_certificate/cache/full_predictions/final_arctan_centered_lognormal_017.npz,gate4_new_final
final_arctan_centered_lognormal_018,final,arctan_centered_lognormal,arctan,centered_lognormal,18,700078,1000,10,,,gate4_risk_certificate/cache/datasets/final_arctan_centered_lognormal_018.npz,gate4_risk_certificate/cache/full_predictions/final_arctan_centered_lognormal_018.npz,gate4_new_final
final_arctan_centered_lognormal_019,final,arctan_centered_lognormal,arctan,centered_lognormal,19,700079,1000,10,,,gate4_risk_certificate/cache/datasets/final_arctan_centered_lognormal_019.npz,gate4_risk_certificate/cache/full_predictions/final_arctan_centered_lognormal_019.npz,gate4_new_final
final_arctan_centered_lognormal_020,final,arctan_centered_lognormal,arctan,centered_lognormal,20,700080,1000,10,,,gate4_risk_certificate/cache/datasets/final_arctan_centered_lognormal_020.npz,gate4_risk_certificate/cache/full_predictions/final_arctan_centered_lognormal_020.npz,gate4_new_final
final_arctan_centered_lognormal_021,final,arctan_centered_lognormal,arctan,centered_lognormal,21,700081,1000,10,,,gate4_risk_certificate/cache/datasets/final_arctan_centered_lognormal_021.npz,gate4_risk_certificate/cache/full_predictions/final_arctan_centered_lognormal_021.npz,gate4_new_final
final_arctan_centered_lognormal_022,final,arctan_centered_lognormal,arctan,centered_lognormal,22,700082,1000,10,,,gate4_risk_certificate/cache/datasets/final_arctan_centered_lognormal_022.npz,gate4_risk_certificate/cache/full_predictions/final_arctan_centered_lognormal_022.npz,gate4_new_final
final_arctan_centered_lognormal_023,final,arctan_centered_lognormal,arctan,centered_lognormal,23,700083,1000,10,,,gate4_risk_certificate/cache/datasets/final_arctan_centered_lognormal_023.npz,gate4_risk_certificate/cache/full_predictions/final_arctan_centered_lognormal_023.npz,gate4_new_final
final_arctan_centered_lognormal_024,final,arctan_centered_lognormal,arctan,centered_lognormal,24,700084,1000,10,,,gate4_risk_certificate/cache/datasets/final_arctan_centered_lognormal_024.npz,gate4_risk_certificate/cache/full_predictions/final_arctan_centered_lognormal_024.npz,gate4_new_final
final_arctan_centered_lognormal_025,final,arctan_centered_lognormal,arctan,centered_lognormal,25,700085,1000,10,,,gate4_risk_certificate/cache/datasets/final_arctan_centered_lognormal_025.npz,gate4_risk_certificate/cache/full_predictions/final_arctan_centered_lognormal_025.npz,gate4_new_final
final_arctan_centered_lognormal_026,final,arctan_centered_lognormal,arctan,centered_lognormal,26,700086,1000,10,,,gate4_risk_certificate/cache/datasets/final_arctan_centered_lognormal_026.npz,gate4_risk_certificate/cache/full_predictions/final_arctan_centered_lognormal_026.npz,gate4_new_final
final_arctan_centered_lognormal_027,final,arctan_centered_lognormal,arctan,centered_lognormal,27,700087,1000,10,,,gate4_risk_certificate/cache/datasets/final_arctan_centered_lognormal_027.npz,gate4_risk_certificate/cache/full_predictions/final_arctan_centered_lognormal_027.npz,gate4_new_final
final_arctan_centered_lognormal_028,final,arctan_centered_lognormal,arctan,centered_lognormal,28,700088,1000,10,,,gate4_risk_certificate/cache/datasets/final_arctan_centered_lognormal_028.npz,gate4_risk_certificate/cache/full_predictions/final_arctan_centered_lognormal_028.npz,gate4_new_final
final_arctan_centered_lognormal_029,final,arctan_centered_lognormal,arctan,centered_lognormal,29,700089,1000,10,,,gate4_risk_certificate/cache/datasets/final_arctan_centered_lognormal_029.npz,gate4_risk_certificate/cache/full_predictions/final_arctan_centered_lognormal_029.npz,gate4_new_final
final_cubic_gaussian_000,final,cubic_gaussian,cubic,gaussian,0,700090,1000,10,,,gate4_risk_certificate/cache/datasets/final_cubic_gaussian_000.npz,gate4_risk_certificate/cache/full_predictions/final_cubic_gaussian_000.npz,gate4_new_final
final_cubic_gaussian_001,final,cubic_gaussian,cubic,gaussian,1,700091,1000,10,,,gate4_risk_certificate/cache/datasets/final_cubic_gaussian_001.npz,gate4_risk_certificate/cache/full_predictions/final_cubic_gaussian_001.npz,gate4_new_final
final_cubic_gaussian_002,final,cubic_gaussian,cubic,gaussian,2,700092,1000,10,,,gate4_risk_certificate/cache/datasets/final_cubic_gaussian_002.npz,gate4_risk_certificate/cache/full_predictions/final_cubic_gaussian_002.npz,gate4_new_final
final_cubic_gaussian_003,final,cubic_gaussian,cubic,gaussian,3,700093,1000,10,,,gate4_risk_certificate/cache/datasets/final_cubic_gaussian_003.npz,gate4_risk_certificate/cache/full_predictions/final_cubic_gaussian_003.npz,gate4_new_final
final_cubic_gaussian_004,final,cubic_gaussian,cubic,gaussian,4,700094,1000,10,,,gate4_risk_certificate/cache/datasets/final_cubic_gaussian_004.npz,gate4_risk_certificate/cache/full_predictions/final_cubic_gaussian_004.npz,gate4_new_final
final_cubic_gaussian_005,final,cubic_gaussian,cubic,gaussian,5,700095,1000,10,,,gate4_risk_certificate/cache/datasets/final_cubic_gaussian_005.npz,gate4_risk_certificate/cache/full_predictions/final_cubic_gaussian_005.npz,gate4_new_final
final_cubic_gaussian_006,final,cubic_gaussian,cubic,gaussian,6,700096,1000,10,,,gate4_risk_certificate/cache/datasets/final_cubic_gaussian_006.npz,gate4_risk_certificate/cache/full_predictions/final_cubic_gaussian_006.npz,gate4_new_final
final_cubic_gaussian_007,final,cubic_gaussian,cubic,gaussian,7,700097,1000,10,,,gate4_risk_certificate/cache/datasets/final_cubic_gaussian_007.npz,gate4_risk_certificate/cache/full_predictions/final_cubic_gaussian_007.npz,gate4_new_final
final_cubic_gaussian_008,final,cubic_gaussian,cubic,gaussian,8,700098,1000,10,,,gate4_risk_certificate/cache/datasets/final_cubic_gaussian_008.npz,gate4_risk_certificate/cache/full_predictions/final_cubic_gaussian_008.npz,gate4_new_final
final_cubic_gaussian_009,final,cubic_gaussian,cubic,gaussian,9,700099,1000,10,,,gate4_risk_certificate/cache/datasets/final_cubic_gaussian_009.npz,gate4_risk_certificate/cache/full_predictions/final_cubic_gaussian_009.npz,gate4_new_final
final_cubic_gaussian_010,final,cubic_gaussian,cubic,gaussian,10,700100,1000,10,,,gate4_risk_certificate/cache/datasets/final_cubic_gaussian_010.npz,gate4_risk_certificate/cache/full_predictions/final_cubic_gaussian_010.npz,gate4_new_final
final_cubic_gaussian_011,final,cubic_gaussian,cubic,gaussian,11,700101,1000,10,,,gate4_risk_certificate/cache/datasets/final_cubic_gaussian_011.npz,gate4_risk_certificate/cache/full_predictions/final_cubic_gaussian_011.npz,gate4_new_final
final_cubic_gaussian_012,final,cubic_gaussian,cubic,gaussian,12,700102,1000,10,,,gate4_risk_certificate/cache/datasets/final_cubic_gaussian_012.npz,gate4_risk_certificate/cache/full_predictions/final_cubic_gaussian_012.npz,gate4_new_final
final_cubic_gaussian_013,final,cubic_gaussian,cubic,gaussian,13,700103,1000,10,,,gate4_risk_certificate/cache/datasets/final_cubic_gaussian_013.npz,gate4_risk_certificate/cache/full_predictions/final_cubic_gaussian_013.npz,gate4_new_final
final_cubic_gaussian_014,final,cubic_gaussian,cubic,gaussian,14,700104,1000,10,,,gate4_risk_certificate/cache/datasets/final_cubic_gaussian_014.npz,gate4_risk_certificate/cache/full_predictions/final_cubic_gaussian_014.npz,gate4_new_final
final_cubic_gaussian_015,final,cubic_gaussian,cubic,gaussian,15,700105,1000,10,,,gate4_risk_certificate/cache/datasets/final_cubic_gaussian_015.npz,gate4_risk_certificate/cache/full_predictions/final_cubic_gaussian_015.npz,gate4_new_final
final_cubic_gaussian_016,final,cubic_gaussian,cubic,gaussian,16,700106,1000,10,,,gate4_risk_certificate/cache/datasets/final_cubic_gaussian_016.npz,gate4_risk_certificate/cache/full_predictions/final_cubic_gaussian_016.npz,gate4_new_final
final_cubic_gaussian_017,final,cubic_gaussian,cubic,gaussian,17,700107,1000,10,,,gate4_risk_certificate/cache/datasets/final_cubic_gaussian_017.npz,gate4_risk_certificate/cache/full_predictions/final_cubic_gaussian_017.npz,gate4_new_final
final_cubic_gaussian_018,final,cubic_gaussian,cubic,gaussian,18,700108,1000,10,,,gate4_risk_certificate/cache/datasets/final_cubic_gaussian_018.npz,gate4_risk_certificate/cache/full_predictions/final_cubic_gaussian_018.npz,gate4_new_final
final_cubic_gaussian_019,final,cubic_gaussian,cubic,gaussian,19,700109,1000,10,,,gate4_risk_certificate/cache/datasets/final_cubic_gaussian_019.npz,gate4_risk_certificate/cache/full_predictions/final_cubic_gaussian_019.npz,gate4_new_final
final_cubic_gaussian_020,final,cubic_gaussian,cubic,gaussian,20,700110,1000,10,,,gate4_risk_certificate/cache/datasets/final_cubic_gaussian_020.npz,gate4_risk_certificate/cache/full_predictions/final_cubic_gaussian_020.npz,gate4_new_final
final_cubic_gaussian_021,final,cubic_gaussian,cubic,gaussian,21,700111,1000,10,,,gate4_risk_certificate/cache/datasets/final_cubic_gaussian_021.npz,gate4_risk_certificate/cache/full_predictions/final_cubic_gaussian_021.npz,gate4_new_final
final_cubic_gaussian_022,final,cubic_gaussian,cubic,gaussian,22,700112,1000,10,,,gate4_risk_certificate/cache/datasets/final_cubic_gaussian_022.npz,gate4_risk_certificate/cache/full_predictions/final_cubic_gaussian_022.npz,gate4_new_final
final_cubic_gaussian_023,final,cubic_gaussian,cubic,gaussian,23,700113,1000,10,,,gate4_risk_certificate/cache/datasets/final_cubic_gaussian_023.npz,gate4_risk_certificate/cache/full_predictions/final_cubic_gaussian_023.npz,gate4_new_final
final_cubic_gaussian_024,final,cubic_gaussian,cubic,gaussian,24,700114,1000,10,,,gate4_risk_certificate/cache/datasets/final_cubic_gaussian_024.npz,gate4_risk_certificate/cache/full_predictions/final_cubic_gaussian_024.npz,gate4_new_final
final_cubic_gaussian_025,final,cubic_gaussian,cubic,gaussian,25,700115,1000,10,,,gate4_risk_certificate/cache/datasets/final_cubic_gaussian_025.npz,gate4_risk_certificate/cache/full_predictions/final_cubic_gaussian_025.npz,gate4_new_final
final_cubic_gaussian_026,final,cubic_gaussian,cubic,gaussian,26,700116,1000,10,,,gate4_risk_certificate/cache/datasets/final_cubic_gaussian_026.npz,gate4_risk_certificate/cache/full_predictions/final_cubic_gaussian_026.npz,gate4_new_final
final_cubic_gaussian_027,final,cubic_gaussian,cubic,gaussian,27,700117,1000,10,,,gate4_risk_certificate/cache/datasets/final_cubic_gaussian_027.npz,gate4_risk_certificate/cache/full_predictions/final_cubic_gaussian_027.npz,gate4_new_final
final_cubic_gaussian_028,final,cubic_gaussian,cubic,gaussian,28,700118,1000,10,,,gate4_risk_certificate/cache/datasets/final_cubic_gaussian_028.npz,gate4_risk_certificate/cache/full_predictions/final_cubic_gaussian_028.npz,gate4_new_final
final_cubic_gaussian_029,final,cubic_gaussian,cubic,gaussian,29,700119,1000,10,,,gate4_risk_certificate/cache/datasets/final_cubic_gaussian_029.npz,gate4_risk_certificate/cache/full_predictions/final_cubic_gaussian_029.npz,gate4_new_final
final_cubic_student_t3_000,final,cubic_student_t3,cubic,student_t3,0,700120,1000,10,,,gate4_risk_certificate/cache/datasets/final_cubic_student_t3_000.npz,gate4_risk_certificate/cache/full_predictions/final_cubic_student_t3_000.npz,gate4_new_final
final_cubic_student_t3_001,final,cubic_student_t3,cubic,student_t3,1,700121,1000,10,,,gate4_risk_certificate/cache/datasets/final_cubic_student_t3_001.npz,gate4_risk_certificate/cache/full_predictions/final_cubic_student_t3_001.npz,gate4_new_final
final_cubic_student_t3_002,final,cubic_student_t3,cubic,student_t3,2,700122,1000,10,,,gate4_risk_certificate/cache/datasets/final_cubic_student_t3_002.npz,gate4_risk_certificate/cache/full_predictions/final_cubic_student_t3_002.npz,gate4_new_final
final_cubic_student_t3_003,final,cubic_student_t3,cubic,student_t3,3,700123,1000,10,,,gate4_risk_certificate/cache/datasets/final_cubic_student_t3_003.npz,gate4_risk_certificate/cache/full_predictions/final_cubic_student_t3_003.npz,gate4_new_final
final_cubic_student_t3_004,final,cubic_student_t3,cubic,student_t3,4,700124,1000,10,,,gate4_risk_certificate/cache/datasets/final_cubic_student_t3_004.npz,gate4_risk_certificate/cache/full_predictions/final_cubic_student_t3_004.npz,gate4_new_final
final_cubic_student_t3_005,final,cubic_student_t3,cubic,student_t3,5,700125,1000,10,,,gate4_risk_certificate/cache/datasets/final_cubic_student_t3_005.npz,gate4_risk_certificate/cache/full_predictions/final_cubic_student_t3_005.npz,gate4_new_final
final_cubic_student_t3_006,final,cubic_student_t3,cubic,student_t3,6,700126,1000,10,,,gate4_risk_certificate/cache/datasets/final_cubic_student_t3_006.npz,gate4_risk_certificate/cache/full_predictions/final_cubic_student_t3_006.npz,gate4_new_final
final_cubic_student_t3_007,final,cubic_student_t3,cubic,student_t3,7,700127,1000,10,,,gate4_risk_certificate/cache/datasets/final_cubic_student_t3_007.npz,gate4_risk_certificate/cache/full_predictions/final_cubic_student_t3_007.npz,gate4_new_final
final_cubic_student_t3_008,final,cubic_student_t3,cubic,student_t3,8,700128,1000,10,,,gate4_risk_certificate/cache/datasets/final_cubic_student_t3_008.npz,gate4_risk_certificate/cache/full_predictions/final_cubic_student_t3_008.npz,gate4_new_final
final_cubic_student_t3_009,final,cubic_student_t3,cubic,student_t3,9,700129,1000,10,,,gate4_risk_certificate/cache/datasets/final_cubic_student_t3_009.npz,gate4_risk_certificate/cache/full_predictions/final_cubic_student_t3_009.npz,gate4_new_final
final_cubic_student_t3_010,final,cubic_student_t3,cubic,student_t3,10,700130,1000,10,,,gate4_risk_certificate/cache/datasets/final_cubic_student_t3_010.npz,gate4_risk_certificate/cache/full_predictions/final_cubic_student_t3_010.npz,gate4_new_final
final_cubic_student_t3_011,final,cubic_student_t3,cubic,student_t3,11,700131,1000,10,,,gate4_risk_certificate/cache/datasets/final_cubic_student_t3_011.npz,gate4_risk_certificate/cache/full_predictions/final_cubic_student_t3_011.npz,gate4_new_final
final_cubic_student_t3_012,final,cubic_student_t3,cubic,student_t3,12,700132,1000,10,,,gate4_risk_certificate/cache/datasets/final_cubic_student_t3_012.npz,gate4_risk_certificate/cache/full_predictions/final_cubic_student_t3_012.npz,gate4_new_final
final_cubic_student_t3_013,final,cubic_student_t3,cubic,student_t3,13,700133,1000,10,,,gate4_risk_certificate/cache/datasets/final_cubic_student_t3_013.npz,gate4_risk_certificate/cache/full_predictions/final_cubic_student_t3_013.npz,gate4_new_final
final_cubic_student_t3_014,final,cubic_student_t3,cubic,student_t3,14,700134,1000,10,,,gate4_risk_certificate/cache/datasets/final_cubic_student_t3_014.npz,gate4_risk_certificate/cache/full_predictions/final_cubic_student_t3_014.npz,gate4_new_final
final_cubic_student_t3_015,final,cubic_student_t3,cubic,student_t3,15,700135,1000,10,,,gate4_risk_certificate/cache/datasets/final_cubic_student_t3_015.npz,gate4_risk_certificate/cache/full_predictions/final_cubic_student_t3_015.npz,gate4_new_final
final_cubic_student_t3_016,final,cubic_student_t3,cubic,student_t3,16,700136,1000,10,,,gate4_risk_certificate/cache/datasets/final_cubic_student_t3_016.npz,gate4_risk_certificate/cache/full_predictions/final_cubic_student_t3_016.npz,gate4_new_final
final_cubic_student_t3_017,final,cubic_student_t3,cubic,student_t3,17,700137,1000,10,,,gate4_risk_certificate/cache/datasets/final_cubic_student_t3_017.npz,gate4_risk_certificate/cache/full_predictions/final_cubic_student_t3_017.npz,gate4_new_final
final_cubic_student_t3_018,final,cubic_student_t3,cubic,student_t3,18,700138,1000,10,,,gate4_risk_certificate/cache/datasets/final_cubic_student_t3_018.npz,gate4_risk_certificate/cache/full_predictions/final_cubic_student_t3_018.npz,gate4_new_final
final_cubic_student_t3_019,final,cubic_student_t3,cubic,student_t3,19,700139,1000,10,,,gate4_risk_certificate/cache/datasets/final_cubic_student_t3_019.npz,gate4_risk_certificate/cache/full_predictions/final_cubic_student_t3_019.npz,gate4_new_final
final_cubic_student_t3_020,final,cubic_student_t3,cubic,student_t3,20,700140,1000,10,,,gate4_risk_certificate/cache/datasets/final_cubic_student_t3_020.npz,gate4_risk_certificate/cache/full_predictions/final_cubic_student_t3_020.npz,gate4_new_final
final_cubic_student_t3_021,final,cubic_student_t3,cubic,student_t3,21,700141,1000,10,,,gate4_risk_certificate/cache/datasets/final_cubic_student_t3_021.npz,gate4_risk_certificate/cache/full_predictions/final_cubic_student_t3_021.npz,gate4_new_final
final_cubic_student_t3_022,final,cubic_student_t3,cubic,student_t3,22,700142,1000,10,,,gate4_risk_certificate/cache/datasets/final_cubic_student_t3_022.npz,gate4_risk_certificate/cache/full_predictions/final_cubic_student_t3_022.npz,gate4_new_final
final_cubic_student_t3_023,final,cubic_student_t3,cubic,student_t3,23,700143,1000,10,,,gate4_risk_certificate/cache/datasets/final_cubic_student_t3_023.npz,gate4_risk_certificate/cache/full_predictions/final_cubic_student_t3_023.npz,gate4_new_final
final_cubic_student_t3_024,final,cubic_student_t3,cubic,student_t3,24,700144,1000,10,,,gate4_risk_certificate/cache/datasets/final_cubic_student_t3_024.npz,gate4_risk_certificate/cache/full_predictions/final_cubic_student_t3_024.npz,gate4_new_final
final_cubic_student_t3_025,final,cubic_student_t3,cubic,student_t3,25,700145,1000,10,,,gate4_risk_certificate/cache/datasets/final_cubic_student_t3_025.npz,gate4_risk_certificate/cache/full_predictions/final_cubic_student_t3_025.npz,gate4_new_final
final_cubic_student_t3_026,final,cubic_student_t3,cubic,student_t3,26,700146,1000,10,,,gate4_risk_certificate/cache/datasets/final_cubic_student_t3_026.npz,gate4_risk_certificate/cache/full_predictions/final_cubic_student_t3_026.npz,gate4_new_final
final_cubic_student_t3_027,final,cubic_student_t3,cubic,student_t3,27,700147,1000,10,,,gate4_risk_certificate/cache/datasets/final_cubic_student_t3_027.npz,gate4_risk_certificate/cache/full_predictions/final_cubic_student_t3_027.npz,gate4_new_final
final_cubic_student_t3_028,final,cubic_student_t3,cubic,student_t3,28,700148,1000,10,,,gate4_risk_certificate/cache/datasets/final_cubic_student_t3_028.npz,gate4_risk_certificate/cache/full_predictions/final_cubic_student_t3_028.npz,gate4_new_final
final_cubic_student_t3_029,final,cubic_student_t3,cubic,student_t3,29,700149,1000,10,,,gate4_risk_certificate/cache/datasets/final_cubic_student_t3_029.npz,gate4_risk_certificate/cache/full_predictions/final_cubic_student_t3_029.npz,gate4_new_final
final_cubic_centered_lognormal_000,final,cubic_centered_lognormal,cubic,centered_lognormal,0,700150,1000,10,,,gate4_risk_certificate/cache/datasets/final_cubic_centered_lognormal_000.npz,gate4_risk_certificate/cache/full_predictions/final_cubic_centered_lognormal_000.npz,gate4_new_final
final_cubic_centered_lognormal_001,final,cubic_centered_lognormal,cubic,centered_lognormal,1,700151,1000,10,,,gate4_risk_certificate/cache/datasets/final_cubic_centered_lognormal_001.npz,gate4_risk_certificate/cache/full_predictions/final_cubic_centered_lognormal_001.npz,gate4_new_final
final_cubic_centered_lognormal_002,final,cubic_centered_lognormal,cubic,centered_lognormal,2,700152,1000,10,,,gate4_risk_certificate/cache/datasets/final_cubic_centered_lognormal_002.npz,gate4_risk_certificate/cache/full_predictions/final_cubic_centered_lognormal_002.npz,gate4_new_final
final_cubic_centered_lognormal_003,final,cubic_centered_lognormal,cubic,centered_lognormal,3,700153,1000,10,,,gate4_risk_certificate/cache/datasets/final_cubic_centered_lognormal_003.npz,gate4_risk_certificate/cache/full_predictions/final_cubic_centered_lognormal_003.npz,gate4_new_final
final_cubic_centered_lognormal_004,final,cubic_centered_lognormal,cubic,centered_lognormal,4,700154,1000,10,,,gate4_risk_certificate/cache/datasets/final_cubic_centered_lognormal_004.npz,gate4_risk_certificate/cache/full_predictions/final_cubic_centered_lognormal_004.npz,gate4_new_final
final_cubic_centered_lognormal_005,final,cubic_centered_lognormal,cubic,centered_lognormal,5,700155,1000,10,,,gate4_risk_certificate/cache/datasets/final_cubic_centered_lognormal_005.npz,gate4_risk_certificate/cache/full_predictions/final_cubic_centered_lognormal_005.npz,gate4_new_final
final_cubic_centered_lognormal_006,final,cubic_centered_lognormal,cubic,centered_lognormal,6,700156,1000,10,,,gate4_risk_certificate/cache/datasets/final_cubic_centered_lognormal_006.npz,gate4_risk_certificate/cache/full_predictions/final_cubic_centered_lognormal_006.npz,gate4_new_final
final_cubic_centered_lognormal_007,final,cubic_centered_lognormal,cubic,centered_lognormal,7,700157,1000,10,,,gate4_risk_certificate/cache/datasets/final_cubic_centered_lognormal_007.npz,gate4_risk_certificate/cache/full_predictions/final_cubic_centered_lognormal_007.npz,gate4_new_final
final_cubic_centered_lognormal_008,final,cubic_centered_lognormal,cubic,centered_lognormal,8,700158,1000,10,,,gate4_risk_certificate/cache/datasets/final_cubic_centered_lognormal_008.npz,gate4_risk_certificate/cache/full_predictions/final_cubic_centered_lognormal_008.npz,gate4_new_final
final_cubic_centered_lognormal_009,final,cubic_centered_lognormal,cubic,centered_lognormal,9,700159,1000,10,,,gate4_risk_certificate/cache/datasets/final_cubic_centered_lognormal_009.npz,gate4_risk_certificate/cache/full_predictions/final_cubic_centered_lognormal_009.npz,gate4_new_final
final_cubic_centered_lognormal_010,final,cubic_centered_lognormal,cubic,centered_lognormal,10,700160,1000,10,,,gate4_risk_certificate/cache/datasets/final_cubic_centered_lognormal_010.npz,gate4_risk_certificate/cache/full_predictions/final_cubic_centered_lognormal_010.npz,gate4_new_final
final_cubic_centered_lognormal_011,final,cubic_centered_lognormal,cubic,centered_lognormal,11,700161,1000,10,,,gate4_risk_certificate/cache/datasets/final_cubic_centered_lognormal_011.npz,gate4_risk_certificate/cache/full_predictions/final_cubic_centered_lognormal_011.npz,gate4_new_final
final_cubic_centered_lognormal_012,final,cubic_centered_lognormal,cubic,centered_lognormal,12,700162,1000,10,,,gate4_risk_certificate/cache/datasets/final_cubic_centered_lognormal_012.npz,gate4_risk_certificate/cache/full_predictions/final_cubic_centered_lognormal_012.npz,gate4_new_final
final_cubic_centered_lognormal_013,final,cubic_centered_lognormal,cubic,centered_lognormal,13,700163,1000,10,,,gate4_risk_certificate/cache/datasets/final_cubic_centered_lognormal_013.npz,gate4_risk_certificate/cache/full_predictions/final_cubic_centered_lognormal_013.npz,gate4_new_final
final_cubic_centered_lognormal_014,final,cubic_centered_lognormal,cubic,centered_lognormal,14,700164,1000,10,,,gate4_risk_certificate/cache/datasets/final_cubic_centered_lognormal_014.npz,gate4_risk_certificate/cache/full_predictions/final_cubic_centered_lognormal_014.npz,gate4_new_final
final_cubic_centered_lognormal_015,final,cubic_centered_lognormal,cubic,centered_lognormal,15,700165,1000,10,,,gate4_risk_certificate/cache/datasets/final_cubic_centered_lognormal_015.npz,gate4_risk_certificate/cache/full_predictions/final_cubic_centered_lognormal_015.npz,gate4_new_final
final_cubic_centered_lognormal_016,final,cubic_centered_lognormal,cubic,centered_lognormal,16,700166,1000,10,,,gate4_risk_certificate/cache/datasets/final_cubic_centered_lognormal_016.npz,gate4_risk_certificate/cache/full_predictions/final_cubic_centered_lognormal_016.npz,gate4_new_final
final_cubic_centered_lognormal_017,final,cubic_centered_lognormal,cubic,centered_lognormal,17,700167,1000,10,,,gate4_risk_certificate/cache/datasets/final_cubic_centered_lognormal_017.npz,gate4_risk_certificate/cache/full_predictions/final_cubic_centered_lognormal_017.npz,gate4_new_final
final_cubic_centered_lognormal_018,final,cubic_centered_lognormal,cubic,centered_lognormal,18,700168,1000,10,,,gate4_risk_certificate/cache/datasets/final_cubic_centered_lognormal_018.npz,gate4_risk_certificate/cache/full_predictions/final_cubic_centered_lognormal_018.npz,gate4_new_final
final_cubic_centered_lognormal_019,final,cubic_centered_lognormal,cubic,centered_lognormal,19,700169,1000,10,,,gate4_risk_certificate/cache/datasets/final_cubic_centered_lognormal_019.npz,gate4_risk_certificate/cache/full_predictions/final_cubic_centered_lognormal_019.npz,gate4_new_final
final_cubic_centered_lognormal_020,final,cubic_centered_lognormal,cubic,centered_lognormal,20,700170,1000,10,,,gate4_risk_certificate/cache/datasets/final_cubic_centered_lognormal_020.npz,gate4_risk_certificate/cache/full_predictions/final_cubic_centered_lognormal_020.npz,gate4_new_final
final_cubic_centered_lognormal_021,final,cubic_centered_lognormal,cubic,centered_lognormal,21,700171,1000,10,,,gate4_risk_certificate/cache/datasets/final_cubic_centered_lognormal_021.npz,gate4_risk_certificate/cache/full_predictions/final_cubic_centered_lognormal_021.npz,gate4_new_final
final_cubic_centered_lognormal_022,final,cubic_centered_lognormal,cubic,centered_lognormal,22,700172,1000,10,,,gate4_risk_certificate/cache/datasets/final_cubic_centered_lognormal_022.npz,gate4_risk_certificate/cache/full_predictions/final_cubic_centered_lognormal_022.npz,gate4_new_final
final_cubic_centered_lognormal_023,final,cubic_centered_lognormal,cubic,centered_lognormal,23,700173,1000,10,,,gate4_risk_certificate/cache/datasets/final_cubic_centered_lognormal_023.npz,gate4_risk_certificate/cache/full_predictions/final_cubic_centered_lognormal_023.npz,gate4_new_final
final_cubic_centered_lognormal_024,final,cubic_centered_lognormal,cubic,centered_lognormal,24,700174,1000,10,,,gate4_risk_certificate/cache/datasets/final_cubic_centered_lognormal_024.npz,gate4_risk_certificate/cache/full_predictions/final_cubic_centered_lognormal_024.npz,gate4_new_final
final_cubic_centered_lognormal_025,final,cubic_centered_lognormal,cubic,centered_lognormal,25,700175,1000,10,,,gate4_risk_certificate/cache/datasets/final_cubic_centered_lognormal_025.npz,gate4_risk_certificate/cache/full_predictions/final_cubic_centered_lognormal_025.npz,gate4_new_final
final_cubic_centered_lognormal_026,final,cubic_centered_lognormal,cubic,centered_lognormal,26,700176,1000,10,,,gate4_risk_certificate/cache/datasets/final_cubic_centered_lognormal_026.npz,gate4_risk_certificate/cache/full_predictions/final_cubic_centered_lognormal_026.npz,gate4_new_final
final_cubic_centered_lognormal_027,final,cubic_centered_lognormal,cubic,centered_lognormal,27,700177,1000,10,,,gate4_risk_certificate/cache/datasets/final_cubic_centered_lognormal_027.npz,gate4_risk_certificate/cache/full_predictions/final_cubic_centered_lognormal_027.npz,gate4_new_final
final_cubic_centered_lognormal_028,final,cubic_centered_lognormal,cubic,centered_lognormal,28,700178,1000,10,,,gate4_risk_certificate/cache/datasets/final_cubic_centered_lognormal_028.npz,gate4_risk_certificate/cache/full_predictions/final_cubic_centered_lognormal_028.npz,gate4_new_final
final_cubic_centered_lognormal_029,final,cubic_centered_lognormal,cubic,centered_lognormal,29,700179,1000,10,,,gate4_risk_certificate/cache/datasets/final_cubic_centered_lognormal_029.npz,gate4_risk_certificate/cache/full_predictions/final_cubic_centered_lognormal_029.npz,gate4_new_final
